Filter Strip %,Till/No Till,Tilling Date,Fertilizer Composition,Spring Fertilizer Amount (kg/ha),Spring Fertilizer Date,Summer Fertilizer Amount (kg/ha),Fertilizer Application Method,Cover Crop,scenario
0,Till,1-Apr,26:13:00,0,1-Feb,0,Injection,Winter Rye,1
1,Till,1-Apr,26:13:00,0,1-Feb,0,Injection,Winter Rye,2
3,Till,1-Apr,26:13:00,0,1-Feb,0,Injection,Winter Rye,3
5,Till,1-Apr,26:13:00,0,1-Feb,0,Injection,Winter Rye,4
0,Till,15-Apr,26:13:00,0,1-Feb,0,Injection,Winter Rye,5
1,Till,15-Apr,26:13:00,0,1-Feb,0,Injection,Winter Rye,6
3,Till,15-Apr,26:13:00,0,1-Feb,0,Injection,Winter Rye,7
5,Till,15-Apr,26:13:00,0,1-Feb,0,Injection,Winter Rye,8
0,Till,1-Apr,28:10:10,0,1-Feb,0,Injection,Winter Rye,9
1,Till,1-Apr,28:10:10,0,1-Feb,0,Injection,Winter Rye,10
3,Till,1-Apr,28:10:10,0,1-Feb,0,Injection,Winter Rye,11
5,Till,1-Apr,28:10:10,0,1-Feb,0,Injection,Winter Rye,12
0,Till,15-Apr,28:10:10,0,1-Feb,0,Injection,Winter Rye,13
1,Till,15-Apr,28:10:10,0,1-Feb,0,Injection,Winter Rye,14
3,Till,15-Apr,28:10:10,0,1-Feb,0,Injection,Winter Rye,15
5,Till,15-Apr,28:10:10,0,1-Feb,0,Injection,Winter Rye,16
0,Till,1-Apr,Dairy Manure,0,1-Feb,0,Injection,Winter Rye,17
1,Till,1-Apr,Dairy Manure,0,1-Feb,0,Injection,Winter Rye,18
3,Till,1-Apr,Dairy Manure,0,1-Feb,0,Injection,Winter Rye,19
5,Till,1-Apr,Dairy Manure,0,1-Feb,0,Injection,Winter Rye,20
0,Till,15-Apr,Dairy Manure,0,1-Feb,0,Injection,Winter Rye,21
1,Till,15-Apr,Dairy Manure,0,1-Feb,0,Injection,Winter Rye,22
3,Till,15-Apr,Dairy Manure,0,1-Feb,0,Injection,Winter Rye,23
5,Till,15-Apr,Dairy Manure,0,1-Feb,0,Injection,Winter Rye,24
0,Till,1-Apr,26:13:00,140,1-Feb,0,Injection,Winter Rye,25
1,Till,1-Apr,26:13:00,140,1-Feb,0,Injection,Winter Rye,26
3,Till,1-Apr,26:13:00,140,1-Feb,0,Injection,Winter Rye,27
5,Till,1-Apr,26:13:00,140,1-Feb,0,Injection,Winter Rye,28
0,Till,15-Apr,26:13:00,140,1-Feb,0,Injection,Winter Rye,29
1,Till,15-Apr,26:13:00,140,1-Feb,0,Injection,Winter Rye,30
3,Till,15-Apr,26:13:00,140,1-Feb,0,Injection,Winter Rye,31
5,Till,15-Apr,26:13:00,140,1-Feb,0,Injection,Winter Rye,32
0,Till,1-Apr,28:10:10,140,1-Feb,0,Injection,Winter Rye,33
1,Till,1-Apr,28:10:10,140,1-Feb,0,Injection,Winter Rye,34
3,Till,1-Apr,28:10:10,140,1-Feb,0,Injection,Winter Rye,35
5,Till,1-Apr,28:10:10,140,1-Feb,0,Injection,Winter Rye,36
0,Till,15-Apr,28:10:10,140,1-Feb,0,Injection,Winter Rye,37
1,Till,15-Apr,28:10:10,140,1-Feb,0,Injection,Winter Rye,38
3,Till,15-Apr,28:10:10,140,1-Feb,0,Injection,Winter Rye,39
5,Till,15-Apr,28:10:10,140,1-Feb,0,Injection,Winter Rye,40
0,Till,1-Apr,Dairy Manure,140,1-Feb,0,Injection,Winter Rye,41
1,Till,1-Apr,Dairy Manure,140,1-Feb,0,Injection,Winter Rye,42
3,Till,1-Apr,Dairy Manure,140,1-Feb,0,Injection,Winter Rye,43
5,Till,1-Apr,Dairy Manure,140,1-Feb,0,Injection,Winter Rye,44
0,Till,15-Apr,Dairy Manure,140,1-Feb,0,Injection,Winter Rye,45
1,Till,15-Apr,Dairy Manure,140,1-Feb,0,Injection,Winter Rye,46
3,Till,15-Apr,Dairy Manure,140,1-Feb,0,Injection,Winter Rye,47
5,Till,15-Apr,Dairy Manure,140,1-Feb,0,Injection,Winter Rye,48
0,Till,1-Apr,26:13:00,280,1-Feb,0,Injection,Winter Rye,49
1,Till,1-Apr,26:13:00,280,1-Feb,0,Injection,Winter Rye,50
3,Till,1-Apr,26:13:00,280,1-Feb,0,Injection,Winter Rye,51
5,Till,1-Apr,26:13:00,280,1-Feb,0,Injection,Winter Rye,52
0,Till,15-Apr,26:13:00,280,1-Feb,0,Injection,Winter Rye,53
1,Till,15-Apr,26:13:00,280,1-Feb,0,Injection,Winter Rye,54
3,Till,15-Apr,26:13:00,280,1-Feb,0,Injection,Winter Rye,55
5,Till,15-Apr,26:13:00,280,1-Feb,0,Injection,Winter Rye,56
0,Till,1-Apr,28:10:10,280,1-Feb,0,Injection,Winter Rye,57
1,Till,1-Apr,28:10:10,280,1-Feb,0,Injection,Winter Rye,58
3,Till,1-Apr,28:10:10,280,1-Feb,0,Injection,Winter Rye,59
5,Till,1-Apr,28:10:10,280,1-Feb,0,Injection,Winter Rye,60
0,Till,15-Apr,28:10:10,280,1-Feb,0,Injection,Winter Rye,61
1,Till,15-Apr,28:10:10,280,1-Feb,0,Injection,Winter Rye,62
3,Till,15-Apr,28:10:10,280,1-Feb,0,Injection,Winter Rye,63
5,Till,15-Apr,28:10:10,280,1-Feb,0,Injection,Winter Rye,64
0,Till,1-Apr,Dairy Manure,280,1-Feb,0,Injection,Winter Rye,65
1,Till,1-Apr,Dairy Manure,280,1-Feb,0,Injection,Winter Rye,66
3,Till,1-Apr,Dairy Manure,280,1-Feb,0,Injection,Winter Rye,67
5,Till,1-Apr,Dairy Manure,280,1-Feb,0,Injection,Winter Rye,68
0,Till,15-Apr,Dairy Manure,280,1-Feb,0,Injection,Winter Rye,69
1,Till,15-Apr,Dairy Manure,280,1-Feb,0,Injection,Winter Rye,70
3,Till,15-Apr,Dairy Manure,280,1-Feb,0,Injection,Winter Rye,71
5,Till,15-Apr,Dairy Manure,280,1-Feb,0,Injection,Winter Rye,72
0,Till,1-Apr,26:13:00,560,1-Feb,0,Injection,Winter Rye,73
1,Till,1-Apr,26:13:00,560,1-Feb,0,Injection,Winter Rye,74
3,Till,1-Apr,26:13:00,560,1-Feb,0,Injection,Winter Rye,75
5,Till,1-Apr,26:13:00,560,1-Feb,0,Injection,Winter Rye,76
0,Till,15-Apr,26:13:00,560,1-Feb,0,Injection,Winter Rye,77
1,Till,15-Apr,26:13:00,560,1-Feb,0,Injection,Winter Rye,78
3,Till,15-Apr,26:13:00,560,1-Feb,0,Injection,Winter Rye,79
5,Till,15-Apr,26:13:00,560,1-Feb,0,Injection,Winter Rye,80
0,Till,1-Apr,28:10:10,560,1-Feb,0,Injection,Winter Rye,81
1,Till,1-Apr,28:10:10,560,1-Feb,0,Injection,Winter Rye,82
3,Till,1-Apr,28:10:10,560,1-Feb,0,Injection,Winter Rye,83
5,Till,1-Apr,28:10:10,560,1-Feb,0,Injection,Winter Rye,84
0,Till,15-Apr,28:10:10,560,1-Feb,0,Injection,Winter Rye,85
1,Till,15-Apr,28:10:10,560,1-Feb,0,Injection,Winter Rye,86
3,Till,15-Apr,28:10:10,560,1-Feb,0,Injection,Winter Rye,87
5,Till,15-Apr,28:10:10,560,1-Feb,0,Injection,Winter Rye,88
0,Till,1-Apr,Dairy Manure,560,1-Feb,0,Injection,Winter Rye,89
1,Till,1-Apr,Dairy Manure,560,1-Feb,0,Injection,Winter Rye,90
3,Till,1-Apr,Dairy Manure,560,1-Feb,0,Injection,Winter Rye,91
5,Till,1-Apr,Dairy Manure,560,1-Feb,0,Injection,Winter Rye,92
0,Till,15-Apr,Dairy Manure,560,1-Feb,0,Injection,Winter Rye,93
1,Till,15-Apr,Dairy Manure,560,1-Feb,0,Injection,Winter Rye,94
3,Till,15-Apr,Dairy Manure,560,1-Feb,0,Injection,Winter Rye,95
5,Till,15-Apr,Dairy Manure,560,1-Feb,0,Injection,Winter Rye,96
0,Till,1-Apr,26:13:00,1120,1-Feb,0,Injection,Winter Rye,97
1,Till,1-Apr,26:13:00,1120,1-Feb,0,Injection,Winter Rye,98
3,Till,1-Apr,26:13:00,1120,1-Feb,0,Injection,Winter Rye,99
5,Till,1-Apr,26:13:00,1120,1-Feb,0,Injection,Winter Rye,100
0,Till,15-Apr,26:13:00,1120,1-Feb,0,Injection,Winter Rye,101
1,Till,15-Apr,26:13:00,1120,1-Feb,0,Injection,Winter Rye,102
3,Till,15-Apr,26:13:00,1120,1-Feb,0,Injection,Winter Rye,103
5,Till,15-Apr,26:13:00,1120,1-Feb,0,Injection,Winter Rye,104
0,Till,1-Apr,28:10:10,1120,1-Feb,0,Injection,Winter Rye,105
1,Till,1-Apr,28:10:10,1120,1-Feb,0,Injection,Winter Rye,106
3,Till,1-Apr,28:10:10,1120,1-Feb,0,Injection,Winter Rye,107
5,Till,1-Apr,28:10:10,1120,1-Feb,0,Injection,Winter Rye,108
0,Till,15-Apr,28:10:10,1120,1-Feb,0,Injection,Winter Rye,109
1,Till,15-Apr,28:10:10,1120,1-Feb,0,Injection,Winter Rye,110
3,Till,15-Apr,28:10:10,1120,1-Feb,0,Injection,Winter Rye,111
5,Till,15-Apr,28:10:10,1120,1-Feb,0,Injection,Winter Rye,112
0,Till,1-Apr,Dairy Manure,1120,1-Feb,0,Injection,Winter Rye,113
1,Till,1-Apr,Dairy Manure,1120,1-Feb,0,Injection,Winter Rye,114
3,Till,1-Apr,Dairy Manure,1120,1-Feb,0,Injection,Winter Rye,115
5,Till,1-Apr,Dairy Manure,1120,1-Feb,0,Injection,Winter Rye,116
0,Till,15-Apr,Dairy Manure,1120,1-Feb,0,Injection,Winter Rye,117
1,Till,15-Apr,Dairy Manure,1120,1-Feb,0,Injection,Winter Rye,118
3,Till,15-Apr,Dairy Manure,1120,1-Feb,0,Injection,Winter Rye,119
5,Till,15-Apr,Dairy Manure,1120,1-Feb,0,Injection,Winter Rye,120
0,Till,1-Apr,26:13:00,0,1-May,0,Injection,Winter Rye,121
1,Till,1-Apr,26:13:00,0,1-May,0,Injection,Winter Rye,122
3,Till,1-Apr,26:13:00,0,1-May,0,Injection,Winter Rye,123
5,Till,1-Apr,26:13:00,0,1-May,0,Injection,Winter Rye,124
0,Till,15-Apr,26:13:00,0,1-May,0,Injection,Winter Rye,125
1,Till,15-Apr,26:13:00,0,1-May,0,Injection,Winter Rye,126
3,Till,15-Apr,26:13:00,0,1-May,0,Injection,Winter Rye,127
5,Till,15-Apr,26:13:00,0,1-May,0,Injection,Winter Rye,128
0,Till,1-Apr,28:10:10,0,1-May,0,Injection,Winter Rye,129
1,Till,1-Apr,28:10:10,0,1-May,0,Injection,Winter Rye,130
3,Till,1-Apr,28:10:10,0,1-May,0,Injection,Winter Rye,131
5,Till,1-Apr,28:10:10,0,1-May,0,Injection,Winter Rye,132
0,Till,15-Apr,28:10:10,0,1-May,0,Injection,Winter Rye,133
1,Till,15-Apr,28:10:10,0,1-May,0,Injection,Winter Rye,134
3,Till,15-Apr,28:10:10,0,1-May,0,Injection,Winter Rye,135
5,Till,15-Apr,28:10:10,0,1-May,0,Injection,Winter Rye,136
0,Till,1-Apr,Dairy Manure,0,1-May,0,Injection,Winter Rye,137
1,Till,1-Apr,Dairy Manure,0,1-May,0,Injection,Winter Rye,138
3,Till,1-Apr,Dairy Manure,0,1-May,0,Injection,Winter Rye,139
5,Till,1-Apr,Dairy Manure,0,1-May,0,Injection,Winter Rye,140
0,Till,15-Apr,Dairy Manure,0,1-May,0,Injection,Winter Rye,141
1,Till,15-Apr,Dairy Manure,0,1-May,0,Injection,Winter Rye,142
3,Till,15-Apr,Dairy Manure,0,1-May,0,Injection,Winter Rye,143
5,Till,15-Apr,Dairy Manure,0,1-May,0,Injection,Winter Rye,144
0,Till,1-Apr,26:13:00,140,1-May,0,Injection,Winter Rye,145
1,Till,1-Apr,26:13:00,140,1-May,0,Injection,Winter Rye,146
3,Till,1-Apr,26:13:00,140,1-May,0,Injection,Winter Rye,147
5,Till,1-Apr,26:13:00,140,1-May,0,Injection,Winter Rye,148
0,Till,15-Apr,26:13:00,140,1-May,0,Injection,Winter Rye,149
1,Till,15-Apr,26:13:00,140,1-May,0,Injection,Winter Rye,150
3,Till,15-Apr,26:13:00,140,1-May,0,Injection,Winter Rye,151
5,Till,15-Apr,26:13:00,140,1-May,0,Injection,Winter Rye,152
0,Till,1-Apr,28:10:10,140,1-May,0,Injection,Winter Rye,153
1,Till,1-Apr,28:10:10,140,1-May,0,Injection,Winter Rye,154
3,Till,1-Apr,28:10:10,140,1-May,0,Injection,Winter Rye,155
5,Till,1-Apr,28:10:10,140,1-May,0,Injection,Winter Rye,156
0,Till,15-Apr,28:10:10,140,1-May,0,Injection,Winter Rye,157
1,Till,15-Apr,28:10:10,140,1-May,0,Injection,Winter Rye,158
3,Till,15-Apr,28:10:10,140,1-May,0,Injection,Winter Rye,159
5,Till,15-Apr,28:10:10,140,1-May,0,Injection,Winter Rye,160
0,Till,1-Apr,Dairy Manure,140,1-May,0,Injection,Winter Rye,161
1,Till,1-Apr,Dairy Manure,140,1-May,0,Injection,Winter Rye,162
3,Till,1-Apr,Dairy Manure,140,1-May,0,Injection,Winter Rye,163
5,Till,1-Apr,Dairy Manure,140,1-May,0,Injection,Winter Rye,164
0,Till,15-Apr,Dairy Manure,140,1-May,0,Injection,Winter Rye,165
1,Till,15-Apr,Dairy Manure,140,1-May,0,Injection,Winter Rye,166
3,Till,15-Apr,Dairy Manure,140,1-May,0,Injection,Winter Rye,167
5,Till,15-Apr,Dairy Manure,140,1-May,0,Injection,Winter Rye,168
0,Till,1-Apr,26:13:00,280,1-May,0,Injection,Winter Rye,169
1,Till,1-Apr,26:13:00,280,1-May,0,Injection,Winter Rye,170
3,Till,1-Apr,26:13:00,280,1-May,0,Injection,Winter Rye,171
5,Till,1-Apr,26:13:00,280,1-May,0,Injection,Winter Rye,172
0,Till,15-Apr,26:13:00,280,1-May,0,Injection,Winter Rye,173
1,Till,15-Apr,26:13:00,280,1-May,0,Injection,Winter Rye,174
3,Till,15-Apr,26:13:00,280,1-May,0,Injection,Winter Rye,175
5,Till,15-Apr,26:13:00,280,1-May,0,Injection,Winter Rye,176
0,Till,1-Apr,28:10:10,280,1-May,0,Injection,Winter Rye,177
1,Till,1-Apr,28:10:10,280,1-May,0,Injection,Winter Rye,178
3,Till,1-Apr,28:10:10,280,1-May,0,Injection,Winter Rye,179
5,Till,1-Apr,28:10:10,280,1-May,0,Injection,Winter Rye,180
0,Till,15-Apr,28:10:10,280,1-May,0,Injection,Winter Rye,181
1,Till,15-Apr,28:10:10,280,1-May,0,Injection,Winter Rye,182
3,Till,15-Apr,28:10:10,280,1-May,0,Injection,Winter Rye,183
5,Till,15-Apr,28:10:10,280,1-May,0,Injection,Winter Rye,184
0,Till,1-Apr,Dairy Manure,280,1-May,0,Injection,Winter Rye,185
1,Till,1-Apr,Dairy Manure,280,1-May,0,Injection,Winter Rye,186
3,Till,1-Apr,Dairy Manure,280,1-May,0,Injection,Winter Rye,187
5,Till,1-Apr,Dairy Manure,280,1-May,0,Injection,Winter Rye,188
0,Till,15-Apr,Dairy Manure,280,1-May,0,Injection,Winter Rye,189
1,Till,15-Apr,Dairy Manure,280,1-May,0,Injection,Winter Rye,190
3,Till,15-Apr,Dairy Manure,280,1-May,0,Injection,Winter Rye,191
5,Till,15-Apr,Dairy Manure,280,1-May,0,Injection,Winter Rye,192
0,Till,1-Apr,26:13:00,560,1-May,0,Injection,Winter Rye,193
1,Till,1-Apr,26:13:00,560,1-May,0,Injection,Winter Rye,194
3,Till,1-Apr,26:13:00,560,1-May,0,Injection,Winter Rye,195
5,Till,1-Apr,26:13:00,560,1-May,0,Injection,Winter Rye,196
0,Till,15-Apr,26:13:00,560,1-May,0,Injection,Winter Rye,197
1,Till,15-Apr,26:13:00,560,1-May,0,Injection,Winter Rye,198
3,Till,15-Apr,26:13:00,560,1-May,0,Injection,Winter Rye,199
5,Till,15-Apr,26:13:00,560,1-May,0,Injection,Winter Rye,200
0,Till,1-Apr,28:10:10,560,1-May,0,Injection,Winter Rye,201
1,Till,1-Apr,28:10:10,560,1-May,0,Injection,Winter Rye,202
3,Till,1-Apr,28:10:10,560,1-May,0,Injection,Winter Rye,203
5,Till,1-Apr,28:10:10,560,1-May,0,Injection,Winter Rye,204
0,Till,15-Apr,28:10:10,560,1-May,0,Injection,Winter Rye,205
1,Till,15-Apr,28:10:10,560,1-May,0,Injection,Winter Rye,206
3,Till,15-Apr,28:10:10,560,1-May,0,Injection,Winter Rye,207
5,Till,15-Apr,28:10:10,560,1-May,0,Injection,Winter Rye,208
0,Till,1-Apr,Dairy Manure,560,1-May,0,Injection,Winter Rye,209
1,Till,1-Apr,Dairy Manure,560,1-May,0,Injection,Winter Rye,210
3,Till,1-Apr,Dairy Manure,560,1-May,0,Injection,Winter Rye,211
5,Till,1-Apr,Dairy Manure,560,1-May,0,Injection,Winter Rye,212
0,Till,15-Apr,Dairy Manure,560,1-May,0,Injection,Winter Rye,213
1,Till,15-Apr,Dairy Manure,560,1-May,0,Injection,Winter Rye,214
3,Till,15-Apr,Dairy Manure,560,1-May,0,Injection,Winter Rye,215
5,Till,15-Apr,Dairy Manure,560,1-May,0,Injection,Winter Rye,216
0,Till,1-Apr,26:13:00,1120,1-May,0,Injection,Winter Rye,217
1,Till,1-Apr,26:13:00,1120,1-May,0,Injection,Winter Rye,218
3,Till,1-Apr,26:13:00,1120,1-May,0,Injection,Winter Rye,219
5,Till,1-Apr,26:13:00,1120,1-May,0,Injection,Winter Rye,220
0,Till,15-Apr,26:13:00,1120,1-May,0,Injection,Winter Rye,221
1,Till,15-Apr,26:13:00,1120,1-May,0,Injection,Winter Rye,222
3,Till,15-Apr,26:13:00,1120,1-May,0,Injection,Winter Rye,223
5,Till,15-Apr,26:13:00,1120,1-May,0,Injection,Winter Rye,224
0,Till,1-Apr,28:10:10,1120,1-May,0,Injection,Winter Rye,225
1,Till,1-Apr,28:10:10,1120,1-May,0,Injection,Winter Rye,226
3,Till,1-Apr,28:10:10,1120,1-May,0,Injection,Winter Rye,227
5,Till,1-Apr,28:10:10,1120,1-May,0,Injection,Winter Rye,228
0,Till,15-Apr,28:10:10,1120,1-May,0,Injection,Winter Rye,229
1,Till,15-Apr,28:10:10,1120,1-May,0,Injection,Winter Rye,230
3,Till,15-Apr,28:10:10,1120,1-May,0,Injection,Winter Rye,231
5,Till,15-Apr,28:10:10,1120,1-May,0,Injection,Winter Rye,232
0,Till,1-Apr,Dairy Manure,1120,1-May,0,Injection,Winter Rye,233
1,Till,1-Apr,Dairy Manure,1120,1-May,0,Injection,Winter Rye,234
3,Till,1-Apr,Dairy Manure,1120,1-May,0,Injection,Winter Rye,235
5,Till,1-Apr,Dairy Manure,1120,1-May,0,Injection,Winter Rye,236
0,Till,15-Apr,Dairy Manure,1120,1-May,0,Injection,Winter Rye,237
1,Till,15-Apr,Dairy Manure,1120,1-May,0,Injection,Winter Rye,238
3,Till,15-Apr,Dairy Manure,1120,1-May,0,Injection,Winter Rye,239
5,Till,15-Apr,Dairy Manure,1120,1-May,0,Injection,Winter Rye,240
0,Till,1-Apr,26:13:00,0,1-Feb,140,Injection,Winter Rye,241
1,Till,1-Apr,26:13:00,0,1-Feb,140,Injection,Winter Rye,242
3,Till,1-Apr,26:13:00,0,1-Feb,140,Injection,Winter Rye,243
5,Till,1-Apr,26:13:00,0,1-Feb,140,Injection,Winter Rye,244
0,Till,15-Apr,26:13:00,0,1-Feb,140,Injection,Winter Rye,245
1,Till,15-Apr,26:13:00,0,1-Feb,140,Injection,Winter Rye,246
3,Till,15-Apr,26:13:00,0,1-Feb,140,Injection,Winter Rye,247
5,Till,15-Apr,26:13:00,0,1-Feb,140,Injection,Winter Rye,248
0,Till,1-Apr,28:10:10,0,1-Feb,140,Injection,Winter Rye,249
1,Till,1-Apr,28:10:10,0,1-Feb,140,Injection,Winter Rye,250
3,Till,1-Apr,28:10:10,0,1-Feb,140,Injection,Winter Rye,251
5,Till,1-Apr,28:10:10,0,1-Feb,140,Injection,Winter Rye,252
0,Till,15-Apr,28:10:10,0,1-Feb,140,Injection,Winter Rye,253
1,Till,15-Apr,28:10:10,0,1-Feb,140,Injection,Winter Rye,254
3,Till,15-Apr,28:10:10,0,1-Feb,140,Injection,Winter Rye,255
5,Till,15-Apr,28:10:10,0,1-Feb,140,Injection,Winter Rye,256
0,Till,1-Apr,Dairy Manure,0,1-Feb,140,Injection,Winter Rye,257
1,Till,1-Apr,Dairy Manure,0,1-Feb,140,Injection,Winter Rye,258
3,Till,1-Apr,Dairy Manure,0,1-Feb,140,Injection,Winter Rye,259
5,Till,1-Apr,Dairy Manure,0,1-Feb,140,Injection,Winter Rye,260
0,Till,15-Apr,Dairy Manure,0,1-Feb,140,Injection,Winter Rye,261
1,Till,15-Apr,Dairy Manure,0,1-Feb,140,Injection,Winter Rye,262
3,Till,15-Apr,Dairy Manure,0,1-Feb,140,Injection,Winter Rye,263
5,Till,15-Apr,Dairy Manure,0,1-Feb,140,Injection,Winter Rye,264
0,Till,1-Apr,26:13:00,140,1-Feb,140,Injection,Winter Rye,265
1,Till,1-Apr,26:13:00,140,1-Feb,140,Injection,Winter Rye,266
3,Till,1-Apr,26:13:00,140,1-Feb,140,Injection,Winter Rye,267
5,Till,1-Apr,26:13:00,140,1-Feb,140,Injection,Winter Rye,268
0,Till,15-Apr,26:13:00,140,1-Feb,140,Injection,Winter Rye,269
1,Till,15-Apr,26:13:00,140,1-Feb,140,Injection,Winter Rye,270
3,Till,15-Apr,26:13:00,140,1-Feb,140,Injection,Winter Rye,271
5,Till,15-Apr,26:13:00,140,1-Feb,140,Injection,Winter Rye,272
0,Till,1-Apr,28:10:10,140,1-Feb,140,Injection,Winter Rye,273
1,Till,1-Apr,28:10:10,140,1-Feb,140,Injection,Winter Rye,274
3,Till,1-Apr,28:10:10,140,1-Feb,140,Injection,Winter Rye,275
5,Till,1-Apr,28:10:10,140,1-Feb,140,Injection,Winter Rye,276
0,Till,15-Apr,28:10:10,140,1-Feb,140,Injection,Winter Rye,277
1,Till,15-Apr,28:10:10,140,1-Feb,140,Injection,Winter Rye,278
3,Till,15-Apr,28:10:10,140,1-Feb,140,Injection,Winter Rye,279
5,Till,15-Apr,28:10:10,140,1-Feb,140,Injection,Winter Rye,280
0,Till,1-Apr,Dairy Manure,140,1-Feb,140,Injection,Winter Rye,281
1,Till,1-Apr,Dairy Manure,140,1-Feb,140,Injection,Winter Rye,282
3,Till,1-Apr,Dairy Manure,140,1-Feb,140,Injection,Winter Rye,283
5,Till,1-Apr,Dairy Manure,140,1-Feb,140,Injection,Winter Rye,284
0,Till,15-Apr,Dairy Manure,140,1-Feb,140,Injection,Winter Rye,285
1,Till,15-Apr,Dairy Manure,140,1-Feb,140,Injection,Winter Rye,286
3,Till,15-Apr,Dairy Manure,140,1-Feb,140,Injection,Winter Rye,287
5,Till,15-Apr,Dairy Manure,140,1-Feb,140,Injection,Winter Rye,288
0,Till,1-Apr,26:13:00,280,1-Feb,140,Injection,Winter Rye,289
1,Till,1-Apr,26:13:00,280,1-Feb,140,Injection,Winter Rye,290
3,Till,1-Apr,26:13:00,280,1-Feb,140,Injection,Winter Rye,291
5,Till,1-Apr,26:13:00,280,1-Feb,140,Injection,Winter Rye,292
0,Till,15-Apr,26:13:00,280,1-Feb,140,Injection,Winter Rye,293
1,Till,15-Apr,26:13:00,280,1-Feb,140,Injection,Winter Rye,294
3,Till,15-Apr,26:13:00,280,1-Feb,140,Injection,Winter Rye,295
5,Till,15-Apr,26:13:00,280,1-Feb,140,Injection,Winter Rye,296
0,Till,1-Apr,28:10:10,280,1-Feb,140,Injection,Winter Rye,297
1,Till,1-Apr,28:10:10,280,1-Feb,140,Injection,Winter Rye,298
3,Till,1-Apr,28:10:10,280,1-Feb,140,Injection,Winter Rye,299
5,Till,1-Apr,28:10:10,280,1-Feb,140,Injection,Winter Rye,300
0,Till,15-Apr,28:10:10,280,1-Feb,140,Injection,Winter Rye,301
1,Till,15-Apr,28:10:10,280,1-Feb,140,Injection,Winter Rye,302
3,Till,15-Apr,28:10:10,280,1-Feb,140,Injection,Winter Rye,303
5,Till,15-Apr,28:10:10,280,1-Feb,140,Injection,Winter Rye,304
0,Till,1-Apr,Dairy Manure,280,1-Feb,140,Injection,Winter Rye,305
1,Till,1-Apr,Dairy Manure,280,1-Feb,140,Injection,Winter Rye,306
3,Till,1-Apr,Dairy Manure,280,1-Feb,140,Injection,Winter Rye,307
5,Till,1-Apr,Dairy Manure,280,1-Feb,140,Injection,Winter Rye,308
0,Till,15-Apr,Dairy Manure,280,1-Feb,140,Injection,Winter Rye,309
1,Till,15-Apr,Dairy Manure,280,1-Feb,140,Injection,Winter Rye,310
3,Till,15-Apr,Dairy Manure,280,1-Feb,140,Injection,Winter Rye,311
5,Till,15-Apr,Dairy Manure,280,1-Feb,140,Injection,Winter Rye,312
0,Till,1-Apr,26:13:00,560,1-Feb,140,Injection,Winter Rye,313
1,Till,1-Apr,26:13:00,560,1-Feb,140,Injection,Winter Rye,314
3,Till,1-Apr,26:13:00,560,1-Feb,140,Injection,Winter Rye,315
5,Till,1-Apr,26:13:00,560,1-Feb,140,Injection,Winter Rye,316
0,Till,15-Apr,26:13:00,560,1-Feb,140,Injection,Winter Rye,317
1,Till,15-Apr,26:13:00,560,1-Feb,140,Injection,Winter Rye,318
3,Till,15-Apr,26:13:00,560,1-Feb,140,Injection,Winter Rye,319
5,Till,15-Apr,26:13:00,560,1-Feb,140,Injection,Winter Rye,320
0,Till,1-Apr,28:10:10,560,1-Feb,140,Injection,Winter Rye,321
1,Till,1-Apr,28:10:10,560,1-Feb,140,Injection,Winter Rye,322
3,Till,1-Apr,28:10:10,560,1-Feb,140,Injection,Winter Rye,323
5,Till,1-Apr,28:10:10,560,1-Feb,140,Injection,Winter Rye,324
0,Till,15-Apr,28:10:10,560,1-Feb,140,Injection,Winter Rye,325
1,Till,15-Apr,28:10:10,560,1-Feb,140,Injection,Winter Rye,326
3,Till,15-Apr,28:10:10,560,1-Feb,140,Injection,Winter Rye,327
5,Till,15-Apr,28:10:10,560,1-Feb,140,Injection,Winter Rye,328
0,Till,1-Apr,Dairy Manure,560,1-Feb,140,Injection,Winter Rye,329
1,Till,1-Apr,Dairy Manure,560,1-Feb,140,Injection,Winter Rye,330
3,Till,1-Apr,Dairy Manure,560,1-Feb,140,Injection,Winter Rye,331
5,Till,1-Apr,Dairy Manure,560,1-Feb,140,Injection,Winter Rye,332
0,Till,15-Apr,Dairy Manure,560,1-Feb,140,Injection,Winter Rye,333
1,Till,15-Apr,Dairy Manure,560,1-Feb,140,Injection,Winter Rye,334
3,Till,15-Apr,Dairy Manure,560,1-Feb,140,Injection,Winter Rye,335
5,Till,15-Apr,Dairy Manure,560,1-Feb,140,Injection,Winter Rye,336
0,Till,1-Apr,26:13:00,1120,1-Feb,140,Injection,Winter Rye,337
1,Till,1-Apr,26:13:00,1120,1-Feb,140,Injection,Winter Rye,338
3,Till,1-Apr,26:13:00,1120,1-Feb,140,Injection,Winter Rye,339
5,Till,1-Apr,26:13:00,1120,1-Feb,140,Injection,Winter Rye,340
0,Till,15-Apr,26:13:00,1120,1-Feb,140,Injection,Winter Rye,341
1,Till,15-Apr,26:13:00,1120,1-Feb,140,Injection,Winter Rye,342
3,Till,15-Apr,26:13:00,1120,1-Feb,140,Injection,Winter Rye,343
5,Till,15-Apr,26:13:00,1120,1-Feb,140,Injection,Winter Rye,344
0,Till,1-Apr,28:10:10,1120,1-Feb,140,Injection,Winter Rye,345
1,Till,1-Apr,28:10:10,1120,1-Feb,140,Injection,Winter Rye,346
3,Till,1-Apr,28:10:10,1120,1-Feb,140,Injection,Winter Rye,347
5,Till,1-Apr,28:10:10,1120,1-Feb,140,Injection,Winter Rye,348
0,Till,15-Apr,28:10:10,1120,1-Feb,140,Injection,Winter Rye,349
1,Till,15-Apr,28:10:10,1120,1-Feb,140,Injection,Winter Rye,350
3,Till,15-Apr,28:10:10,1120,1-Feb,140,Injection,Winter Rye,351
5,Till,15-Apr,28:10:10,1120,1-Feb,140,Injection,Winter Rye,352
0,Till,1-Apr,Dairy Manure,1120,1-Feb,140,Injection,Winter Rye,353
1,Till,1-Apr,Dairy Manure,1120,1-Feb,140,Injection,Winter Rye,354
3,Till,1-Apr,Dairy Manure,1120,1-Feb,140,Injection,Winter Rye,355
5,Till,1-Apr,Dairy Manure,1120,1-Feb,140,Injection,Winter Rye,356
0,Till,15-Apr,Dairy Manure,1120,1-Feb,140,Injection,Winter Rye,357
1,Till,15-Apr,Dairy Manure,1120,1-Feb,140,Injection,Winter Rye,358
3,Till,15-Apr,Dairy Manure,1120,1-Feb,140,Injection,Winter Rye,359
5,Till,15-Apr,Dairy Manure,1120,1-Feb,140,Injection,Winter Rye,360
0,Till,1-Apr,26:13:00,0,1-May,140,Injection,Winter Rye,361
1,Till,1-Apr,26:13:00,0,1-May,140,Injection,Winter Rye,362
3,Till,1-Apr,26:13:00,0,1-May,140,Injection,Winter Rye,363
5,Till,1-Apr,26:13:00,0,1-May,140,Injection,Winter Rye,364
0,Till,15-Apr,26:13:00,0,1-May,140,Injection,Winter Rye,365
1,Till,15-Apr,26:13:00,0,1-May,140,Injection,Winter Rye,366
3,Till,15-Apr,26:13:00,0,1-May,140,Injection,Winter Rye,367
5,Till,15-Apr,26:13:00,0,1-May,140,Injection,Winter Rye,368
0,Till,1-Apr,28:10:10,0,1-May,140,Injection,Winter Rye,369
1,Till,1-Apr,28:10:10,0,1-May,140,Injection,Winter Rye,370
3,Till,1-Apr,28:10:10,0,1-May,140,Injection,Winter Rye,371
5,Till,1-Apr,28:10:10,0,1-May,140,Injection,Winter Rye,372
0,Till,15-Apr,28:10:10,0,1-May,140,Injection,Winter Rye,373
1,Till,15-Apr,28:10:10,0,1-May,140,Injection,Winter Rye,374
3,Till,15-Apr,28:10:10,0,1-May,140,Injection,Winter Rye,375
5,Till,15-Apr,28:10:10,0,1-May,140,Injection,Winter Rye,376
0,Till,1-Apr,Dairy Manure,0,1-May,140,Injection,Winter Rye,377
1,Till,1-Apr,Dairy Manure,0,1-May,140,Injection,Winter Rye,378
3,Till,1-Apr,Dairy Manure,0,1-May,140,Injection,Winter Rye,379
5,Till,1-Apr,Dairy Manure,0,1-May,140,Injection,Winter Rye,380
0,Till,15-Apr,Dairy Manure,0,1-May,140,Injection,Winter Rye,381
1,Till,15-Apr,Dairy Manure,0,1-May,140,Injection,Winter Rye,382
3,Till,15-Apr,Dairy Manure,0,1-May,140,Injection,Winter Rye,383
5,Till,15-Apr,Dairy Manure,0,1-May,140,Injection,Winter Rye,384
0,Till,1-Apr,26:13:00,140,1-May,140,Injection,Winter Rye,385
1,Till,1-Apr,26:13:00,140,1-May,140,Injection,Winter Rye,386
3,Till,1-Apr,26:13:00,140,1-May,140,Injection,Winter Rye,387
5,Till,1-Apr,26:13:00,140,1-May,140,Injection,Winter Rye,388
0,Till,15-Apr,26:13:00,140,1-May,140,Injection,Winter Rye,389
1,Till,15-Apr,26:13:00,140,1-May,140,Injection,Winter Rye,390
3,Till,15-Apr,26:13:00,140,1-May,140,Injection,Winter Rye,391
5,Till,15-Apr,26:13:00,140,1-May,140,Injection,Winter Rye,392
0,Till,1-Apr,28:10:10,140,1-May,140,Injection,Winter Rye,393
1,Till,1-Apr,28:10:10,140,1-May,140,Injection,Winter Rye,394
3,Till,1-Apr,28:10:10,140,1-May,140,Injection,Winter Rye,395
5,Till,1-Apr,28:10:10,140,1-May,140,Injection,Winter Rye,396
0,Till,15-Apr,28:10:10,140,1-May,140,Injection,Winter Rye,397
1,Till,15-Apr,28:10:10,140,1-May,140,Injection,Winter Rye,398
3,Till,15-Apr,28:10:10,140,1-May,140,Injection,Winter Rye,399
5,Till,15-Apr,28:10:10,140,1-May,140,Injection,Winter Rye,400
0,Till,1-Apr,Dairy Manure,140,1-May,140,Injection,Winter Rye,401
1,Till,1-Apr,Dairy Manure,140,1-May,140,Injection,Winter Rye,402
3,Till,1-Apr,Dairy Manure,140,1-May,140,Injection,Winter Rye,403
5,Till,1-Apr,Dairy Manure,140,1-May,140,Injection,Winter Rye,404
0,Till,15-Apr,Dairy Manure,140,1-May,140,Injection,Winter Rye,405
1,Till,15-Apr,Dairy Manure,140,1-May,140,Injection,Winter Rye,406
3,Till,15-Apr,Dairy Manure,140,1-May,140,Injection,Winter Rye,407
5,Till,15-Apr,Dairy Manure,140,1-May,140,Injection,Winter Rye,408
0,Till,1-Apr,26:13:00,280,1-May,140,Injection,Winter Rye,409
1,Till,1-Apr,26:13:00,280,1-May,140,Injection,Winter Rye,410
3,Till,1-Apr,26:13:00,280,1-May,140,Injection,Winter Rye,411
5,Till,1-Apr,26:13:00,280,1-May,140,Injection,Winter Rye,412
0,Till,15-Apr,26:13:00,280,1-May,140,Injection,Winter Rye,413
1,Till,15-Apr,26:13:00,280,1-May,140,Injection,Winter Rye,414
3,Till,15-Apr,26:13:00,280,1-May,140,Injection,Winter Rye,415
5,Till,15-Apr,26:13:00,280,1-May,140,Injection,Winter Rye,416
0,Till,1-Apr,28:10:10,280,1-May,140,Injection,Winter Rye,417
1,Till,1-Apr,28:10:10,280,1-May,140,Injection,Winter Rye,418
3,Till,1-Apr,28:10:10,280,1-May,140,Injection,Winter Rye,419
5,Till,1-Apr,28:10:10,280,1-May,140,Injection,Winter Rye,420
0,Till,15-Apr,28:10:10,280,1-May,140,Injection,Winter Rye,421
1,Till,15-Apr,28:10:10,280,1-May,140,Injection,Winter Rye,422
3,Till,15-Apr,28:10:10,280,1-May,140,Injection,Winter Rye,423
5,Till,15-Apr,28:10:10,280,1-May,140,Injection,Winter Rye,424
0,Till,1-Apr,Dairy Manure,280,1-May,140,Injection,Winter Rye,425
1,Till,1-Apr,Dairy Manure,280,1-May,140,Injection,Winter Rye,426
3,Till,1-Apr,Dairy Manure,280,1-May,140,Injection,Winter Rye,427
5,Till,1-Apr,Dairy Manure,280,1-May,140,Injection,Winter Rye,428
0,Till,15-Apr,Dairy Manure,280,1-May,140,Injection,Winter Rye,429
1,Till,15-Apr,Dairy Manure,280,1-May,140,Injection,Winter Rye,430
3,Till,15-Apr,Dairy Manure,280,1-May,140,Injection,Winter Rye,431
5,Till,15-Apr,Dairy Manure,280,1-May,140,Injection,Winter Rye,432
0,Till,1-Apr,26:13:00,560,1-May,140,Injection,Winter Rye,433
1,Till,1-Apr,26:13:00,560,1-May,140,Injection,Winter Rye,434
3,Till,1-Apr,26:13:00,560,1-May,140,Injection,Winter Rye,435
5,Till,1-Apr,26:13:00,560,1-May,140,Injection,Winter Rye,436
0,Till,15-Apr,26:13:00,560,1-May,140,Injection,Winter Rye,437
1,Till,15-Apr,26:13:00,560,1-May,140,Injection,Winter Rye,438
3,Till,15-Apr,26:13:00,560,1-May,140,Injection,Winter Rye,439
5,Till,15-Apr,26:13:00,560,1-May,140,Injection,Winter Rye,440
0,Till,1-Apr,28:10:10,560,1-May,140,Injection,Winter Rye,441
1,Till,1-Apr,28:10:10,560,1-May,140,Injection,Winter Rye,442
3,Till,1-Apr,28:10:10,560,1-May,140,Injection,Winter Rye,443
5,Till,1-Apr,28:10:10,560,1-May,140,Injection,Winter Rye,444
0,Till,15-Apr,28:10:10,560,1-May,140,Injection,Winter Rye,445
1,Till,15-Apr,28:10:10,560,1-May,140,Injection,Winter Rye,446
3,Till,15-Apr,28:10:10,560,1-May,140,Injection,Winter Rye,447
5,Till,15-Apr,28:10:10,560,1-May,140,Injection,Winter Rye,448
0,Till,1-Apr,Dairy Manure,560,1-May,140,Injection,Winter Rye,449
1,Till,1-Apr,Dairy Manure,560,1-May,140,Injection,Winter Rye,450
3,Till,1-Apr,Dairy Manure,560,1-May,140,Injection,Winter Rye,451
5,Till,1-Apr,Dairy Manure,560,1-May,140,Injection,Winter Rye,452
0,Till,15-Apr,Dairy Manure,560,1-May,140,Injection,Winter Rye,453
1,Till,15-Apr,Dairy Manure,560,1-May,140,Injection,Winter Rye,454
3,Till,15-Apr,Dairy Manure,560,1-May,140,Injection,Winter Rye,455
5,Till,15-Apr,Dairy Manure,560,1-May,140,Injection,Winter Rye,456
0,Till,1-Apr,26:13:00,1120,1-May,140,Injection,Winter Rye,457
1,Till,1-Apr,26:13:00,1120,1-May,140,Injection,Winter Rye,458
3,Till,1-Apr,26:13:00,1120,1-May,140,Injection,Winter Rye,459
5,Till,1-Apr,26:13:00,1120,1-May,140,Injection,Winter Rye,460
0,Till,15-Apr,26:13:00,1120,1-May,140,Injection,Winter Rye,461
1,Till,15-Apr,26:13:00,1120,1-May,140,Injection,Winter Rye,462
3,Till,15-Apr,26:13:00,1120,1-May,140,Injection,Winter Rye,463
5,Till,15-Apr,26:13:00,1120,1-May,140,Injection,Winter Rye,464
0,Till,1-Apr,28:10:10,1120,1-May,140,Injection,Winter Rye,465
1,Till,1-Apr,28:10:10,1120,1-May,140,Injection,Winter Rye,466
3,Till,1-Apr,28:10:10,1120,1-May,140,Injection,Winter Rye,467
5,Till,1-Apr,28:10:10,1120,1-May,140,Injection,Winter Rye,468
0,Till,15-Apr,28:10:10,1120,1-May,140,Injection,Winter Rye,469
1,Till,15-Apr,28:10:10,1120,1-May,140,Injection,Winter Rye,470
3,Till,15-Apr,28:10:10,1120,1-May,140,Injection,Winter Rye,471
5,Till,15-Apr,28:10:10,1120,1-May,140,Injection,Winter Rye,472
0,Till,1-Apr,Dairy Manure,1120,1-May,140,Injection,Winter Rye,473
1,Till,1-Apr,Dairy Manure,1120,1-May,140,Injection,Winter Rye,474
3,Till,1-Apr,Dairy Manure,1120,1-May,140,Injection,Winter Rye,475
5,Till,1-Apr,Dairy Manure,1120,1-May,140,Injection,Winter Rye,476
0,Till,15-Apr,Dairy Manure,1120,1-May,140,Injection,Winter Rye,477
1,Till,15-Apr,Dairy Manure,1120,1-May,140,Injection,Winter Rye,478
3,Till,15-Apr,Dairy Manure,1120,1-May,140,Injection,Winter Rye,479
5,Till,15-Apr,Dairy Manure,1120,1-May,140,Injection,Winter Rye,480
0,Till,1-Apr,26:13:00,0,1-Feb,280,Injection,Winter Rye,481
1,Till,1-Apr,26:13:00,0,1-Feb,280,Injection,Winter Rye,482
3,Till,1-Apr,26:13:00,0,1-Feb,280,Injection,Winter Rye,483
5,Till,1-Apr,26:13:00,0,1-Feb,280,Injection,Winter Rye,484
0,Till,15-Apr,26:13:00,0,1-Feb,280,Injection,Winter Rye,485
1,Till,15-Apr,26:13:00,0,1-Feb,280,Injection,Winter Rye,486
3,Till,15-Apr,26:13:00,0,1-Feb,280,Injection,Winter Rye,487
5,Till,15-Apr,26:13:00,0,1-Feb,280,Injection,Winter Rye,488
0,Till,1-Apr,28:10:10,0,1-Feb,280,Injection,Winter Rye,489
1,Till,1-Apr,28:10:10,0,1-Feb,280,Injection,Winter Rye,490
3,Till,1-Apr,28:10:10,0,1-Feb,280,Injection,Winter Rye,491
5,Till,1-Apr,28:10:10,0,1-Feb,280,Injection,Winter Rye,492
0,Till,15-Apr,28:10:10,0,1-Feb,280,Injection,Winter Rye,493
1,Till,15-Apr,28:10:10,0,1-Feb,280,Injection,Winter Rye,494
3,Till,15-Apr,28:10:10,0,1-Feb,280,Injection,Winter Rye,495
5,Till,15-Apr,28:10:10,0,1-Feb,280,Injection,Winter Rye,496
0,Till,1-Apr,Dairy Manure,0,1-Feb,280,Injection,Winter Rye,497
1,Till,1-Apr,Dairy Manure,0,1-Feb,280,Injection,Winter Rye,498
3,Till,1-Apr,Dairy Manure,0,1-Feb,280,Injection,Winter Rye,499
5,Till,1-Apr,Dairy Manure,0,1-Feb,280,Injection,Winter Rye,500
0,Till,15-Apr,Dairy Manure,0,1-Feb,280,Injection,Winter Rye,501
1,Till,15-Apr,Dairy Manure,0,1-Feb,280,Injection,Winter Rye,502
3,Till,15-Apr,Dairy Manure,0,1-Feb,280,Injection,Winter Rye,503
5,Till,15-Apr,Dairy Manure,0,1-Feb,280,Injection,Winter Rye,504
0,Till,1-Apr,26:13:00,140,1-Feb,280,Injection,Winter Rye,505
1,Till,1-Apr,26:13:00,140,1-Feb,280,Injection,Winter Rye,506
3,Till,1-Apr,26:13:00,140,1-Feb,280,Injection,Winter Rye,507
5,Till,1-Apr,26:13:00,140,1-Feb,280,Injection,Winter Rye,508
0,Till,15-Apr,26:13:00,140,1-Feb,280,Injection,Winter Rye,509
1,Till,15-Apr,26:13:00,140,1-Feb,280,Injection,Winter Rye,510
3,Till,15-Apr,26:13:00,140,1-Feb,280,Injection,Winter Rye,511
5,Till,15-Apr,26:13:00,140,1-Feb,280,Injection,Winter Rye,512
0,Till,1-Apr,28:10:10,140,1-Feb,280,Injection,Winter Rye,513
1,Till,1-Apr,28:10:10,140,1-Feb,280,Injection,Winter Rye,514
3,Till,1-Apr,28:10:10,140,1-Feb,280,Injection,Winter Rye,515
5,Till,1-Apr,28:10:10,140,1-Feb,280,Injection,Winter Rye,516
0,Till,15-Apr,28:10:10,140,1-Feb,280,Injection,Winter Rye,517
1,Till,15-Apr,28:10:10,140,1-Feb,280,Injection,Winter Rye,518
3,Till,15-Apr,28:10:10,140,1-Feb,280,Injection,Winter Rye,519
5,Till,15-Apr,28:10:10,140,1-Feb,280,Injection,Winter Rye,520
0,Till,1-Apr,Dairy Manure,140,1-Feb,280,Injection,Winter Rye,521
1,Till,1-Apr,Dairy Manure,140,1-Feb,280,Injection,Winter Rye,522
3,Till,1-Apr,Dairy Manure,140,1-Feb,280,Injection,Winter Rye,523
5,Till,1-Apr,Dairy Manure,140,1-Feb,280,Injection,Winter Rye,524
0,Till,15-Apr,Dairy Manure,140,1-Feb,280,Injection,Winter Rye,525
1,Till,15-Apr,Dairy Manure,140,1-Feb,280,Injection,Winter Rye,526
3,Till,15-Apr,Dairy Manure,140,1-Feb,280,Injection,Winter Rye,527
5,Till,15-Apr,Dairy Manure,140,1-Feb,280,Injection,Winter Rye,528
0,Till,1-Apr,26:13:00,280,1-Feb,280,Injection,Winter Rye,529
1,Till,1-Apr,26:13:00,280,1-Feb,280,Injection,Winter Rye,530
3,Till,1-Apr,26:13:00,280,1-Feb,280,Injection,Winter Rye,531
5,Till,1-Apr,26:13:00,280,1-Feb,280,Injection,Winter Rye,532
0,Till,15-Apr,26:13:00,280,1-Feb,280,Injection,Winter Rye,533
1,Till,15-Apr,26:13:00,280,1-Feb,280,Injection,Winter Rye,534
3,Till,15-Apr,26:13:00,280,1-Feb,280,Injection,Winter Rye,535
5,Till,15-Apr,26:13:00,280,1-Feb,280,Injection,Winter Rye,536
0,Till,1-Apr,28:10:10,280,1-Feb,280,Injection,Winter Rye,537
1,Till,1-Apr,28:10:10,280,1-Feb,280,Injection,Winter Rye,538
3,Till,1-Apr,28:10:10,280,1-Feb,280,Injection,Winter Rye,539
5,Till,1-Apr,28:10:10,280,1-Feb,280,Injection,Winter Rye,540
0,Till,15-Apr,28:10:10,280,1-Feb,280,Injection,Winter Rye,541
1,Till,15-Apr,28:10:10,280,1-Feb,280,Injection,Winter Rye,542
3,Till,15-Apr,28:10:10,280,1-Feb,280,Injection,Winter Rye,543
5,Till,15-Apr,28:10:10,280,1-Feb,280,Injection,Winter Rye,544
0,Till,1-Apr,Dairy Manure,280,1-Feb,280,Injection,Winter Rye,545
1,Till,1-Apr,Dairy Manure,280,1-Feb,280,Injection,Winter Rye,546
3,Till,1-Apr,Dairy Manure,280,1-Feb,280,Injection,Winter Rye,547
5,Till,1-Apr,Dairy Manure,280,1-Feb,280,Injection,Winter Rye,548
0,Till,15-Apr,Dairy Manure,280,1-Feb,280,Injection,Winter Rye,549
1,Till,15-Apr,Dairy Manure,280,1-Feb,280,Injection,Winter Rye,550
3,Till,15-Apr,Dairy Manure,280,1-Feb,280,Injection,Winter Rye,551
5,Till,15-Apr,Dairy Manure,280,1-Feb,280,Injection,Winter Rye,552
0,Till,1-Apr,26:13:00,560,1-Feb,280,Injection,Winter Rye,553
1,Till,1-Apr,26:13:00,560,1-Feb,280,Injection,Winter Rye,554
3,Till,1-Apr,26:13:00,560,1-Feb,280,Injection,Winter Rye,555
5,Till,1-Apr,26:13:00,560,1-Feb,280,Injection,Winter Rye,556
0,Till,15-Apr,26:13:00,560,1-Feb,280,Injection,Winter Rye,557
1,Till,15-Apr,26:13:00,560,1-Feb,280,Injection,Winter Rye,558
3,Till,15-Apr,26:13:00,560,1-Feb,280,Injection,Winter Rye,559
5,Till,15-Apr,26:13:00,560,1-Feb,280,Injection,Winter Rye,560
0,Till,1-Apr,28:10:10,560,1-Feb,280,Injection,Winter Rye,561
1,Till,1-Apr,28:10:10,560,1-Feb,280,Injection,Winter Rye,562
3,Till,1-Apr,28:10:10,560,1-Feb,280,Injection,Winter Rye,563
5,Till,1-Apr,28:10:10,560,1-Feb,280,Injection,Winter Rye,564
0,Till,15-Apr,28:10:10,560,1-Feb,280,Injection,Winter Rye,565
1,Till,15-Apr,28:10:10,560,1-Feb,280,Injection,Winter Rye,566
3,Till,15-Apr,28:10:10,560,1-Feb,280,Injection,Winter Rye,567
5,Till,15-Apr,28:10:10,560,1-Feb,280,Injection,Winter Rye,568
0,Till,1-Apr,Dairy Manure,560,1-Feb,280,Injection,Winter Rye,569
1,Till,1-Apr,Dairy Manure,560,1-Feb,280,Injection,Winter Rye,570
3,Till,1-Apr,Dairy Manure,560,1-Feb,280,Injection,Winter Rye,571
5,Till,1-Apr,Dairy Manure,560,1-Feb,280,Injection,Winter Rye,572
0,Till,15-Apr,Dairy Manure,560,1-Feb,280,Injection,Winter Rye,573
1,Till,15-Apr,Dairy Manure,560,1-Feb,280,Injection,Winter Rye,574
3,Till,15-Apr,Dairy Manure,560,1-Feb,280,Injection,Winter Rye,575
5,Till,15-Apr,Dairy Manure,560,1-Feb,280,Injection,Winter Rye,576
0,Till,1-Apr,26:13:00,1120,1-Feb,280,Injection,Winter Rye,577
1,Till,1-Apr,26:13:00,1120,1-Feb,280,Injection,Winter Rye,578
3,Till,1-Apr,26:13:00,1120,1-Feb,280,Injection,Winter Rye,579
5,Till,1-Apr,26:13:00,1120,1-Feb,280,Injection,Winter Rye,580
0,Till,15-Apr,26:13:00,1120,1-Feb,280,Injection,Winter Rye,581
1,Till,15-Apr,26:13:00,1120,1-Feb,280,Injection,Winter Rye,582
3,Till,15-Apr,26:13:00,1120,1-Feb,280,Injection,Winter Rye,583
5,Till,15-Apr,26:13:00,1120,1-Feb,280,Injection,Winter Rye,584
0,Till,1-Apr,28:10:10,1120,1-Feb,280,Injection,Winter Rye,585
1,Till,1-Apr,28:10:10,1120,1-Feb,280,Injection,Winter Rye,586
3,Till,1-Apr,28:10:10,1120,1-Feb,280,Injection,Winter Rye,587
5,Till,1-Apr,28:10:10,1120,1-Feb,280,Injection,Winter Rye,588
0,Till,15-Apr,28:10:10,1120,1-Feb,280,Injection,Winter Rye,589
1,Till,15-Apr,28:10:10,1120,1-Feb,280,Injection,Winter Rye,590
3,Till,15-Apr,28:10:10,1120,1-Feb,280,Injection,Winter Rye,591
5,Till,15-Apr,28:10:10,1120,1-Feb,280,Injection,Winter Rye,592
0,Till,1-Apr,Dairy Manure,1120,1-Feb,280,Injection,Winter Rye,593
1,Till,1-Apr,Dairy Manure,1120,1-Feb,280,Injection,Winter Rye,594
3,Till,1-Apr,Dairy Manure,1120,1-Feb,280,Injection,Winter Rye,595
5,Till,1-Apr,Dairy Manure,1120,1-Feb,280,Injection,Winter Rye,596
0,Till,15-Apr,Dairy Manure,1120,1-Feb,280,Injection,Winter Rye,597
1,Till,15-Apr,Dairy Manure,1120,1-Feb,280,Injection,Winter Rye,598
3,Till,15-Apr,Dairy Manure,1120,1-Feb,280,Injection,Winter Rye,599
5,Till,15-Apr,Dairy Manure,1120,1-Feb,280,Injection,Winter Rye,600
0,Till,1-Apr,26:13:00,0,1-May,280,Injection,Winter Rye,601
1,Till,1-Apr,26:13:00,0,1-May,280,Injection,Winter Rye,602
3,Till,1-Apr,26:13:00,0,1-May,280,Injection,Winter Rye,603
5,Till,1-Apr,26:13:00,0,1-May,280,Injection,Winter Rye,604
0,Till,15-Apr,26:13:00,0,1-May,280,Injection,Winter Rye,605
1,Till,15-Apr,26:13:00,0,1-May,280,Injection,Winter Rye,606
3,Till,15-Apr,26:13:00,0,1-May,280,Injection,Winter Rye,607
5,Till,15-Apr,26:13:00,0,1-May,280,Injection,Winter Rye,608
0,Till,1-Apr,28:10:10,0,1-May,280,Injection,Winter Rye,609
1,Till,1-Apr,28:10:10,0,1-May,280,Injection,Winter Rye,610
3,Till,1-Apr,28:10:10,0,1-May,280,Injection,Winter Rye,611
5,Till,1-Apr,28:10:10,0,1-May,280,Injection,Winter Rye,612
0,Till,15-Apr,28:10:10,0,1-May,280,Injection,Winter Rye,613
1,Till,15-Apr,28:10:10,0,1-May,280,Injection,Winter Rye,614
3,Till,15-Apr,28:10:10,0,1-May,280,Injection,Winter Rye,615
5,Till,15-Apr,28:10:10,0,1-May,280,Injection,Winter Rye,616
0,Till,1-Apr,Dairy Manure,0,1-May,280,Injection,Winter Rye,617
1,Till,1-Apr,Dairy Manure,0,1-May,280,Injection,Winter Rye,618
3,Till,1-Apr,Dairy Manure,0,1-May,280,Injection,Winter Rye,619
5,Till,1-Apr,Dairy Manure,0,1-May,280,Injection,Winter Rye,620
0,Till,15-Apr,Dairy Manure,0,1-May,280,Injection,Winter Rye,621
1,Till,15-Apr,Dairy Manure,0,1-May,280,Injection,Winter Rye,622
3,Till,15-Apr,Dairy Manure,0,1-May,280,Injection,Winter Rye,623
5,Till,15-Apr,Dairy Manure,0,1-May,280,Injection,Winter Rye,624
0,Till,1-Apr,26:13:00,140,1-May,280,Injection,Winter Rye,625
1,Till,1-Apr,26:13:00,140,1-May,280,Injection,Winter Rye,626
3,Till,1-Apr,26:13:00,140,1-May,280,Injection,Winter Rye,627
5,Till,1-Apr,26:13:00,140,1-May,280,Injection,Winter Rye,628
0,Till,15-Apr,26:13:00,140,1-May,280,Injection,Winter Rye,629
1,Till,15-Apr,26:13:00,140,1-May,280,Injection,Winter Rye,630
3,Till,15-Apr,26:13:00,140,1-May,280,Injection,Winter Rye,631
5,Till,15-Apr,26:13:00,140,1-May,280,Injection,Winter Rye,632
0,Till,1-Apr,28:10:10,140,1-May,280,Injection,Winter Rye,633
1,Till,1-Apr,28:10:10,140,1-May,280,Injection,Winter Rye,634
3,Till,1-Apr,28:10:10,140,1-May,280,Injection,Winter Rye,635
5,Till,1-Apr,28:10:10,140,1-May,280,Injection,Winter Rye,636
0,Till,15-Apr,28:10:10,140,1-May,280,Injection,Winter Rye,637
1,Till,15-Apr,28:10:10,140,1-May,280,Injection,Winter Rye,638
3,Till,15-Apr,28:10:10,140,1-May,280,Injection,Winter Rye,639
5,Till,15-Apr,28:10:10,140,1-May,280,Injection,Winter Rye,640
0,Till,1-Apr,Dairy Manure,140,1-May,280,Injection,Winter Rye,641
1,Till,1-Apr,Dairy Manure,140,1-May,280,Injection,Winter Rye,642
3,Till,1-Apr,Dairy Manure,140,1-May,280,Injection,Winter Rye,643
5,Till,1-Apr,Dairy Manure,140,1-May,280,Injection,Winter Rye,644
0,Till,15-Apr,Dairy Manure,140,1-May,280,Injection,Winter Rye,645
1,Till,15-Apr,Dairy Manure,140,1-May,280,Injection,Winter Rye,646
3,Till,15-Apr,Dairy Manure,140,1-May,280,Injection,Winter Rye,647
5,Till,15-Apr,Dairy Manure,140,1-May,280,Injection,Winter Rye,648
0,Till,1-Apr,26:13:00,280,1-May,280,Injection,Winter Rye,649
1,Till,1-Apr,26:13:00,280,1-May,280,Injection,Winter Rye,650
3,Till,1-Apr,26:13:00,280,1-May,280,Injection,Winter Rye,651
5,Till,1-Apr,26:13:00,280,1-May,280,Injection,Winter Rye,652
0,Till,15-Apr,26:13:00,280,1-May,280,Injection,Winter Rye,653
1,Till,15-Apr,26:13:00,280,1-May,280,Injection,Winter Rye,654
3,Till,15-Apr,26:13:00,280,1-May,280,Injection,Winter Rye,655
5,Till,15-Apr,26:13:00,280,1-May,280,Injection,Winter Rye,656
0,Till,1-Apr,28:10:10,280,1-May,280,Injection,Winter Rye,657
1,Till,1-Apr,28:10:10,280,1-May,280,Injection,Winter Rye,658
3,Till,1-Apr,28:10:10,280,1-May,280,Injection,Winter Rye,659
5,Till,1-Apr,28:10:10,280,1-May,280,Injection,Winter Rye,660
0,Till,15-Apr,28:10:10,280,1-May,280,Injection,Winter Rye,661
1,Till,15-Apr,28:10:10,280,1-May,280,Injection,Winter Rye,662
3,Till,15-Apr,28:10:10,280,1-May,280,Injection,Winter Rye,663
5,Till,15-Apr,28:10:10,280,1-May,280,Injection,Winter Rye,664
0,Till,1-Apr,Dairy Manure,280,1-May,280,Injection,Winter Rye,665
1,Till,1-Apr,Dairy Manure,280,1-May,280,Injection,Winter Rye,666
3,Till,1-Apr,Dairy Manure,280,1-May,280,Injection,Winter Rye,667
5,Till,1-Apr,Dairy Manure,280,1-May,280,Injection,Winter Rye,668
0,Till,15-Apr,Dairy Manure,280,1-May,280,Injection,Winter Rye,669
1,Till,15-Apr,Dairy Manure,280,1-May,280,Injection,Winter Rye,670
3,Till,15-Apr,Dairy Manure,280,1-May,280,Injection,Winter Rye,671
5,Till,15-Apr,Dairy Manure,280,1-May,280,Injection,Winter Rye,672
0,Till,1-Apr,26:13:00,560,1-May,280,Injection,Winter Rye,673
1,Till,1-Apr,26:13:00,560,1-May,280,Injection,Winter Rye,674
3,Till,1-Apr,26:13:00,560,1-May,280,Injection,Winter Rye,675
5,Till,1-Apr,26:13:00,560,1-May,280,Injection,Winter Rye,676
0,Till,15-Apr,26:13:00,560,1-May,280,Injection,Winter Rye,677
1,Till,15-Apr,26:13:00,560,1-May,280,Injection,Winter Rye,678
3,Till,15-Apr,26:13:00,560,1-May,280,Injection,Winter Rye,679
5,Till,15-Apr,26:13:00,560,1-May,280,Injection,Winter Rye,680
0,Till,1-Apr,28:10:10,560,1-May,280,Injection,Winter Rye,681
1,Till,1-Apr,28:10:10,560,1-May,280,Injection,Winter Rye,682
3,Till,1-Apr,28:10:10,560,1-May,280,Injection,Winter Rye,683
5,Till,1-Apr,28:10:10,560,1-May,280,Injection,Winter Rye,684
0,Till,15-Apr,28:10:10,560,1-May,280,Injection,Winter Rye,685
1,Till,15-Apr,28:10:10,560,1-May,280,Injection,Winter Rye,686
3,Till,15-Apr,28:10:10,560,1-May,280,Injection,Winter Rye,687
5,Till,15-Apr,28:10:10,560,1-May,280,Injection,Winter Rye,688
0,Till,1-Apr,Dairy Manure,560,1-May,280,Injection,Winter Rye,689
1,Till,1-Apr,Dairy Manure,560,1-May,280,Injection,Winter Rye,690
3,Till,1-Apr,Dairy Manure,560,1-May,280,Injection,Winter Rye,691
5,Till,1-Apr,Dairy Manure,560,1-May,280,Injection,Winter Rye,692
0,Till,15-Apr,Dairy Manure,560,1-May,280,Injection,Winter Rye,693
1,Till,15-Apr,Dairy Manure,560,1-May,280,Injection,Winter Rye,694
3,Till,15-Apr,Dairy Manure,560,1-May,280,Injection,Winter Rye,695
5,Till,15-Apr,Dairy Manure,560,1-May,280,Injection,Winter Rye,696
0,Till,1-Apr,26:13:00,1120,1-May,280,Injection,Winter Rye,697
1,Till,1-Apr,26:13:00,1120,1-May,280,Injection,Winter Rye,698
3,Till,1-Apr,26:13:00,1120,1-May,280,Injection,Winter Rye,699
5,Till,1-Apr,26:13:00,1120,1-May,280,Injection,Winter Rye,700
0,Till,15-Apr,26:13:00,1120,1-May,280,Injection,Winter Rye,701
1,Till,15-Apr,26:13:00,1120,1-May,280,Injection,Winter Rye,702
3,Till,15-Apr,26:13:00,1120,1-May,280,Injection,Winter Rye,703
5,Till,15-Apr,26:13:00,1120,1-May,280,Injection,Winter Rye,704
0,Till,1-Apr,28:10:10,1120,1-May,280,Injection,Winter Rye,705
1,Till,1-Apr,28:10:10,1120,1-May,280,Injection,Winter Rye,706
3,Till,1-Apr,28:10:10,1120,1-May,280,Injection,Winter Rye,707
5,Till,1-Apr,28:10:10,1120,1-May,280,Injection,Winter Rye,708
0,Till,15-Apr,28:10:10,1120,1-May,280,Injection,Winter Rye,709
1,Till,15-Apr,28:10:10,1120,1-May,280,Injection,Winter Rye,710
3,Till,15-Apr,28:10:10,1120,1-May,280,Injection,Winter Rye,711
5,Till,15-Apr,28:10:10,1120,1-May,280,Injection,Winter Rye,712
0,Till,1-Apr,Dairy Manure,1120,1-May,280,Injection,Winter Rye,713
1,Till,1-Apr,Dairy Manure,1120,1-May,280,Injection,Winter Rye,714
3,Till,1-Apr,Dairy Manure,1120,1-May,280,Injection,Winter Rye,715
5,Till,1-Apr,Dairy Manure,1120,1-May,280,Injection,Winter Rye,716
0,Till,15-Apr,Dairy Manure,1120,1-May,280,Injection,Winter Rye,717
1,Till,15-Apr,Dairy Manure,1120,1-May,280,Injection,Winter Rye,718
3,Till,15-Apr,Dairy Manure,1120,1-May,280,Injection,Winter Rye,719
5,Till,15-Apr,Dairy Manure,1120,1-May,280,Injection,Winter Rye,720
0,Till,1-Apr,26:13:00,0,1-Feb,560,Injection,Winter Rye,721
1,Till,1-Apr,26:13:00,0,1-Feb,560,Injection,Winter Rye,722
3,Till,1-Apr,26:13:00,0,1-Feb,560,Injection,Winter Rye,723
5,Till,1-Apr,26:13:00,0,1-Feb,560,Injection,Winter Rye,724
0,Till,15-Apr,26:13:00,0,1-Feb,560,Injection,Winter Rye,725
1,Till,15-Apr,26:13:00,0,1-Feb,560,Injection,Winter Rye,726
3,Till,15-Apr,26:13:00,0,1-Feb,560,Injection,Winter Rye,727
5,Till,15-Apr,26:13:00,0,1-Feb,560,Injection,Winter Rye,728
0,Till,1-Apr,28:10:10,0,1-Feb,560,Injection,Winter Rye,729
1,Till,1-Apr,28:10:10,0,1-Feb,560,Injection,Winter Rye,730
3,Till,1-Apr,28:10:10,0,1-Feb,560,Injection,Winter Rye,731
5,Till,1-Apr,28:10:10,0,1-Feb,560,Injection,Winter Rye,732
0,Till,15-Apr,28:10:10,0,1-Feb,560,Injection,Winter Rye,733
1,Till,15-Apr,28:10:10,0,1-Feb,560,Injection,Winter Rye,734
3,Till,15-Apr,28:10:10,0,1-Feb,560,Injection,Winter Rye,735
5,Till,15-Apr,28:10:10,0,1-Feb,560,Injection,Winter Rye,736
0,Till,1-Apr,Dairy Manure,0,1-Feb,560,Injection,Winter Rye,737
1,Till,1-Apr,Dairy Manure,0,1-Feb,560,Injection,Winter Rye,738
3,Till,1-Apr,Dairy Manure,0,1-Feb,560,Injection,Winter Rye,739
5,Till,1-Apr,Dairy Manure,0,1-Feb,560,Injection,Winter Rye,740
0,Till,15-Apr,Dairy Manure,0,1-Feb,560,Injection,Winter Rye,741
1,Till,15-Apr,Dairy Manure,0,1-Feb,560,Injection,Winter Rye,742
3,Till,15-Apr,Dairy Manure,0,1-Feb,560,Injection,Winter Rye,743
5,Till,15-Apr,Dairy Manure,0,1-Feb,560,Injection,Winter Rye,744
0,Till,1-Apr,26:13:00,140,1-Feb,560,Injection,Winter Rye,745
1,Till,1-Apr,26:13:00,140,1-Feb,560,Injection,Winter Rye,746
3,Till,1-Apr,26:13:00,140,1-Feb,560,Injection,Winter Rye,747
5,Till,1-Apr,26:13:00,140,1-Feb,560,Injection,Winter Rye,748
0,Till,15-Apr,26:13:00,140,1-Feb,560,Injection,Winter Rye,749
1,Till,15-Apr,26:13:00,140,1-Feb,560,Injection,Winter Rye,750
3,Till,15-Apr,26:13:00,140,1-Feb,560,Injection,Winter Rye,751
5,Till,15-Apr,26:13:00,140,1-Feb,560,Injection,Winter Rye,752
0,Till,1-Apr,28:10:10,140,1-Feb,560,Injection,Winter Rye,753
1,Till,1-Apr,28:10:10,140,1-Feb,560,Injection,Winter Rye,754
3,Till,1-Apr,28:10:10,140,1-Feb,560,Injection,Winter Rye,755
5,Till,1-Apr,28:10:10,140,1-Feb,560,Injection,Winter Rye,756
0,Till,15-Apr,28:10:10,140,1-Feb,560,Injection,Winter Rye,757
1,Till,15-Apr,28:10:10,140,1-Feb,560,Injection,Winter Rye,758
3,Till,15-Apr,28:10:10,140,1-Feb,560,Injection,Winter Rye,759
5,Till,15-Apr,28:10:10,140,1-Feb,560,Injection,Winter Rye,760
0,Till,1-Apr,Dairy Manure,140,1-Feb,560,Injection,Winter Rye,761
1,Till,1-Apr,Dairy Manure,140,1-Feb,560,Injection,Winter Rye,762
3,Till,1-Apr,Dairy Manure,140,1-Feb,560,Injection,Winter Rye,763
5,Till,1-Apr,Dairy Manure,140,1-Feb,560,Injection,Winter Rye,764
0,Till,15-Apr,Dairy Manure,140,1-Feb,560,Injection,Winter Rye,765
1,Till,15-Apr,Dairy Manure,140,1-Feb,560,Injection,Winter Rye,766
3,Till,15-Apr,Dairy Manure,140,1-Feb,560,Injection,Winter Rye,767
5,Till,15-Apr,Dairy Manure,140,1-Feb,560,Injection,Winter Rye,768
0,Till,1-Apr,26:13:00,280,1-Feb,560,Injection,Winter Rye,769
1,Till,1-Apr,26:13:00,280,1-Feb,560,Injection,Winter Rye,770
3,Till,1-Apr,26:13:00,280,1-Feb,560,Injection,Winter Rye,771
5,Till,1-Apr,26:13:00,280,1-Feb,560,Injection,Winter Rye,772
0,Till,15-Apr,26:13:00,280,1-Feb,560,Injection,Winter Rye,773
1,Till,15-Apr,26:13:00,280,1-Feb,560,Injection,Winter Rye,774
3,Till,15-Apr,26:13:00,280,1-Feb,560,Injection,Winter Rye,775
5,Till,15-Apr,26:13:00,280,1-Feb,560,Injection,Winter Rye,776
0,Till,1-Apr,28:10:10,280,1-Feb,560,Injection,Winter Rye,777
1,Till,1-Apr,28:10:10,280,1-Feb,560,Injection,Winter Rye,778
3,Till,1-Apr,28:10:10,280,1-Feb,560,Injection,Winter Rye,779
5,Till,1-Apr,28:10:10,280,1-Feb,560,Injection,Winter Rye,780
0,Till,15-Apr,28:10:10,280,1-Feb,560,Injection,Winter Rye,781
1,Till,15-Apr,28:10:10,280,1-Feb,560,Injection,Winter Rye,782
3,Till,15-Apr,28:10:10,280,1-Feb,560,Injection,Winter Rye,783
5,Till,15-Apr,28:10:10,280,1-Feb,560,Injection,Winter Rye,784
0,Till,1-Apr,Dairy Manure,280,1-Feb,560,Injection,Winter Rye,785
1,Till,1-Apr,Dairy Manure,280,1-Feb,560,Injection,Winter Rye,786
3,Till,1-Apr,Dairy Manure,280,1-Feb,560,Injection,Winter Rye,787
5,Till,1-Apr,Dairy Manure,280,1-Feb,560,Injection,Winter Rye,788
0,Till,15-Apr,Dairy Manure,280,1-Feb,560,Injection,Winter Rye,789
1,Till,15-Apr,Dairy Manure,280,1-Feb,560,Injection,Winter Rye,790
3,Till,15-Apr,Dairy Manure,280,1-Feb,560,Injection,Winter Rye,791
5,Till,15-Apr,Dairy Manure,280,1-Feb,560,Injection,Winter Rye,792
0,Till,1-Apr,26:13:00,560,1-Feb,560,Injection,Winter Rye,793
1,Till,1-Apr,26:13:00,560,1-Feb,560,Injection,Winter Rye,794
3,Till,1-Apr,26:13:00,560,1-Feb,560,Injection,Winter Rye,795
5,Till,1-Apr,26:13:00,560,1-Feb,560,Injection,Winter Rye,796
0,Till,15-Apr,26:13:00,560,1-Feb,560,Injection,Winter Rye,797
1,Till,15-Apr,26:13:00,560,1-Feb,560,Injection,Winter Rye,798
3,Till,15-Apr,26:13:00,560,1-Feb,560,Injection,Winter Rye,799
5,Till,15-Apr,26:13:00,560,1-Feb,560,Injection,Winter Rye,800
0,Till,1-Apr,28:10:10,560,1-Feb,560,Injection,Winter Rye,801
1,Till,1-Apr,28:10:10,560,1-Feb,560,Injection,Winter Rye,802
3,Till,1-Apr,28:10:10,560,1-Feb,560,Injection,Winter Rye,803
5,Till,1-Apr,28:10:10,560,1-Feb,560,Injection,Winter Rye,804
0,Till,15-Apr,28:10:10,560,1-Feb,560,Injection,Winter Rye,805
1,Till,15-Apr,28:10:10,560,1-Feb,560,Injection,Winter Rye,806
3,Till,15-Apr,28:10:10,560,1-Feb,560,Injection,Winter Rye,807
5,Till,15-Apr,28:10:10,560,1-Feb,560,Injection,Winter Rye,808
0,Till,1-Apr,Dairy Manure,560,1-Feb,560,Injection,Winter Rye,809
1,Till,1-Apr,Dairy Manure,560,1-Feb,560,Injection,Winter Rye,810
3,Till,1-Apr,Dairy Manure,560,1-Feb,560,Injection,Winter Rye,811
5,Till,1-Apr,Dairy Manure,560,1-Feb,560,Injection,Winter Rye,812
0,Till,15-Apr,Dairy Manure,560,1-Feb,560,Injection,Winter Rye,813
1,Till,15-Apr,Dairy Manure,560,1-Feb,560,Injection,Winter Rye,814
3,Till,15-Apr,Dairy Manure,560,1-Feb,560,Injection,Winter Rye,815
5,Till,15-Apr,Dairy Manure,560,1-Feb,560,Injection,Winter Rye,816
0,Till,1-Apr,26:13:00,1120,1-Feb,560,Injection,Winter Rye,817
1,Till,1-Apr,26:13:00,1120,1-Feb,560,Injection,Winter Rye,818
3,Till,1-Apr,26:13:00,1120,1-Feb,560,Injection,Winter Rye,819
5,Till,1-Apr,26:13:00,1120,1-Feb,560,Injection,Winter Rye,820
0,Till,15-Apr,26:13:00,1120,1-Feb,560,Injection,Winter Rye,821
1,Till,15-Apr,26:13:00,1120,1-Feb,560,Injection,Winter Rye,822
3,Till,15-Apr,26:13:00,1120,1-Feb,560,Injection,Winter Rye,823
5,Till,15-Apr,26:13:00,1120,1-Feb,560,Injection,Winter Rye,824
0,Till,1-Apr,28:10:10,1120,1-Feb,560,Injection,Winter Rye,825
1,Till,1-Apr,28:10:10,1120,1-Feb,560,Injection,Winter Rye,826
3,Till,1-Apr,28:10:10,1120,1-Feb,560,Injection,Winter Rye,827
5,Till,1-Apr,28:10:10,1120,1-Feb,560,Injection,Winter Rye,828
0,Till,15-Apr,28:10:10,1120,1-Feb,560,Injection,Winter Rye,829
1,Till,15-Apr,28:10:10,1120,1-Feb,560,Injection,Winter Rye,830
3,Till,15-Apr,28:10:10,1120,1-Feb,560,Injection,Winter Rye,831
5,Till,15-Apr,28:10:10,1120,1-Feb,560,Injection,Winter Rye,832
0,Till,1-Apr,Dairy Manure,1120,1-Feb,560,Injection,Winter Rye,833
1,Till,1-Apr,Dairy Manure,1120,1-Feb,560,Injection,Winter Rye,834
3,Till,1-Apr,Dairy Manure,1120,1-Feb,560,Injection,Winter Rye,835
5,Till,1-Apr,Dairy Manure,1120,1-Feb,560,Injection,Winter Rye,836
0,Till,15-Apr,Dairy Manure,1120,1-Feb,560,Injection,Winter Rye,837
1,Till,15-Apr,Dairy Manure,1120,1-Feb,560,Injection,Winter Rye,838
3,Till,15-Apr,Dairy Manure,1120,1-Feb,560,Injection,Winter Rye,839
5,Till,15-Apr,Dairy Manure,1120,1-Feb,560,Injection,Winter Rye,840
0,Till,1-Apr,26:13:00,0,1-May,560,Injection,Winter Rye,841
1,Till,1-Apr,26:13:00,0,1-May,560,Injection,Winter Rye,842
3,Till,1-Apr,26:13:00,0,1-May,560,Injection,Winter Rye,843
5,Till,1-Apr,26:13:00,0,1-May,560,Injection,Winter Rye,844
0,Till,15-Apr,26:13:00,0,1-May,560,Injection,Winter Rye,845
1,Till,15-Apr,26:13:00,0,1-May,560,Injection,Winter Rye,846
3,Till,15-Apr,26:13:00,0,1-May,560,Injection,Winter Rye,847
5,Till,15-Apr,26:13:00,0,1-May,560,Injection,Winter Rye,848
0,Till,1-Apr,28:10:10,0,1-May,560,Injection,Winter Rye,849
1,Till,1-Apr,28:10:10,0,1-May,560,Injection,Winter Rye,850
3,Till,1-Apr,28:10:10,0,1-May,560,Injection,Winter Rye,851
5,Till,1-Apr,28:10:10,0,1-May,560,Injection,Winter Rye,852
0,Till,15-Apr,28:10:10,0,1-May,560,Injection,Winter Rye,853
1,Till,15-Apr,28:10:10,0,1-May,560,Injection,Winter Rye,854
3,Till,15-Apr,28:10:10,0,1-May,560,Injection,Winter Rye,855
5,Till,15-Apr,28:10:10,0,1-May,560,Injection,Winter Rye,856
0,Till,1-Apr,Dairy Manure,0,1-May,560,Injection,Winter Rye,857
1,Till,1-Apr,Dairy Manure,0,1-May,560,Injection,Winter Rye,858
3,Till,1-Apr,Dairy Manure,0,1-May,560,Injection,Winter Rye,859
5,Till,1-Apr,Dairy Manure,0,1-May,560,Injection,Winter Rye,860
0,Till,15-Apr,Dairy Manure,0,1-May,560,Injection,Winter Rye,861
1,Till,15-Apr,Dairy Manure,0,1-May,560,Injection,Winter Rye,862
3,Till,15-Apr,Dairy Manure,0,1-May,560,Injection,Winter Rye,863
5,Till,15-Apr,Dairy Manure,0,1-May,560,Injection,Winter Rye,864
0,Till,1-Apr,26:13:00,140,1-May,560,Injection,Winter Rye,865
1,Till,1-Apr,26:13:00,140,1-May,560,Injection,Winter Rye,866
3,Till,1-Apr,26:13:00,140,1-May,560,Injection,Winter Rye,867
5,Till,1-Apr,26:13:00,140,1-May,560,Injection,Winter Rye,868
0,Till,15-Apr,26:13:00,140,1-May,560,Injection,Winter Rye,869
1,Till,15-Apr,26:13:00,140,1-May,560,Injection,Winter Rye,870
3,Till,15-Apr,26:13:00,140,1-May,560,Injection,Winter Rye,871
5,Till,15-Apr,26:13:00,140,1-May,560,Injection,Winter Rye,872
0,Till,1-Apr,28:10:10,140,1-May,560,Injection,Winter Rye,873
1,Till,1-Apr,28:10:10,140,1-May,560,Injection,Winter Rye,874
3,Till,1-Apr,28:10:10,140,1-May,560,Injection,Winter Rye,875
5,Till,1-Apr,28:10:10,140,1-May,560,Injection,Winter Rye,876
0,Till,15-Apr,28:10:10,140,1-May,560,Injection,Winter Rye,877
1,Till,15-Apr,28:10:10,140,1-May,560,Injection,Winter Rye,878
3,Till,15-Apr,28:10:10,140,1-May,560,Injection,Winter Rye,879
5,Till,15-Apr,28:10:10,140,1-May,560,Injection,Winter Rye,880
0,Till,1-Apr,Dairy Manure,140,1-May,560,Injection,Winter Rye,881
1,Till,1-Apr,Dairy Manure,140,1-May,560,Injection,Winter Rye,882
3,Till,1-Apr,Dairy Manure,140,1-May,560,Injection,Winter Rye,883
5,Till,1-Apr,Dairy Manure,140,1-May,560,Injection,Winter Rye,884
0,Till,15-Apr,Dairy Manure,140,1-May,560,Injection,Winter Rye,885
1,Till,15-Apr,Dairy Manure,140,1-May,560,Injection,Winter Rye,886
3,Till,15-Apr,Dairy Manure,140,1-May,560,Injection,Winter Rye,887
5,Till,15-Apr,Dairy Manure,140,1-May,560,Injection,Winter Rye,888
0,Till,1-Apr,26:13:00,280,1-May,560,Injection,Winter Rye,889
1,Till,1-Apr,26:13:00,280,1-May,560,Injection,Winter Rye,890
3,Till,1-Apr,26:13:00,280,1-May,560,Injection,Winter Rye,891
5,Till,1-Apr,26:13:00,280,1-May,560,Injection,Winter Rye,892
0,Till,15-Apr,26:13:00,280,1-May,560,Injection,Winter Rye,893
1,Till,15-Apr,26:13:00,280,1-May,560,Injection,Winter Rye,894
3,Till,15-Apr,26:13:00,280,1-May,560,Injection,Winter Rye,895
5,Till,15-Apr,26:13:00,280,1-May,560,Injection,Winter Rye,896
0,Till,1-Apr,28:10:10,280,1-May,560,Injection,Winter Rye,897
1,Till,1-Apr,28:10:10,280,1-May,560,Injection,Winter Rye,898
3,Till,1-Apr,28:10:10,280,1-May,560,Injection,Winter Rye,899
5,Till,1-Apr,28:10:10,280,1-May,560,Injection,Winter Rye,900
0,Till,15-Apr,28:10:10,280,1-May,560,Injection,Winter Rye,901
1,Till,15-Apr,28:10:10,280,1-May,560,Injection,Winter Rye,902
3,Till,15-Apr,28:10:10,280,1-May,560,Injection,Winter Rye,903
5,Till,15-Apr,28:10:10,280,1-May,560,Injection,Winter Rye,904
0,Till,1-Apr,Dairy Manure,280,1-May,560,Injection,Winter Rye,905
1,Till,1-Apr,Dairy Manure,280,1-May,560,Injection,Winter Rye,906
3,Till,1-Apr,Dairy Manure,280,1-May,560,Injection,Winter Rye,907
5,Till,1-Apr,Dairy Manure,280,1-May,560,Injection,Winter Rye,908
0,Till,15-Apr,Dairy Manure,280,1-May,560,Injection,Winter Rye,909
1,Till,15-Apr,Dairy Manure,280,1-May,560,Injection,Winter Rye,910
3,Till,15-Apr,Dairy Manure,280,1-May,560,Injection,Winter Rye,911
5,Till,15-Apr,Dairy Manure,280,1-May,560,Injection,Winter Rye,912
0,Till,1-Apr,26:13:00,560,1-May,560,Injection,Winter Rye,913
1,Till,1-Apr,26:13:00,560,1-May,560,Injection,Winter Rye,914
3,Till,1-Apr,26:13:00,560,1-May,560,Injection,Winter Rye,915
5,Till,1-Apr,26:13:00,560,1-May,560,Injection,Winter Rye,916
0,Till,15-Apr,26:13:00,560,1-May,560,Injection,Winter Rye,917
1,Till,15-Apr,26:13:00,560,1-May,560,Injection,Winter Rye,918
3,Till,15-Apr,26:13:00,560,1-May,560,Injection,Winter Rye,919
5,Till,15-Apr,26:13:00,560,1-May,560,Injection,Winter Rye,920
0,Till,1-Apr,28:10:10,560,1-May,560,Injection,Winter Rye,921
1,Till,1-Apr,28:10:10,560,1-May,560,Injection,Winter Rye,922
3,Till,1-Apr,28:10:10,560,1-May,560,Injection,Winter Rye,923
5,Till,1-Apr,28:10:10,560,1-May,560,Injection,Winter Rye,924
0,Till,15-Apr,28:10:10,560,1-May,560,Injection,Winter Rye,925
1,Till,15-Apr,28:10:10,560,1-May,560,Injection,Winter Rye,926
3,Till,15-Apr,28:10:10,560,1-May,560,Injection,Winter Rye,927
5,Till,15-Apr,28:10:10,560,1-May,560,Injection,Winter Rye,928
0,Till,1-Apr,Dairy Manure,560,1-May,560,Injection,Winter Rye,929
1,Till,1-Apr,Dairy Manure,560,1-May,560,Injection,Winter Rye,930
3,Till,1-Apr,Dairy Manure,560,1-May,560,Injection,Winter Rye,931
5,Till,1-Apr,Dairy Manure,560,1-May,560,Injection,Winter Rye,932
0,Till,15-Apr,Dairy Manure,560,1-May,560,Injection,Winter Rye,933
1,Till,15-Apr,Dairy Manure,560,1-May,560,Injection,Winter Rye,934
3,Till,15-Apr,Dairy Manure,560,1-May,560,Injection,Winter Rye,935
5,Till,15-Apr,Dairy Manure,560,1-May,560,Injection,Winter Rye,936
0,Till,1-Apr,26:13:00,1120,1-May,560,Injection,Winter Rye,937
1,Till,1-Apr,26:13:00,1120,1-May,560,Injection,Winter Rye,938
3,Till,1-Apr,26:13:00,1120,1-May,560,Injection,Winter Rye,939
5,Till,1-Apr,26:13:00,1120,1-May,560,Injection,Winter Rye,940
0,Till,15-Apr,26:13:00,1120,1-May,560,Injection,Winter Rye,941
1,Till,15-Apr,26:13:00,1120,1-May,560,Injection,Winter Rye,942
3,Till,15-Apr,26:13:00,1120,1-May,560,Injection,Winter Rye,943
5,Till,15-Apr,26:13:00,1120,1-May,560,Injection,Winter Rye,944
0,Till,1-Apr,28:10:10,1120,1-May,560,Injection,Winter Rye,945
1,Till,1-Apr,28:10:10,1120,1-May,560,Injection,Winter Rye,946
3,Till,1-Apr,28:10:10,1120,1-May,560,Injection,Winter Rye,947
5,Till,1-Apr,28:10:10,1120,1-May,560,Injection,Winter Rye,948
0,Till,15-Apr,28:10:10,1120,1-May,560,Injection,Winter Rye,949
1,Till,15-Apr,28:10:10,1120,1-May,560,Injection,Winter Rye,950
3,Till,15-Apr,28:10:10,1120,1-May,560,Injection,Winter Rye,951
5,Till,15-Apr,28:10:10,1120,1-May,560,Injection,Winter Rye,952
0,Till,1-Apr,Dairy Manure,1120,1-May,560,Injection,Winter Rye,953
1,Till,1-Apr,Dairy Manure,1120,1-May,560,Injection,Winter Rye,954
3,Till,1-Apr,Dairy Manure,1120,1-May,560,Injection,Winter Rye,955
5,Till,1-Apr,Dairy Manure,1120,1-May,560,Injection,Winter Rye,956
0,Till,15-Apr,Dairy Manure,1120,1-May,560,Injection,Winter Rye,957
1,Till,15-Apr,Dairy Manure,1120,1-May,560,Injection,Winter Rye,958
3,Till,15-Apr,Dairy Manure,1120,1-May,560,Injection,Winter Rye,959
5,Till,15-Apr,Dairy Manure,1120,1-May,560,Injection,Winter Rye,960
0,Till,1-Apr,26:13:00,0,1-Feb,1120,Injection,Winter Rye,961
1,Till,1-Apr,26:13:00,0,1-Feb,1120,Injection,Winter Rye,962
3,Till,1-Apr,26:13:00,0,1-Feb,1120,Injection,Winter Rye,963
5,Till,1-Apr,26:13:00,0,1-Feb,1120,Injection,Winter Rye,964
0,Till,15-Apr,26:13:00,0,1-Feb,1120,Injection,Winter Rye,965
1,Till,15-Apr,26:13:00,0,1-Feb,1120,Injection,Winter Rye,966
3,Till,15-Apr,26:13:00,0,1-Feb,1120,Injection,Winter Rye,967
5,Till,15-Apr,26:13:00,0,1-Feb,1120,Injection,Winter Rye,968
0,Till,1-Apr,28:10:10,0,1-Feb,1120,Injection,Winter Rye,969
1,Till,1-Apr,28:10:10,0,1-Feb,1120,Injection,Winter Rye,970
3,Till,1-Apr,28:10:10,0,1-Feb,1120,Injection,Winter Rye,971
5,Till,1-Apr,28:10:10,0,1-Feb,1120,Injection,Winter Rye,972
0,Till,15-Apr,28:10:10,0,1-Feb,1120,Injection,Winter Rye,973
1,Till,15-Apr,28:10:10,0,1-Feb,1120,Injection,Winter Rye,974
3,Till,15-Apr,28:10:10,0,1-Feb,1120,Injection,Winter Rye,975
5,Till,15-Apr,28:10:10,0,1-Feb,1120,Injection,Winter Rye,976
0,Till,1-Apr,Dairy Manure,0,1-Feb,1120,Injection,Winter Rye,977
1,Till,1-Apr,Dairy Manure,0,1-Feb,1120,Injection,Winter Rye,978
3,Till,1-Apr,Dairy Manure,0,1-Feb,1120,Injection,Winter Rye,979
5,Till,1-Apr,Dairy Manure,0,1-Feb,1120,Injection,Winter Rye,980
0,Till,15-Apr,Dairy Manure,0,1-Feb,1120,Injection,Winter Rye,981
1,Till,15-Apr,Dairy Manure,0,1-Feb,1120,Injection,Winter Rye,982
3,Till,15-Apr,Dairy Manure,0,1-Feb,1120,Injection,Winter Rye,983
5,Till,15-Apr,Dairy Manure,0,1-Feb,1120,Injection,Winter Rye,984
0,Till,1-Apr,26:13:00,140,1-Feb,1120,Injection,Winter Rye,985
1,Till,1-Apr,26:13:00,140,1-Feb,1120,Injection,Winter Rye,986
3,Till,1-Apr,26:13:00,140,1-Feb,1120,Injection,Winter Rye,987
5,Till,1-Apr,26:13:00,140,1-Feb,1120,Injection,Winter Rye,988
0,Till,15-Apr,26:13:00,140,1-Feb,1120,Injection,Winter Rye,989
1,Till,15-Apr,26:13:00,140,1-Feb,1120,Injection,Winter Rye,990
3,Till,15-Apr,26:13:00,140,1-Feb,1120,Injection,Winter Rye,991
5,Till,15-Apr,26:13:00,140,1-Feb,1120,Injection,Winter Rye,992
0,Till,1-Apr,28:10:10,140,1-Feb,1120,Injection,Winter Rye,993
1,Till,1-Apr,28:10:10,140,1-Feb,1120,Injection,Winter Rye,994
3,Till,1-Apr,28:10:10,140,1-Feb,1120,Injection,Winter Rye,995
5,Till,1-Apr,28:10:10,140,1-Feb,1120,Injection,Winter Rye,996
0,Till,15-Apr,28:10:10,140,1-Feb,1120,Injection,Winter Rye,997
1,Till,15-Apr,28:10:10,140,1-Feb,1120,Injection,Winter Rye,998
3,Till,15-Apr,28:10:10,140,1-Feb,1120,Injection,Winter Rye,999
5,Till,15-Apr,28:10:10,140,1-Feb,1120,Injection,Winter Rye,1000
0,Till,1-Apr,Dairy Manure,140,1-Feb,1120,Injection,Winter Rye,1001
1,Till,1-Apr,Dairy Manure,140,1-Feb,1120,Injection,Winter Rye,1002
3,Till,1-Apr,Dairy Manure,140,1-Feb,1120,Injection,Winter Rye,1003
5,Till,1-Apr,Dairy Manure,140,1-Feb,1120,Injection,Winter Rye,1004
0,Till,15-Apr,Dairy Manure,140,1-Feb,1120,Injection,Winter Rye,1005
1,Till,15-Apr,Dairy Manure,140,1-Feb,1120,Injection,Winter Rye,1006
3,Till,15-Apr,Dairy Manure,140,1-Feb,1120,Injection,Winter Rye,1007
5,Till,15-Apr,Dairy Manure,140,1-Feb,1120,Injection,Winter Rye,1008
0,Till,1-Apr,26:13:00,280,1-Feb,1120,Injection,Winter Rye,1009
1,Till,1-Apr,26:13:00,280,1-Feb,1120,Injection,Winter Rye,1010
3,Till,1-Apr,26:13:00,280,1-Feb,1120,Injection,Winter Rye,1011
5,Till,1-Apr,26:13:00,280,1-Feb,1120,Injection,Winter Rye,1012
0,Till,15-Apr,26:13:00,280,1-Feb,1120,Injection,Winter Rye,1013
1,Till,15-Apr,26:13:00,280,1-Feb,1120,Injection,Winter Rye,1014
3,Till,15-Apr,26:13:00,280,1-Feb,1120,Injection,Winter Rye,1015
5,Till,15-Apr,26:13:00,280,1-Feb,1120,Injection,Winter Rye,1016
0,Till,1-Apr,28:10:10,280,1-Feb,1120,Injection,Winter Rye,1017
1,Till,1-Apr,28:10:10,280,1-Feb,1120,Injection,Winter Rye,1018
3,Till,1-Apr,28:10:10,280,1-Feb,1120,Injection,Winter Rye,1019
5,Till,1-Apr,28:10:10,280,1-Feb,1120,Injection,Winter Rye,1020
0,Till,15-Apr,28:10:10,280,1-Feb,1120,Injection,Winter Rye,1021
1,Till,15-Apr,28:10:10,280,1-Feb,1120,Injection,Winter Rye,1022
3,Till,15-Apr,28:10:10,280,1-Feb,1120,Injection,Winter Rye,1023
5,Till,15-Apr,28:10:10,280,1-Feb,1120,Injection,Winter Rye,1024
0,Till,1-Apr,Dairy Manure,280,1-Feb,1120,Injection,Winter Rye,1025
1,Till,1-Apr,Dairy Manure,280,1-Feb,1120,Injection,Winter Rye,1026
3,Till,1-Apr,Dairy Manure,280,1-Feb,1120,Injection,Winter Rye,1027
5,Till,1-Apr,Dairy Manure,280,1-Feb,1120,Injection,Winter Rye,1028
0,Till,15-Apr,Dairy Manure,280,1-Feb,1120,Injection,Winter Rye,1029
1,Till,15-Apr,Dairy Manure,280,1-Feb,1120,Injection,Winter Rye,1030
3,Till,15-Apr,Dairy Manure,280,1-Feb,1120,Injection,Winter Rye,1031
5,Till,15-Apr,Dairy Manure,280,1-Feb,1120,Injection,Winter Rye,1032
0,Till,1-Apr,26:13:00,560,1-Feb,1120,Injection,Winter Rye,1033
1,Till,1-Apr,26:13:00,560,1-Feb,1120,Injection,Winter Rye,1034
3,Till,1-Apr,26:13:00,560,1-Feb,1120,Injection,Winter Rye,1035
5,Till,1-Apr,26:13:00,560,1-Feb,1120,Injection,Winter Rye,1036
0,Till,15-Apr,26:13:00,560,1-Feb,1120,Injection,Winter Rye,1037
1,Till,15-Apr,26:13:00,560,1-Feb,1120,Injection,Winter Rye,1038
3,Till,15-Apr,26:13:00,560,1-Feb,1120,Injection,Winter Rye,1039
5,Till,15-Apr,26:13:00,560,1-Feb,1120,Injection,Winter Rye,1040
0,Till,1-Apr,28:10:10,560,1-Feb,1120,Injection,Winter Rye,1041
1,Till,1-Apr,28:10:10,560,1-Feb,1120,Injection,Winter Rye,1042
3,Till,1-Apr,28:10:10,560,1-Feb,1120,Injection,Winter Rye,1043
5,Till,1-Apr,28:10:10,560,1-Feb,1120,Injection,Winter Rye,1044
0,Till,15-Apr,28:10:10,560,1-Feb,1120,Injection,Winter Rye,1045
1,Till,15-Apr,28:10:10,560,1-Feb,1120,Injection,Winter Rye,1046
3,Till,15-Apr,28:10:10,560,1-Feb,1120,Injection,Winter Rye,1047
5,Till,15-Apr,28:10:10,560,1-Feb,1120,Injection,Winter Rye,1048
0,Till,1-Apr,Dairy Manure,560,1-Feb,1120,Injection,Winter Rye,1049
1,Till,1-Apr,Dairy Manure,560,1-Feb,1120,Injection,Winter Rye,1050
3,Till,1-Apr,Dairy Manure,560,1-Feb,1120,Injection,Winter Rye,1051
5,Till,1-Apr,Dairy Manure,560,1-Feb,1120,Injection,Winter Rye,1052
0,Till,15-Apr,Dairy Manure,560,1-Feb,1120,Injection,Winter Rye,1053
1,Till,15-Apr,Dairy Manure,560,1-Feb,1120,Injection,Winter Rye,1054
3,Till,15-Apr,Dairy Manure,560,1-Feb,1120,Injection,Winter Rye,1055
5,Till,15-Apr,Dairy Manure,560,1-Feb,1120,Injection,Winter Rye,1056
0,Till,1-Apr,26:13:00,1120,1-Feb,1120,Injection,Winter Rye,1057
1,Till,1-Apr,26:13:00,1120,1-Feb,1120,Injection,Winter Rye,1058
3,Till,1-Apr,26:13:00,1120,1-Feb,1120,Injection,Winter Rye,1059
5,Till,1-Apr,26:13:00,1120,1-Feb,1120,Injection,Winter Rye,1060
0,Till,15-Apr,26:13:00,1120,1-Feb,1120,Injection,Winter Rye,1061
1,Till,15-Apr,26:13:00,1120,1-Feb,1120,Injection,Winter Rye,1062
3,Till,15-Apr,26:13:00,1120,1-Feb,1120,Injection,Winter Rye,1063
5,Till,15-Apr,26:13:00,1120,1-Feb,1120,Injection,Winter Rye,1064
0,Till,1-Apr,28:10:10,1120,1-Feb,1120,Injection,Winter Rye,1065
1,Till,1-Apr,28:10:10,1120,1-Feb,1120,Injection,Winter Rye,1066
3,Till,1-Apr,28:10:10,1120,1-Feb,1120,Injection,Winter Rye,1067
5,Till,1-Apr,28:10:10,1120,1-Feb,1120,Injection,Winter Rye,1068
0,Till,15-Apr,28:10:10,1120,1-Feb,1120,Injection,Winter Rye,1069
1,Till,15-Apr,28:10:10,1120,1-Feb,1120,Injection,Winter Rye,1070
3,Till,15-Apr,28:10:10,1120,1-Feb,1120,Injection,Winter Rye,1071
5,Till,15-Apr,28:10:10,1120,1-Feb,1120,Injection,Winter Rye,1072
0,Till,1-Apr,Dairy Manure,1120,1-Feb,1120,Injection,Winter Rye,1073
1,Till,1-Apr,Dairy Manure,1120,1-Feb,1120,Injection,Winter Rye,1074
3,Till,1-Apr,Dairy Manure,1120,1-Feb,1120,Injection,Winter Rye,1075
5,Till,1-Apr,Dairy Manure,1120,1-Feb,1120,Injection,Winter Rye,1076
0,Till,15-Apr,Dairy Manure,1120,1-Feb,1120,Injection,Winter Rye,1077
1,Till,15-Apr,Dairy Manure,1120,1-Feb,1120,Injection,Winter Rye,1078
3,Till,15-Apr,Dairy Manure,1120,1-Feb,1120,Injection,Winter Rye,1079
5,Till,15-Apr,Dairy Manure,1120,1-Feb,1120,Injection,Winter Rye,1080
0,Till,1-Apr,26:13:00,0,1-May,1120,Injection,Winter Rye,1081
1,Till,1-Apr,26:13:00,0,1-May,1120,Injection,Winter Rye,1082
3,Till,1-Apr,26:13:00,0,1-May,1120,Injection,Winter Rye,1083
5,Till,1-Apr,26:13:00,0,1-May,1120,Injection,Winter Rye,1084
0,Till,15-Apr,26:13:00,0,1-May,1120,Injection,Winter Rye,1085
1,Till,15-Apr,26:13:00,0,1-May,1120,Injection,Winter Rye,1086
3,Till,15-Apr,26:13:00,0,1-May,1120,Injection,Winter Rye,1087
5,Till,15-Apr,26:13:00,0,1-May,1120,Injection,Winter Rye,1088
0,Till,1-Apr,28:10:10,0,1-May,1120,Injection,Winter Rye,1089
1,Till,1-Apr,28:10:10,0,1-May,1120,Injection,Winter Rye,1090
3,Till,1-Apr,28:10:10,0,1-May,1120,Injection,Winter Rye,1091
5,Till,1-Apr,28:10:10,0,1-May,1120,Injection,Winter Rye,1092
0,Till,15-Apr,28:10:10,0,1-May,1120,Injection,Winter Rye,1093
1,Till,15-Apr,28:10:10,0,1-May,1120,Injection,Winter Rye,1094
3,Till,15-Apr,28:10:10,0,1-May,1120,Injection,Winter Rye,1095
5,Till,15-Apr,28:10:10,0,1-May,1120,Injection,Winter Rye,1096
0,Till,1-Apr,Dairy Manure,0,1-May,1120,Injection,Winter Rye,1097
1,Till,1-Apr,Dairy Manure,0,1-May,1120,Injection,Winter Rye,1098
3,Till,1-Apr,Dairy Manure,0,1-May,1120,Injection,Winter Rye,1099
5,Till,1-Apr,Dairy Manure,0,1-May,1120,Injection,Winter Rye,1100
0,Till,15-Apr,Dairy Manure,0,1-May,1120,Injection,Winter Rye,1101
1,Till,15-Apr,Dairy Manure,0,1-May,1120,Injection,Winter Rye,1102
3,Till,15-Apr,Dairy Manure,0,1-May,1120,Injection,Winter Rye,1103
5,Till,15-Apr,Dairy Manure,0,1-May,1120,Injection,Winter Rye,1104
0,Till,1-Apr,26:13:00,140,1-May,1120,Injection,Winter Rye,1105
1,Till,1-Apr,26:13:00,140,1-May,1120,Injection,Winter Rye,1106
3,Till,1-Apr,26:13:00,140,1-May,1120,Injection,Winter Rye,1107
5,Till,1-Apr,26:13:00,140,1-May,1120,Injection,Winter Rye,1108
0,Till,15-Apr,26:13:00,140,1-May,1120,Injection,Winter Rye,1109
1,Till,15-Apr,26:13:00,140,1-May,1120,Injection,Winter Rye,1110
3,Till,15-Apr,26:13:00,140,1-May,1120,Injection,Winter Rye,1111
5,Till,15-Apr,26:13:00,140,1-May,1120,Injection,Winter Rye,1112
0,Till,1-Apr,28:10:10,140,1-May,1120,Injection,Winter Rye,1113
1,Till,1-Apr,28:10:10,140,1-May,1120,Injection,Winter Rye,1114
3,Till,1-Apr,28:10:10,140,1-May,1120,Injection,Winter Rye,1115
5,Till,1-Apr,28:10:10,140,1-May,1120,Injection,Winter Rye,1116
0,Till,15-Apr,28:10:10,140,1-May,1120,Injection,Winter Rye,1117
1,Till,15-Apr,28:10:10,140,1-May,1120,Injection,Winter Rye,1118
3,Till,15-Apr,28:10:10,140,1-May,1120,Injection,Winter Rye,1119
5,Till,15-Apr,28:10:10,140,1-May,1120,Injection,Winter Rye,1120
0,Till,1-Apr,Dairy Manure,140,1-May,1120,Injection,Winter Rye,1121
1,Till,1-Apr,Dairy Manure,140,1-May,1120,Injection,Winter Rye,1122
3,Till,1-Apr,Dairy Manure,140,1-May,1120,Injection,Winter Rye,1123
5,Till,1-Apr,Dairy Manure,140,1-May,1120,Injection,Winter Rye,1124
0,Till,15-Apr,Dairy Manure,140,1-May,1120,Injection,Winter Rye,1125
1,Till,15-Apr,Dairy Manure,140,1-May,1120,Injection,Winter Rye,1126
3,Till,15-Apr,Dairy Manure,140,1-May,1120,Injection,Winter Rye,1127
5,Till,15-Apr,Dairy Manure,140,1-May,1120,Injection,Winter Rye,1128
0,Till,1-Apr,26:13:00,280,1-May,1120,Injection,Winter Rye,1129
1,Till,1-Apr,26:13:00,280,1-May,1120,Injection,Winter Rye,1130
3,Till,1-Apr,26:13:00,280,1-May,1120,Injection,Winter Rye,1131
5,Till,1-Apr,26:13:00,280,1-May,1120,Injection,Winter Rye,1132
0,Till,15-Apr,26:13:00,280,1-May,1120,Injection,Winter Rye,1133
1,Till,15-Apr,26:13:00,280,1-May,1120,Injection,Winter Rye,1134
3,Till,15-Apr,26:13:00,280,1-May,1120,Injection,Winter Rye,1135
5,Till,15-Apr,26:13:00,280,1-May,1120,Injection,Winter Rye,1136
0,Till,1-Apr,28:10:10,280,1-May,1120,Injection,Winter Rye,1137
1,Till,1-Apr,28:10:10,280,1-May,1120,Injection,Winter Rye,1138
3,Till,1-Apr,28:10:10,280,1-May,1120,Injection,Winter Rye,1139
5,Till,1-Apr,28:10:10,280,1-May,1120,Injection,Winter Rye,1140
0,Till,15-Apr,28:10:10,280,1-May,1120,Injection,Winter Rye,1141
1,Till,15-Apr,28:10:10,280,1-May,1120,Injection,Winter Rye,1142
3,Till,15-Apr,28:10:10,280,1-May,1120,Injection,Winter Rye,1143
5,Till,15-Apr,28:10:10,280,1-May,1120,Injection,Winter Rye,1144
0,Till,1-Apr,Dairy Manure,280,1-May,1120,Injection,Winter Rye,1145
1,Till,1-Apr,Dairy Manure,280,1-May,1120,Injection,Winter Rye,1146
3,Till,1-Apr,Dairy Manure,280,1-May,1120,Injection,Winter Rye,1147
5,Till,1-Apr,Dairy Manure,280,1-May,1120,Injection,Winter Rye,1148
0,Till,15-Apr,Dairy Manure,280,1-May,1120,Injection,Winter Rye,1149
1,Till,15-Apr,Dairy Manure,280,1-May,1120,Injection,Winter Rye,1150
3,Till,15-Apr,Dairy Manure,280,1-May,1120,Injection,Winter Rye,1151
5,Till,15-Apr,Dairy Manure,280,1-May,1120,Injection,Winter Rye,1152
0,Till,1-Apr,26:13:00,560,1-May,1120,Injection,Winter Rye,1153
1,Till,1-Apr,26:13:00,560,1-May,1120,Injection,Winter Rye,1154
3,Till,1-Apr,26:13:00,560,1-May,1120,Injection,Winter Rye,1155
5,Till,1-Apr,26:13:00,560,1-May,1120,Injection,Winter Rye,1156
0,Till,15-Apr,26:13:00,560,1-May,1120,Injection,Winter Rye,1157
1,Till,15-Apr,26:13:00,560,1-May,1120,Injection,Winter Rye,1158
3,Till,15-Apr,26:13:00,560,1-May,1120,Injection,Winter Rye,1159
5,Till,15-Apr,26:13:00,560,1-May,1120,Injection,Winter Rye,1160
0,Till,1-Apr,28:10:10,560,1-May,1120,Injection,Winter Rye,1161
1,Till,1-Apr,28:10:10,560,1-May,1120,Injection,Winter Rye,1162
3,Till,1-Apr,28:10:10,560,1-May,1120,Injection,Winter Rye,1163
5,Till,1-Apr,28:10:10,560,1-May,1120,Injection,Winter Rye,1164
0,Till,15-Apr,28:10:10,560,1-May,1120,Injection,Winter Rye,1165
1,Till,15-Apr,28:10:10,560,1-May,1120,Injection,Winter Rye,1166
3,Till,15-Apr,28:10:10,560,1-May,1120,Injection,Winter Rye,1167
5,Till,15-Apr,28:10:10,560,1-May,1120,Injection,Winter Rye,1168
0,Till,1-Apr,Dairy Manure,560,1-May,1120,Injection,Winter Rye,1169
1,Till,1-Apr,Dairy Manure,560,1-May,1120,Injection,Winter Rye,1170
3,Till,1-Apr,Dairy Manure,560,1-May,1120,Injection,Winter Rye,1171
5,Till,1-Apr,Dairy Manure,560,1-May,1120,Injection,Winter Rye,1172
0,Till,15-Apr,Dairy Manure,560,1-May,1120,Injection,Winter Rye,1173
1,Till,15-Apr,Dairy Manure,560,1-May,1120,Injection,Winter Rye,1174
3,Till,15-Apr,Dairy Manure,560,1-May,1120,Injection,Winter Rye,1175
5,Till,15-Apr,Dairy Manure,560,1-May,1120,Injection,Winter Rye,1176
0,Till,1-Apr,26:13:00,1120,1-May,1120,Injection,Winter Rye,1177
1,Till,1-Apr,26:13:00,1120,1-May,1120,Injection,Winter Rye,1178
3,Till,1-Apr,26:13:00,1120,1-May,1120,Injection,Winter Rye,1179
5,Till,1-Apr,26:13:00,1120,1-May,1120,Injection,Winter Rye,1180
0,Till,15-Apr,26:13:00,1120,1-May,1120,Injection,Winter Rye,1181
1,Till,15-Apr,26:13:00,1120,1-May,1120,Injection,Winter Rye,1182
3,Till,15-Apr,26:13:00,1120,1-May,1120,Injection,Winter Rye,1183
5,Till,15-Apr,26:13:00,1120,1-May,1120,Injection,Winter Rye,1184
0,Till,1-Apr,28:10:10,1120,1-May,1120,Injection,Winter Rye,1185
1,Till,1-Apr,28:10:10,1120,1-May,1120,Injection,Winter Rye,1186
3,Till,1-Apr,28:10:10,1120,1-May,1120,Injection,Winter Rye,1187
5,Till,1-Apr,28:10:10,1120,1-May,1120,Injection,Winter Rye,1188
0,Till,15-Apr,28:10:10,1120,1-May,1120,Injection,Winter Rye,1189
1,Till,15-Apr,28:10:10,1120,1-May,1120,Injection,Winter Rye,1190
3,Till,15-Apr,28:10:10,1120,1-May,1120,Injection,Winter Rye,1191
5,Till,15-Apr,28:10:10,1120,1-May,1120,Injection,Winter Rye,1192
0,Till,1-Apr,Dairy Manure,1120,1-May,1120,Injection,Winter Rye,1193
1,Till,1-Apr,Dairy Manure,1120,1-May,1120,Injection,Winter Rye,1194
3,Till,1-Apr,Dairy Manure,1120,1-May,1120,Injection,Winter Rye,1195
5,Till,1-Apr,Dairy Manure,1120,1-May,1120,Injection,Winter Rye,1196
0,Till,15-Apr,Dairy Manure,1120,1-May,1120,Injection,Winter Rye,1197
1,Till,15-Apr,Dairy Manure,1120,1-May,1120,Injection,Winter Rye,1198
3,Till,15-Apr,Dairy Manure,1120,1-May,1120,Injection,Winter Rye,1199
5,Till,15-Apr,Dairy Manure,1120,1-May,1120,Injection,Winter Rye,1200
0,Till,1-Apr,26:13:00,0,1-Feb,0,Aerial Solid,Winter Rye,1201
1,Till,1-Apr,26:13:00,0,1-Feb,0,Aerial Solid,Winter Rye,1202
3,Till,1-Apr,26:13:00,0,1-Feb,0,Aerial Solid,Winter Rye,1203
5,Till,1-Apr,26:13:00,0,1-Feb,0,Aerial Solid,Winter Rye,1204
0,Till,15-Apr,26:13:00,0,1-Feb,0,Aerial Solid,Winter Rye,1205
1,Till,15-Apr,26:13:00,0,1-Feb,0,Aerial Solid,Winter Rye,1206
3,Till,15-Apr,26:13:00,0,1-Feb,0,Aerial Solid,Winter Rye,1207
5,Till,15-Apr,26:13:00,0,1-Feb,0,Aerial Solid,Winter Rye,1208
0,Till,1-Apr,28:10:10,0,1-Feb,0,Aerial Solid,Winter Rye,1209
1,Till,1-Apr,28:10:10,0,1-Feb,0,Aerial Solid,Winter Rye,1210
3,Till,1-Apr,28:10:10,0,1-Feb,0,Aerial Solid,Winter Rye,1211
5,Till,1-Apr,28:10:10,0,1-Feb,0,Aerial Solid,Winter Rye,1212
0,Till,15-Apr,28:10:10,0,1-Feb,0,Aerial Solid,Winter Rye,1213
1,Till,15-Apr,28:10:10,0,1-Feb,0,Aerial Solid,Winter Rye,1214
3,Till,15-Apr,28:10:10,0,1-Feb,0,Aerial Solid,Winter Rye,1215
5,Till,15-Apr,28:10:10,0,1-Feb,0,Aerial Solid,Winter Rye,1216
0,Till,1-Apr,Dairy Manure,0,1-Feb,0,Aerial Solid,Winter Rye,1217
1,Till,1-Apr,Dairy Manure,0,1-Feb,0,Aerial Solid,Winter Rye,1218
3,Till,1-Apr,Dairy Manure,0,1-Feb,0,Aerial Solid,Winter Rye,1219
5,Till,1-Apr,Dairy Manure,0,1-Feb,0,Aerial Solid,Winter Rye,1220
0,Till,15-Apr,Dairy Manure,0,1-Feb,0,Aerial Solid,Winter Rye,1221
1,Till,15-Apr,Dairy Manure,0,1-Feb,0,Aerial Solid,Winter Rye,1222
3,Till,15-Apr,Dairy Manure,0,1-Feb,0,Aerial Solid,Winter Rye,1223
5,Till,15-Apr,Dairy Manure,0,1-Feb,0,Aerial Solid,Winter Rye,1224
0,Till,1-Apr,26:13:00,140,1-Feb,0,Aerial Solid,Winter Rye,1225
1,Till,1-Apr,26:13:00,140,1-Feb,0,Aerial Solid,Winter Rye,1226
3,Till,1-Apr,26:13:00,140,1-Feb,0,Aerial Solid,Winter Rye,1227
5,Till,1-Apr,26:13:00,140,1-Feb,0,Aerial Solid,Winter Rye,1228
0,Till,15-Apr,26:13:00,140,1-Feb,0,Aerial Solid,Winter Rye,1229
1,Till,15-Apr,26:13:00,140,1-Feb,0,Aerial Solid,Winter Rye,1230
3,Till,15-Apr,26:13:00,140,1-Feb,0,Aerial Solid,Winter Rye,1231
5,Till,15-Apr,26:13:00,140,1-Feb,0,Aerial Solid,Winter Rye,1232
0,Till,1-Apr,28:10:10,140,1-Feb,0,Aerial Solid,Winter Rye,1233
1,Till,1-Apr,28:10:10,140,1-Feb,0,Aerial Solid,Winter Rye,1234
3,Till,1-Apr,28:10:10,140,1-Feb,0,Aerial Solid,Winter Rye,1235
5,Till,1-Apr,28:10:10,140,1-Feb,0,Aerial Solid,Winter Rye,1236
0,Till,15-Apr,28:10:10,140,1-Feb,0,Aerial Solid,Winter Rye,1237
1,Till,15-Apr,28:10:10,140,1-Feb,0,Aerial Solid,Winter Rye,1238
3,Till,15-Apr,28:10:10,140,1-Feb,0,Aerial Solid,Winter Rye,1239
5,Till,15-Apr,28:10:10,140,1-Feb,0,Aerial Solid,Winter Rye,1240
0,Till,1-Apr,Dairy Manure,140,1-Feb,0,Aerial Solid,Winter Rye,1241
1,Till,1-Apr,Dairy Manure,140,1-Feb,0,Aerial Solid,Winter Rye,1242
3,Till,1-Apr,Dairy Manure,140,1-Feb,0,Aerial Solid,Winter Rye,1243
5,Till,1-Apr,Dairy Manure,140,1-Feb,0,Aerial Solid,Winter Rye,1244
0,Till,15-Apr,Dairy Manure,140,1-Feb,0,Aerial Solid,Winter Rye,1245
1,Till,15-Apr,Dairy Manure,140,1-Feb,0,Aerial Solid,Winter Rye,1246
3,Till,15-Apr,Dairy Manure,140,1-Feb,0,Aerial Solid,Winter Rye,1247
5,Till,15-Apr,Dairy Manure,140,1-Feb,0,Aerial Solid,Winter Rye,1248
0,Till,1-Apr,26:13:00,280,1-Feb,0,Aerial Solid,Winter Rye,1249
1,Till,1-Apr,26:13:00,280,1-Feb,0,Aerial Solid,Winter Rye,1250
3,Till,1-Apr,26:13:00,280,1-Feb,0,Aerial Solid,Winter Rye,1251
5,Till,1-Apr,26:13:00,280,1-Feb,0,Aerial Solid,Winter Rye,1252
0,Till,15-Apr,26:13:00,280,1-Feb,0,Aerial Solid,Winter Rye,1253
1,Till,15-Apr,26:13:00,280,1-Feb,0,Aerial Solid,Winter Rye,1254
3,Till,15-Apr,26:13:00,280,1-Feb,0,Aerial Solid,Winter Rye,1255
5,Till,15-Apr,26:13:00,280,1-Feb,0,Aerial Solid,Winter Rye,1256
0,Till,1-Apr,28:10:10,280,1-Feb,0,Aerial Solid,Winter Rye,1257
1,Till,1-Apr,28:10:10,280,1-Feb,0,Aerial Solid,Winter Rye,1258
3,Till,1-Apr,28:10:10,280,1-Feb,0,Aerial Solid,Winter Rye,1259
5,Till,1-Apr,28:10:10,280,1-Feb,0,Aerial Solid,Winter Rye,1260
0,Till,15-Apr,28:10:10,280,1-Feb,0,Aerial Solid,Winter Rye,1261
1,Till,15-Apr,28:10:10,280,1-Feb,0,Aerial Solid,Winter Rye,1262
3,Till,15-Apr,28:10:10,280,1-Feb,0,Aerial Solid,Winter Rye,1263
5,Till,15-Apr,28:10:10,280,1-Feb,0,Aerial Solid,Winter Rye,1264
0,Till,1-Apr,Dairy Manure,280,1-Feb,0,Aerial Solid,Winter Rye,1265
1,Till,1-Apr,Dairy Manure,280,1-Feb,0,Aerial Solid,Winter Rye,1266
3,Till,1-Apr,Dairy Manure,280,1-Feb,0,Aerial Solid,Winter Rye,1267
5,Till,1-Apr,Dairy Manure,280,1-Feb,0,Aerial Solid,Winter Rye,1268
0,Till,15-Apr,Dairy Manure,280,1-Feb,0,Aerial Solid,Winter Rye,1269
1,Till,15-Apr,Dairy Manure,280,1-Feb,0,Aerial Solid,Winter Rye,1270
3,Till,15-Apr,Dairy Manure,280,1-Feb,0,Aerial Solid,Winter Rye,1271
5,Till,15-Apr,Dairy Manure,280,1-Feb,0,Aerial Solid,Winter Rye,1272
0,Till,1-Apr,26:13:00,560,1-Feb,0,Aerial Solid,Winter Rye,1273
1,Till,1-Apr,26:13:00,560,1-Feb,0,Aerial Solid,Winter Rye,1274
3,Till,1-Apr,26:13:00,560,1-Feb,0,Aerial Solid,Winter Rye,1275
5,Till,1-Apr,26:13:00,560,1-Feb,0,Aerial Solid,Winter Rye,1276
0,Till,15-Apr,26:13:00,560,1-Feb,0,Aerial Solid,Winter Rye,1277
1,Till,15-Apr,26:13:00,560,1-Feb,0,Aerial Solid,Winter Rye,1278
3,Till,15-Apr,26:13:00,560,1-Feb,0,Aerial Solid,Winter Rye,1279
5,Till,15-Apr,26:13:00,560,1-Feb,0,Aerial Solid,Winter Rye,1280
0,Till,1-Apr,28:10:10,560,1-Feb,0,Aerial Solid,Winter Rye,1281
1,Till,1-Apr,28:10:10,560,1-Feb,0,Aerial Solid,Winter Rye,1282
3,Till,1-Apr,28:10:10,560,1-Feb,0,Aerial Solid,Winter Rye,1283
5,Till,1-Apr,28:10:10,560,1-Feb,0,Aerial Solid,Winter Rye,1284
0,Till,15-Apr,28:10:10,560,1-Feb,0,Aerial Solid,Winter Rye,1285
1,Till,15-Apr,28:10:10,560,1-Feb,0,Aerial Solid,Winter Rye,1286
3,Till,15-Apr,28:10:10,560,1-Feb,0,Aerial Solid,Winter Rye,1287
5,Till,15-Apr,28:10:10,560,1-Feb,0,Aerial Solid,Winter Rye,1288
0,Till,1-Apr,Dairy Manure,560,1-Feb,0,Aerial Solid,Winter Rye,1289
1,Till,1-Apr,Dairy Manure,560,1-Feb,0,Aerial Solid,Winter Rye,1290
3,Till,1-Apr,Dairy Manure,560,1-Feb,0,Aerial Solid,Winter Rye,1291
5,Till,1-Apr,Dairy Manure,560,1-Feb,0,Aerial Solid,Winter Rye,1292
0,Till,15-Apr,Dairy Manure,560,1-Feb,0,Aerial Solid,Winter Rye,1293
1,Till,15-Apr,Dairy Manure,560,1-Feb,0,Aerial Solid,Winter Rye,1294
3,Till,15-Apr,Dairy Manure,560,1-Feb,0,Aerial Solid,Winter Rye,1295
5,Till,15-Apr,Dairy Manure,560,1-Feb,0,Aerial Solid,Winter Rye,1296
0,Till,1-Apr,26:13:00,1120,1-Feb,0,Aerial Solid,Winter Rye,1297
1,Till,1-Apr,26:13:00,1120,1-Feb,0,Aerial Solid,Winter Rye,1298
3,Till,1-Apr,26:13:00,1120,1-Feb,0,Aerial Solid,Winter Rye,1299
5,Till,1-Apr,26:13:00,1120,1-Feb,0,Aerial Solid,Winter Rye,1300
0,Till,15-Apr,26:13:00,1120,1-Feb,0,Aerial Solid,Winter Rye,1301
1,Till,15-Apr,26:13:00,1120,1-Feb,0,Aerial Solid,Winter Rye,1302
3,Till,15-Apr,26:13:00,1120,1-Feb,0,Aerial Solid,Winter Rye,1303
5,Till,15-Apr,26:13:00,1120,1-Feb,0,Aerial Solid,Winter Rye,1304
0,Till,1-Apr,28:10:10,1120,1-Feb,0,Aerial Solid,Winter Rye,1305
1,Till,1-Apr,28:10:10,1120,1-Feb,0,Aerial Solid,Winter Rye,1306
3,Till,1-Apr,28:10:10,1120,1-Feb,0,Aerial Solid,Winter Rye,1307
5,Till,1-Apr,28:10:10,1120,1-Feb,0,Aerial Solid,Winter Rye,1308
0,Till,15-Apr,28:10:10,1120,1-Feb,0,Aerial Solid,Winter Rye,1309
1,Till,15-Apr,28:10:10,1120,1-Feb,0,Aerial Solid,Winter Rye,1310
3,Till,15-Apr,28:10:10,1120,1-Feb,0,Aerial Solid,Winter Rye,1311
5,Till,15-Apr,28:10:10,1120,1-Feb,0,Aerial Solid,Winter Rye,1312
0,Till,1-Apr,Dairy Manure,1120,1-Feb,0,Aerial Solid,Winter Rye,1313
1,Till,1-Apr,Dairy Manure,1120,1-Feb,0,Aerial Solid,Winter Rye,1314
3,Till,1-Apr,Dairy Manure,1120,1-Feb,0,Aerial Solid,Winter Rye,1315
5,Till,1-Apr,Dairy Manure,1120,1-Feb,0,Aerial Solid,Winter Rye,1316
0,Till,15-Apr,Dairy Manure,1120,1-Feb,0,Aerial Solid,Winter Rye,1317
1,Till,15-Apr,Dairy Manure,1120,1-Feb,0,Aerial Solid,Winter Rye,1318
3,Till,15-Apr,Dairy Manure,1120,1-Feb,0,Aerial Solid,Winter Rye,1319
5,Till,15-Apr,Dairy Manure,1120,1-Feb,0,Aerial Solid,Winter Rye,1320
0,Till,1-Apr,26:13:00,0,1-May,0,Aerial Solid,Winter Rye,1321
1,Till,1-Apr,26:13:00,0,1-May,0,Aerial Solid,Winter Rye,1322
3,Till,1-Apr,26:13:00,0,1-May,0,Aerial Solid,Winter Rye,1323
5,Till,1-Apr,26:13:00,0,1-May,0,Aerial Solid,Winter Rye,1324
0,Till,15-Apr,26:13:00,0,1-May,0,Aerial Solid,Winter Rye,1325
1,Till,15-Apr,26:13:00,0,1-May,0,Aerial Solid,Winter Rye,1326
3,Till,15-Apr,26:13:00,0,1-May,0,Aerial Solid,Winter Rye,1327
5,Till,15-Apr,26:13:00,0,1-May,0,Aerial Solid,Winter Rye,1328
0,Till,1-Apr,28:10:10,0,1-May,0,Aerial Solid,Winter Rye,1329
1,Till,1-Apr,28:10:10,0,1-May,0,Aerial Solid,Winter Rye,1330
3,Till,1-Apr,28:10:10,0,1-May,0,Aerial Solid,Winter Rye,1331
5,Till,1-Apr,28:10:10,0,1-May,0,Aerial Solid,Winter Rye,1332
0,Till,15-Apr,28:10:10,0,1-May,0,Aerial Solid,Winter Rye,1333
1,Till,15-Apr,28:10:10,0,1-May,0,Aerial Solid,Winter Rye,1334
3,Till,15-Apr,28:10:10,0,1-May,0,Aerial Solid,Winter Rye,1335
5,Till,15-Apr,28:10:10,0,1-May,0,Aerial Solid,Winter Rye,1336
0,Till,1-Apr,Dairy Manure,0,1-May,0,Aerial Solid,Winter Rye,1337
1,Till,1-Apr,Dairy Manure,0,1-May,0,Aerial Solid,Winter Rye,1338
3,Till,1-Apr,Dairy Manure,0,1-May,0,Aerial Solid,Winter Rye,1339
5,Till,1-Apr,Dairy Manure,0,1-May,0,Aerial Solid,Winter Rye,1340
0,Till,15-Apr,Dairy Manure,0,1-May,0,Aerial Solid,Winter Rye,1341
1,Till,15-Apr,Dairy Manure,0,1-May,0,Aerial Solid,Winter Rye,1342
3,Till,15-Apr,Dairy Manure,0,1-May,0,Aerial Solid,Winter Rye,1343
5,Till,15-Apr,Dairy Manure,0,1-May,0,Aerial Solid,Winter Rye,1344
0,Till,1-Apr,26:13:00,140,1-May,0,Aerial Solid,Winter Rye,1345
1,Till,1-Apr,26:13:00,140,1-May,0,Aerial Solid,Winter Rye,1346
3,Till,1-Apr,26:13:00,140,1-May,0,Aerial Solid,Winter Rye,1347
5,Till,1-Apr,26:13:00,140,1-May,0,Aerial Solid,Winter Rye,1348
0,Till,15-Apr,26:13:00,140,1-May,0,Aerial Solid,Winter Rye,1349
1,Till,15-Apr,26:13:00,140,1-May,0,Aerial Solid,Winter Rye,1350
3,Till,15-Apr,26:13:00,140,1-May,0,Aerial Solid,Winter Rye,1351
5,Till,15-Apr,26:13:00,140,1-May,0,Aerial Solid,Winter Rye,1352
0,Till,1-Apr,28:10:10,140,1-May,0,Aerial Solid,Winter Rye,1353
1,Till,1-Apr,28:10:10,140,1-May,0,Aerial Solid,Winter Rye,1354
3,Till,1-Apr,28:10:10,140,1-May,0,Aerial Solid,Winter Rye,1355
5,Till,1-Apr,28:10:10,140,1-May,0,Aerial Solid,Winter Rye,1356
0,Till,15-Apr,28:10:10,140,1-May,0,Aerial Solid,Winter Rye,1357
1,Till,15-Apr,28:10:10,140,1-May,0,Aerial Solid,Winter Rye,1358
3,Till,15-Apr,28:10:10,140,1-May,0,Aerial Solid,Winter Rye,1359
5,Till,15-Apr,28:10:10,140,1-May,0,Aerial Solid,Winter Rye,1360
0,Till,1-Apr,Dairy Manure,140,1-May,0,Aerial Solid,Winter Rye,1361
1,Till,1-Apr,Dairy Manure,140,1-May,0,Aerial Solid,Winter Rye,1362
3,Till,1-Apr,Dairy Manure,140,1-May,0,Aerial Solid,Winter Rye,1363
5,Till,1-Apr,Dairy Manure,140,1-May,0,Aerial Solid,Winter Rye,1364
0,Till,15-Apr,Dairy Manure,140,1-May,0,Aerial Solid,Winter Rye,1365
1,Till,15-Apr,Dairy Manure,140,1-May,0,Aerial Solid,Winter Rye,1366
3,Till,15-Apr,Dairy Manure,140,1-May,0,Aerial Solid,Winter Rye,1367
5,Till,15-Apr,Dairy Manure,140,1-May,0,Aerial Solid,Winter Rye,1368
0,Till,1-Apr,26:13:00,280,1-May,0,Aerial Solid,Winter Rye,1369
1,Till,1-Apr,26:13:00,280,1-May,0,Aerial Solid,Winter Rye,1370
3,Till,1-Apr,26:13:00,280,1-May,0,Aerial Solid,Winter Rye,1371
5,Till,1-Apr,26:13:00,280,1-May,0,Aerial Solid,Winter Rye,1372
0,Till,15-Apr,26:13:00,280,1-May,0,Aerial Solid,Winter Rye,1373
1,Till,15-Apr,26:13:00,280,1-May,0,Aerial Solid,Winter Rye,1374
3,Till,15-Apr,26:13:00,280,1-May,0,Aerial Solid,Winter Rye,1375
5,Till,15-Apr,26:13:00,280,1-May,0,Aerial Solid,Winter Rye,1376
0,Till,1-Apr,28:10:10,280,1-May,0,Aerial Solid,Winter Rye,1377
1,Till,1-Apr,28:10:10,280,1-May,0,Aerial Solid,Winter Rye,1378
3,Till,1-Apr,28:10:10,280,1-May,0,Aerial Solid,Winter Rye,1379
5,Till,1-Apr,28:10:10,280,1-May,0,Aerial Solid,Winter Rye,1380
0,Till,15-Apr,28:10:10,280,1-May,0,Aerial Solid,Winter Rye,1381
1,Till,15-Apr,28:10:10,280,1-May,0,Aerial Solid,Winter Rye,1382
3,Till,15-Apr,28:10:10,280,1-May,0,Aerial Solid,Winter Rye,1383
5,Till,15-Apr,28:10:10,280,1-May,0,Aerial Solid,Winter Rye,1384
0,Till,1-Apr,Dairy Manure,280,1-May,0,Aerial Solid,Winter Rye,1385
1,Till,1-Apr,Dairy Manure,280,1-May,0,Aerial Solid,Winter Rye,1386
3,Till,1-Apr,Dairy Manure,280,1-May,0,Aerial Solid,Winter Rye,1387
5,Till,1-Apr,Dairy Manure,280,1-May,0,Aerial Solid,Winter Rye,1388
0,Till,15-Apr,Dairy Manure,280,1-May,0,Aerial Solid,Winter Rye,1389
1,Till,15-Apr,Dairy Manure,280,1-May,0,Aerial Solid,Winter Rye,1390
3,Till,15-Apr,Dairy Manure,280,1-May,0,Aerial Solid,Winter Rye,1391
5,Till,15-Apr,Dairy Manure,280,1-May,0,Aerial Solid,Winter Rye,1392
0,Till,1-Apr,26:13:00,560,1-May,0,Aerial Solid,Winter Rye,1393
1,Till,1-Apr,26:13:00,560,1-May,0,Aerial Solid,Winter Rye,1394
3,Till,1-Apr,26:13:00,560,1-May,0,Aerial Solid,Winter Rye,1395
5,Till,1-Apr,26:13:00,560,1-May,0,Aerial Solid,Winter Rye,1396
0,Till,15-Apr,26:13:00,560,1-May,0,Aerial Solid,Winter Rye,1397
1,Till,15-Apr,26:13:00,560,1-May,0,Aerial Solid,Winter Rye,1398
3,Till,15-Apr,26:13:00,560,1-May,0,Aerial Solid,Winter Rye,1399
5,Till,15-Apr,26:13:00,560,1-May,0,Aerial Solid,Winter Rye,1400
0,Till,1-Apr,28:10:10,560,1-May,0,Aerial Solid,Winter Rye,1401
1,Till,1-Apr,28:10:10,560,1-May,0,Aerial Solid,Winter Rye,1402
3,Till,1-Apr,28:10:10,560,1-May,0,Aerial Solid,Winter Rye,1403
5,Till,1-Apr,28:10:10,560,1-May,0,Aerial Solid,Winter Rye,1404
0,Till,15-Apr,28:10:10,560,1-May,0,Aerial Solid,Winter Rye,1405
1,Till,15-Apr,28:10:10,560,1-May,0,Aerial Solid,Winter Rye,1406
3,Till,15-Apr,28:10:10,560,1-May,0,Aerial Solid,Winter Rye,1407
5,Till,15-Apr,28:10:10,560,1-May,0,Aerial Solid,Winter Rye,1408
0,Till,1-Apr,Dairy Manure,560,1-May,0,Aerial Solid,Winter Rye,1409
1,Till,1-Apr,Dairy Manure,560,1-May,0,Aerial Solid,Winter Rye,1410
3,Till,1-Apr,Dairy Manure,560,1-May,0,Aerial Solid,Winter Rye,1411
5,Till,1-Apr,Dairy Manure,560,1-May,0,Aerial Solid,Winter Rye,1412
0,Till,15-Apr,Dairy Manure,560,1-May,0,Aerial Solid,Winter Rye,1413
1,Till,15-Apr,Dairy Manure,560,1-May,0,Aerial Solid,Winter Rye,1414
3,Till,15-Apr,Dairy Manure,560,1-May,0,Aerial Solid,Winter Rye,1415
5,Till,15-Apr,Dairy Manure,560,1-May,0,Aerial Solid,Winter Rye,1416
0,Till,1-Apr,26:13:00,1120,1-May,0,Aerial Solid,Winter Rye,1417
1,Till,1-Apr,26:13:00,1120,1-May,0,Aerial Solid,Winter Rye,1418
3,Till,1-Apr,26:13:00,1120,1-May,0,Aerial Solid,Winter Rye,1419
5,Till,1-Apr,26:13:00,1120,1-May,0,Aerial Solid,Winter Rye,1420
0,Till,15-Apr,26:13:00,1120,1-May,0,Aerial Solid,Winter Rye,1421
1,Till,15-Apr,26:13:00,1120,1-May,0,Aerial Solid,Winter Rye,1422
3,Till,15-Apr,26:13:00,1120,1-May,0,Aerial Solid,Winter Rye,1423
5,Till,15-Apr,26:13:00,1120,1-May,0,Aerial Solid,Winter Rye,1424
0,Till,1-Apr,28:10:10,1120,1-May,0,Aerial Solid,Winter Rye,1425
1,Till,1-Apr,28:10:10,1120,1-May,0,Aerial Solid,Winter Rye,1426
3,Till,1-Apr,28:10:10,1120,1-May,0,Aerial Solid,Winter Rye,1427
5,Till,1-Apr,28:10:10,1120,1-May,0,Aerial Solid,Winter Rye,1428
0,Till,15-Apr,28:10:10,1120,1-May,0,Aerial Solid,Winter Rye,1429
1,Till,15-Apr,28:10:10,1120,1-May,0,Aerial Solid,Winter Rye,1430
3,Till,15-Apr,28:10:10,1120,1-May,0,Aerial Solid,Winter Rye,1431
5,Till,15-Apr,28:10:10,1120,1-May,0,Aerial Solid,Winter Rye,1432
0,Till,1-Apr,Dairy Manure,1120,1-May,0,Aerial Solid,Winter Rye,1433
1,Till,1-Apr,Dairy Manure,1120,1-May,0,Aerial Solid,Winter Rye,1434
3,Till,1-Apr,Dairy Manure,1120,1-May,0,Aerial Solid,Winter Rye,1435
5,Till,1-Apr,Dairy Manure,1120,1-May,0,Aerial Solid,Winter Rye,1436
0,Till,15-Apr,Dairy Manure,1120,1-May,0,Aerial Solid,Winter Rye,1437
1,Till,15-Apr,Dairy Manure,1120,1-May,0,Aerial Solid,Winter Rye,1438
3,Till,15-Apr,Dairy Manure,1120,1-May,0,Aerial Solid,Winter Rye,1439
5,Till,15-Apr,Dairy Manure,1120,1-May,0,Aerial Solid,Winter Rye,1440
0,Till,1-Apr,26:13:00,0,1-Feb,140,Aerial Solid,Winter Rye,1441
1,Till,1-Apr,26:13:00,0,1-Feb,140,Aerial Solid,Winter Rye,1442
3,Till,1-Apr,26:13:00,0,1-Feb,140,Aerial Solid,Winter Rye,1443
5,Till,1-Apr,26:13:00,0,1-Feb,140,Aerial Solid,Winter Rye,1444
0,Till,15-Apr,26:13:00,0,1-Feb,140,Aerial Solid,Winter Rye,1445
1,Till,15-Apr,26:13:00,0,1-Feb,140,Aerial Solid,Winter Rye,1446
3,Till,15-Apr,26:13:00,0,1-Feb,140,Aerial Solid,Winter Rye,1447
5,Till,15-Apr,26:13:00,0,1-Feb,140,Aerial Solid,Winter Rye,1448
0,Till,1-Apr,28:10:10,0,1-Feb,140,Aerial Solid,Winter Rye,1449
1,Till,1-Apr,28:10:10,0,1-Feb,140,Aerial Solid,Winter Rye,1450
3,Till,1-Apr,28:10:10,0,1-Feb,140,Aerial Solid,Winter Rye,1451
5,Till,1-Apr,28:10:10,0,1-Feb,140,Aerial Solid,Winter Rye,1452
0,Till,15-Apr,28:10:10,0,1-Feb,140,Aerial Solid,Winter Rye,1453
1,Till,15-Apr,28:10:10,0,1-Feb,140,Aerial Solid,Winter Rye,1454
3,Till,15-Apr,28:10:10,0,1-Feb,140,Aerial Solid,Winter Rye,1455
5,Till,15-Apr,28:10:10,0,1-Feb,140,Aerial Solid,Winter Rye,1456
0,Till,1-Apr,Dairy Manure,0,1-Feb,140,Aerial Solid,Winter Rye,1457
1,Till,1-Apr,Dairy Manure,0,1-Feb,140,Aerial Solid,Winter Rye,1458
3,Till,1-Apr,Dairy Manure,0,1-Feb,140,Aerial Solid,Winter Rye,1459
5,Till,1-Apr,Dairy Manure,0,1-Feb,140,Aerial Solid,Winter Rye,1460
0,Till,15-Apr,Dairy Manure,0,1-Feb,140,Aerial Solid,Winter Rye,1461
1,Till,15-Apr,Dairy Manure,0,1-Feb,140,Aerial Solid,Winter Rye,1462
3,Till,15-Apr,Dairy Manure,0,1-Feb,140,Aerial Solid,Winter Rye,1463
5,Till,15-Apr,Dairy Manure,0,1-Feb,140,Aerial Solid,Winter Rye,1464
0,Till,1-Apr,26:13:00,140,1-Feb,140,Aerial Solid,Winter Rye,1465
1,Till,1-Apr,26:13:00,140,1-Feb,140,Aerial Solid,Winter Rye,1466
3,Till,1-Apr,26:13:00,140,1-Feb,140,Aerial Solid,Winter Rye,1467
5,Till,1-Apr,26:13:00,140,1-Feb,140,Aerial Solid,Winter Rye,1468
0,Till,15-Apr,26:13:00,140,1-Feb,140,Aerial Solid,Winter Rye,1469
1,Till,15-Apr,26:13:00,140,1-Feb,140,Aerial Solid,Winter Rye,1470
3,Till,15-Apr,26:13:00,140,1-Feb,140,Aerial Solid,Winter Rye,1471
5,Till,15-Apr,26:13:00,140,1-Feb,140,Aerial Solid,Winter Rye,1472
0,Till,1-Apr,28:10:10,140,1-Feb,140,Aerial Solid,Winter Rye,1473
1,Till,1-Apr,28:10:10,140,1-Feb,140,Aerial Solid,Winter Rye,1474
3,Till,1-Apr,28:10:10,140,1-Feb,140,Aerial Solid,Winter Rye,1475
5,Till,1-Apr,28:10:10,140,1-Feb,140,Aerial Solid,Winter Rye,1476
0,Till,15-Apr,28:10:10,140,1-Feb,140,Aerial Solid,Winter Rye,1477
1,Till,15-Apr,28:10:10,140,1-Feb,140,Aerial Solid,Winter Rye,1478
3,Till,15-Apr,28:10:10,140,1-Feb,140,Aerial Solid,Winter Rye,1479
5,Till,15-Apr,28:10:10,140,1-Feb,140,Aerial Solid,Winter Rye,1480
0,Till,1-Apr,Dairy Manure,140,1-Feb,140,Aerial Solid,Winter Rye,1481
1,Till,1-Apr,Dairy Manure,140,1-Feb,140,Aerial Solid,Winter Rye,1482
3,Till,1-Apr,Dairy Manure,140,1-Feb,140,Aerial Solid,Winter Rye,1483
5,Till,1-Apr,Dairy Manure,140,1-Feb,140,Aerial Solid,Winter Rye,1484
0,Till,15-Apr,Dairy Manure,140,1-Feb,140,Aerial Solid,Winter Rye,1485
1,Till,15-Apr,Dairy Manure,140,1-Feb,140,Aerial Solid,Winter Rye,1486
3,Till,15-Apr,Dairy Manure,140,1-Feb,140,Aerial Solid,Winter Rye,1487
5,Till,15-Apr,Dairy Manure,140,1-Feb,140,Aerial Solid,Winter Rye,1488
0,Till,1-Apr,26:13:00,280,1-Feb,140,Aerial Solid,Winter Rye,1489
1,Till,1-Apr,26:13:00,280,1-Feb,140,Aerial Solid,Winter Rye,1490
3,Till,1-Apr,26:13:00,280,1-Feb,140,Aerial Solid,Winter Rye,1491
5,Till,1-Apr,26:13:00,280,1-Feb,140,Aerial Solid,Winter Rye,1492
0,Till,15-Apr,26:13:00,280,1-Feb,140,Aerial Solid,Winter Rye,1493
1,Till,15-Apr,26:13:00,280,1-Feb,140,Aerial Solid,Winter Rye,1494
3,Till,15-Apr,26:13:00,280,1-Feb,140,Aerial Solid,Winter Rye,1495
5,Till,15-Apr,26:13:00,280,1-Feb,140,Aerial Solid,Winter Rye,1496
0,Till,1-Apr,28:10:10,280,1-Feb,140,Aerial Solid,Winter Rye,1497
1,Till,1-Apr,28:10:10,280,1-Feb,140,Aerial Solid,Winter Rye,1498
3,Till,1-Apr,28:10:10,280,1-Feb,140,Aerial Solid,Winter Rye,1499
5,Till,1-Apr,28:10:10,280,1-Feb,140,Aerial Solid,Winter Rye,1500
0,Till,15-Apr,28:10:10,280,1-Feb,140,Aerial Solid,Winter Rye,1501
1,Till,15-Apr,28:10:10,280,1-Feb,140,Aerial Solid,Winter Rye,1502
3,Till,15-Apr,28:10:10,280,1-Feb,140,Aerial Solid,Winter Rye,1503
5,Till,15-Apr,28:10:10,280,1-Feb,140,Aerial Solid,Winter Rye,1504
0,Till,1-Apr,Dairy Manure,280,1-Feb,140,Aerial Solid,Winter Rye,1505
1,Till,1-Apr,Dairy Manure,280,1-Feb,140,Aerial Solid,Winter Rye,1506
3,Till,1-Apr,Dairy Manure,280,1-Feb,140,Aerial Solid,Winter Rye,1507
5,Till,1-Apr,Dairy Manure,280,1-Feb,140,Aerial Solid,Winter Rye,1508
0,Till,15-Apr,Dairy Manure,280,1-Feb,140,Aerial Solid,Winter Rye,1509
1,Till,15-Apr,Dairy Manure,280,1-Feb,140,Aerial Solid,Winter Rye,1510
3,Till,15-Apr,Dairy Manure,280,1-Feb,140,Aerial Solid,Winter Rye,1511
5,Till,15-Apr,Dairy Manure,280,1-Feb,140,Aerial Solid,Winter Rye,1512
0,Till,1-Apr,26:13:00,560,1-Feb,140,Aerial Solid,Winter Rye,1513
1,Till,1-Apr,26:13:00,560,1-Feb,140,Aerial Solid,Winter Rye,1514
3,Till,1-Apr,26:13:00,560,1-Feb,140,Aerial Solid,Winter Rye,1515
5,Till,1-Apr,26:13:00,560,1-Feb,140,Aerial Solid,Winter Rye,1516
0,Till,15-Apr,26:13:00,560,1-Feb,140,Aerial Solid,Winter Rye,1517
1,Till,15-Apr,26:13:00,560,1-Feb,140,Aerial Solid,Winter Rye,1518
3,Till,15-Apr,26:13:00,560,1-Feb,140,Aerial Solid,Winter Rye,1519
5,Till,15-Apr,26:13:00,560,1-Feb,140,Aerial Solid,Winter Rye,1520
0,Till,1-Apr,28:10:10,560,1-Feb,140,Aerial Solid,Winter Rye,1521
1,Till,1-Apr,28:10:10,560,1-Feb,140,Aerial Solid,Winter Rye,1522
3,Till,1-Apr,28:10:10,560,1-Feb,140,Aerial Solid,Winter Rye,1523
5,Till,1-Apr,28:10:10,560,1-Feb,140,Aerial Solid,Winter Rye,1524
0,Till,15-Apr,28:10:10,560,1-Feb,140,Aerial Solid,Winter Rye,1525
1,Till,15-Apr,28:10:10,560,1-Feb,140,Aerial Solid,Winter Rye,1526
3,Till,15-Apr,28:10:10,560,1-Feb,140,Aerial Solid,Winter Rye,1527
5,Till,15-Apr,28:10:10,560,1-Feb,140,Aerial Solid,Winter Rye,1528
0,Till,1-Apr,Dairy Manure,560,1-Feb,140,Aerial Solid,Winter Rye,1529
1,Till,1-Apr,Dairy Manure,560,1-Feb,140,Aerial Solid,Winter Rye,1530
3,Till,1-Apr,Dairy Manure,560,1-Feb,140,Aerial Solid,Winter Rye,1531
5,Till,1-Apr,Dairy Manure,560,1-Feb,140,Aerial Solid,Winter Rye,1532
0,Till,15-Apr,Dairy Manure,560,1-Feb,140,Aerial Solid,Winter Rye,1533
1,Till,15-Apr,Dairy Manure,560,1-Feb,140,Aerial Solid,Winter Rye,1534
3,Till,15-Apr,Dairy Manure,560,1-Feb,140,Aerial Solid,Winter Rye,1535
5,Till,15-Apr,Dairy Manure,560,1-Feb,140,Aerial Solid,Winter Rye,1536
0,Till,1-Apr,26:13:00,1120,1-Feb,140,Aerial Solid,Winter Rye,1537
1,Till,1-Apr,26:13:00,1120,1-Feb,140,Aerial Solid,Winter Rye,1538
3,Till,1-Apr,26:13:00,1120,1-Feb,140,Aerial Solid,Winter Rye,1539
5,Till,1-Apr,26:13:00,1120,1-Feb,140,Aerial Solid,Winter Rye,1540
0,Till,15-Apr,26:13:00,1120,1-Feb,140,Aerial Solid,Winter Rye,1541
1,Till,15-Apr,26:13:00,1120,1-Feb,140,Aerial Solid,Winter Rye,1542
3,Till,15-Apr,26:13:00,1120,1-Feb,140,Aerial Solid,Winter Rye,1543
5,Till,15-Apr,26:13:00,1120,1-Feb,140,Aerial Solid,Winter Rye,1544
0,Till,1-Apr,28:10:10,1120,1-Feb,140,Aerial Solid,Winter Rye,1545
1,Till,1-Apr,28:10:10,1120,1-Feb,140,Aerial Solid,Winter Rye,1546
3,Till,1-Apr,28:10:10,1120,1-Feb,140,Aerial Solid,Winter Rye,1547
5,Till,1-Apr,28:10:10,1120,1-Feb,140,Aerial Solid,Winter Rye,1548
0,Till,15-Apr,28:10:10,1120,1-Feb,140,Aerial Solid,Winter Rye,1549
1,Till,15-Apr,28:10:10,1120,1-Feb,140,Aerial Solid,Winter Rye,1550
3,Till,15-Apr,28:10:10,1120,1-Feb,140,Aerial Solid,Winter Rye,1551
5,Till,15-Apr,28:10:10,1120,1-Feb,140,Aerial Solid,Winter Rye,1552
0,Till,1-Apr,Dairy Manure,1120,1-Feb,140,Aerial Solid,Winter Rye,1553
1,Till,1-Apr,Dairy Manure,1120,1-Feb,140,Aerial Solid,Winter Rye,1554
3,Till,1-Apr,Dairy Manure,1120,1-Feb,140,Aerial Solid,Winter Rye,1555
5,Till,1-Apr,Dairy Manure,1120,1-Feb,140,Aerial Solid,Winter Rye,1556
0,Till,15-Apr,Dairy Manure,1120,1-Feb,140,Aerial Solid,Winter Rye,1557
1,Till,15-Apr,Dairy Manure,1120,1-Feb,140,Aerial Solid,Winter Rye,1558
3,Till,15-Apr,Dairy Manure,1120,1-Feb,140,Aerial Solid,Winter Rye,1559
5,Till,15-Apr,Dairy Manure,1120,1-Feb,140,Aerial Solid,Winter Rye,1560
0,Till,1-Apr,26:13:00,0,1-May,140,Aerial Solid,Winter Rye,1561
1,Till,1-Apr,26:13:00,0,1-May,140,Aerial Solid,Winter Rye,1562
3,Till,1-Apr,26:13:00,0,1-May,140,Aerial Solid,Winter Rye,1563
5,Till,1-Apr,26:13:00,0,1-May,140,Aerial Solid,Winter Rye,1564
0,Till,15-Apr,26:13:00,0,1-May,140,Aerial Solid,Winter Rye,1565
1,Till,15-Apr,26:13:00,0,1-May,140,Aerial Solid,Winter Rye,1566
3,Till,15-Apr,26:13:00,0,1-May,140,Aerial Solid,Winter Rye,1567
5,Till,15-Apr,26:13:00,0,1-May,140,Aerial Solid,Winter Rye,1568
0,Till,1-Apr,28:10:10,0,1-May,140,Aerial Solid,Winter Rye,1569
1,Till,1-Apr,28:10:10,0,1-May,140,Aerial Solid,Winter Rye,1570
3,Till,1-Apr,28:10:10,0,1-May,140,Aerial Solid,Winter Rye,1571
5,Till,1-Apr,28:10:10,0,1-May,140,Aerial Solid,Winter Rye,1572
0,Till,15-Apr,28:10:10,0,1-May,140,Aerial Solid,Winter Rye,1573
1,Till,15-Apr,28:10:10,0,1-May,140,Aerial Solid,Winter Rye,1574
3,Till,15-Apr,28:10:10,0,1-May,140,Aerial Solid,Winter Rye,1575
5,Till,15-Apr,28:10:10,0,1-May,140,Aerial Solid,Winter Rye,1576
0,Till,1-Apr,Dairy Manure,0,1-May,140,Aerial Solid,Winter Rye,1577
1,Till,1-Apr,Dairy Manure,0,1-May,140,Aerial Solid,Winter Rye,1578
3,Till,1-Apr,Dairy Manure,0,1-May,140,Aerial Solid,Winter Rye,1579
5,Till,1-Apr,Dairy Manure,0,1-May,140,Aerial Solid,Winter Rye,1580
0,Till,15-Apr,Dairy Manure,0,1-May,140,Aerial Solid,Winter Rye,1581
1,Till,15-Apr,Dairy Manure,0,1-May,140,Aerial Solid,Winter Rye,1582
3,Till,15-Apr,Dairy Manure,0,1-May,140,Aerial Solid,Winter Rye,1583
5,Till,15-Apr,Dairy Manure,0,1-May,140,Aerial Solid,Winter Rye,1584
0,Till,1-Apr,26:13:00,140,1-May,140,Aerial Solid,Winter Rye,1585
1,Till,1-Apr,26:13:00,140,1-May,140,Aerial Solid,Winter Rye,1586
3,Till,1-Apr,26:13:00,140,1-May,140,Aerial Solid,Winter Rye,1587
5,Till,1-Apr,26:13:00,140,1-May,140,Aerial Solid,Winter Rye,1588
0,Till,15-Apr,26:13:00,140,1-May,140,Aerial Solid,Winter Rye,1589
1,Till,15-Apr,26:13:00,140,1-May,140,Aerial Solid,Winter Rye,1590
3,Till,15-Apr,26:13:00,140,1-May,140,Aerial Solid,Winter Rye,1591
5,Till,15-Apr,26:13:00,140,1-May,140,Aerial Solid,Winter Rye,1592
0,Till,1-Apr,28:10:10,140,1-May,140,Aerial Solid,Winter Rye,1593
1,Till,1-Apr,28:10:10,140,1-May,140,Aerial Solid,Winter Rye,1594
3,Till,1-Apr,28:10:10,140,1-May,140,Aerial Solid,Winter Rye,1595
5,Till,1-Apr,28:10:10,140,1-May,140,Aerial Solid,Winter Rye,1596
0,Till,15-Apr,28:10:10,140,1-May,140,Aerial Solid,Winter Rye,1597
1,Till,15-Apr,28:10:10,140,1-May,140,Aerial Solid,Winter Rye,1598
3,Till,15-Apr,28:10:10,140,1-May,140,Aerial Solid,Winter Rye,1599
5,Till,15-Apr,28:10:10,140,1-May,140,Aerial Solid,Winter Rye,1600
0,Till,1-Apr,Dairy Manure,140,1-May,140,Aerial Solid,Winter Rye,1601
1,Till,1-Apr,Dairy Manure,140,1-May,140,Aerial Solid,Winter Rye,1602
3,Till,1-Apr,Dairy Manure,140,1-May,140,Aerial Solid,Winter Rye,1603
5,Till,1-Apr,Dairy Manure,140,1-May,140,Aerial Solid,Winter Rye,1604
0,Till,15-Apr,Dairy Manure,140,1-May,140,Aerial Solid,Winter Rye,1605
1,Till,15-Apr,Dairy Manure,140,1-May,140,Aerial Solid,Winter Rye,1606
3,Till,15-Apr,Dairy Manure,140,1-May,140,Aerial Solid,Winter Rye,1607
5,Till,15-Apr,Dairy Manure,140,1-May,140,Aerial Solid,Winter Rye,1608
0,Till,1-Apr,26:13:00,280,1-May,140,Aerial Solid,Winter Rye,1609
1,Till,1-Apr,26:13:00,280,1-May,140,Aerial Solid,Winter Rye,1610
3,Till,1-Apr,26:13:00,280,1-May,140,Aerial Solid,Winter Rye,1611
5,Till,1-Apr,26:13:00,280,1-May,140,Aerial Solid,Winter Rye,1612
0,Till,15-Apr,26:13:00,280,1-May,140,Aerial Solid,Winter Rye,1613
1,Till,15-Apr,26:13:00,280,1-May,140,Aerial Solid,Winter Rye,1614
3,Till,15-Apr,26:13:00,280,1-May,140,Aerial Solid,Winter Rye,1615
5,Till,15-Apr,26:13:00,280,1-May,140,Aerial Solid,Winter Rye,1616
0,Till,1-Apr,28:10:10,280,1-May,140,Aerial Solid,Winter Rye,1617
1,Till,1-Apr,28:10:10,280,1-May,140,Aerial Solid,Winter Rye,1618
3,Till,1-Apr,28:10:10,280,1-May,140,Aerial Solid,Winter Rye,1619
5,Till,1-Apr,28:10:10,280,1-May,140,Aerial Solid,Winter Rye,1620
0,Till,15-Apr,28:10:10,280,1-May,140,Aerial Solid,Winter Rye,1621
1,Till,15-Apr,28:10:10,280,1-May,140,Aerial Solid,Winter Rye,1622
3,Till,15-Apr,28:10:10,280,1-May,140,Aerial Solid,Winter Rye,1623
5,Till,15-Apr,28:10:10,280,1-May,140,Aerial Solid,Winter Rye,1624
0,Till,1-Apr,Dairy Manure,280,1-May,140,Aerial Solid,Winter Rye,1625
1,Till,1-Apr,Dairy Manure,280,1-May,140,Aerial Solid,Winter Rye,1626
3,Till,1-Apr,Dairy Manure,280,1-May,140,Aerial Solid,Winter Rye,1627
5,Till,1-Apr,Dairy Manure,280,1-May,140,Aerial Solid,Winter Rye,1628
0,Till,15-Apr,Dairy Manure,280,1-May,140,Aerial Solid,Winter Rye,1629
1,Till,15-Apr,Dairy Manure,280,1-May,140,Aerial Solid,Winter Rye,1630
3,Till,15-Apr,Dairy Manure,280,1-May,140,Aerial Solid,Winter Rye,1631
5,Till,15-Apr,Dairy Manure,280,1-May,140,Aerial Solid,Winter Rye,1632
0,Till,1-Apr,26:13:00,560,1-May,140,Aerial Solid,Winter Rye,1633
1,Till,1-Apr,26:13:00,560,1-May,140,Aerial Solid,Winter Rye,1634
3,Till,1-Apr,26:13:00,560,1-May,140,Aerial Solid,Winter Rye,1635
5,Till,1-Apr,26:13:00,560,1-May,140,Aerial Solid,Winter Rye,1636
0,Till,15-Apr,26:13:00,560,1-May,140,Aerial Solid,Winter Rye,1637
1,Till,15-Apr,26:13:00,560,1-May,140,Aerial Solid,Winter Rye,1638
3,Till,15-Apr,26:13:00,560,1-May,140,Aerial Solid,Winter Rye,1639
5,Till,15-Apr,26:13:00,560,1-May,140,Aerial Solid,Winter Rye,1640
0,Till,1-Apr,28:10:10,560,1-May,140,Aerial Solid,Winter Rye,1641
1,Till,1-Apr,28:10:10,560,1-May,140,Aerial Solid,Winter Rye,1642
3,Till,1-Apr,28:10:10,560,1-May,140,Aerial Solid,Winter Rye,1643
5,Till,1-Apr,28:10:10,560,1-May,140,Aerial Solid,Winter Rye,1644
0,Till,15-Apr,28:10:10,560,1-May,140,Aerial Solid,Winter Rye,1645
1,Till,15-Apr,28:10:10,560,1-May,140,Aerial Solid,Winter Rye,1646
3,Till,15-Apr,28:10:10,560,1-May,140,Aerial Solid,Winter Rye,1647
5,Till,15-Apr,28:10:10,560,1-May,140,Aerial Solid,Winter Rye,1648
0,Till,1-Apr,Dairy Manure,560,1-May,140,Aerial Solid,Winter Rye,1649
1,Till,1-Apr,Dairy Manure,560,1-May,140,Aerial Solid,Winter Rye,1650
3,Till,1-Apr,Dairy Manure,560,1-May,140,Aerial Solid,Winter Rye,1651
5,Till,1-Apr,Dairy Manure,560,1-May,140,Aerial Solid,Winter Rye,1652
0,Till,15-Apr,Dairy Manure,560,1-May,140,Aerial Solid,Winter Rye,1653
1,Till,15-Apr,Dairy Manure,560,1-May,140,Aerial Solid,Winter Rye,1654
3,Till,15-Apr,Dairy Manure,560,1-May,140,Aerial Solid,Winter Rye,1655
5,Till,15-Apr,Dairy Manure,560,1-May,140,Aerial Solid,Winter Rye,1656
0,Till,1-Apr,26:13:00,1120,1-May,140,Aerial Solid,Winter Rye,1657
1,Till,1-Apr,26:13:00,1120,1-May,140,Aerial Solid,Winter Rye,1658
3,Till,1-Apr,26:13:00,1120,1-May,140,Aerial Solid,Winter Rye,1659
5,Till,1-Apr,26:13:00,1120,1-May,140,Aerial Solid,Winter Rye,1660
0,Till,15-Apr,26:13:00,1120,1-May,140,Aerial Solid,Winter Rye,1661
1,Till,15-Apr,26:13:00,1120,1-May,140,Aerial Solid,Winter Rye,1662
3,Till,15-Apr,26:13:00,1120,1-May,140,Aerial Solid,Winter Rye,1663
5,Till,15-Apr,26:13:00,1120,1-May,140,Aerial Solid,Winter Rye,1664
0,Till,1-Apr,28:10:10,1120,1-May,140,Aerial Solid,Winter Rye,1665
1,Till,1-Apr,28:10:10,1120,1-May,140,Aerial Solid,Winter Rye,1666
3,Till,1-Apr,28:10:10,1120,1-May,140,Aerial Solid,Winter Rye,1667
5,Till,1-Apr,28:10:10,1120,1-May,140,Aerial Solid,Winter Rye,1668
0,Till,15-Apr,28:10:10,1120,1-May,140,Aerial Solid,Winter Rye,1669
1,Till,15-Apr,28:10:10,1120,1-May,140,Aerial Solid,Winter Rye,1670
3,Till,15-Apr,28:10:10,1120,1-May,140,Aerial Solid,Winter Rye,1671
5,Till,15-Apr,28:10:10,1120,1-May,140,Aerial Solid,Winter Rye,1672
0,Till,1-Apr,Dairy Manure,1120,1-May,140,Aerial Solid,Winter Rye,1673
1,Till,1-Apr,Dairy Manure,1120,1-May,140,Aerial Solid,Winter Rye,1674
3,Till,1-Apr,Dairy Manure,1120,1-May,140,Aerial Solid,Winter Rye,1675
5,Till,1-Apr,Dairy Manure,1120,1-May,140,Aerial Solid,Winter Rye,1676
0,Till,15-Apr,Dairy Manure,1120,1-May,140,Aerial Solid,Winter Rye,1677
1,Till,15-Apr,Dairy Manure,1120,1-May,140,Aerial Solid,Winter Rye,1678
3,Till,15-Apr,Dairy Manure,1120,1-May,140,Aerial Solid,Winter Rye,1679
5,Till,15-Apr,Dairy Manure,1120,1-May,140,Aerial Solid,Winter Rye,1680
0,Till,1-Apr,26:13:00,0,1-Feb,280,Aerial Solid,Winter Rye,1681
1,Till,1-Apr,26:13:00,0,1-Feb,280,Aerial Solid,Winter Rye,1682
3,Till,1-Apr,26:13:00,0,1-Feb,280,Aerial Solid,Winter Rye,1683
5,Till,1-Apr,26:13:00,0,1-Feb,280,Aerial Solid,Winter Rye,1684
0,Till,15-Apr,26:13:00,0,1-Feb,280,Aerial Solid,Winter Rye,1685
1,Till,15-Apr,26:13:00,0,1-Feb,280,Aerial Solid,Winter Rye,1686
3,Till,15-Apr,26:13:00,0,1-Feb,280,Aerial Solid,Winter Rye,1687
5,Till,15-Apr,26:13:00,0,1-Feb,280,Aerial Solid,Winter Rye,1688
0,Till,1-Apr,28:10:10,0,1-Feb,280,Aerial Solid,Winter Rye,1689
1,Till,1-Apr,28:10:10,0,1-Feb,280,Aerial Solid,Winter Rye,1690
3,Till,1-Apr,28:10:10,0,1-Feb,280,Aerial Solid,Winter Rye,1691
5,Till,1-Apr,28:10:10,0,1-Feb,280,Aerial Solid,Winter Rye,1692
0,Till,15-Apr,28:10:10,0,1-Feb,280,Aerial Solid,Winter Rye,1693
1,Till,15-Apr,28:10:10,0,1-Feb,280,Aerial Solid,Winter Rye,1694
3,Till,15-Apr,28:10:10,0,1-Feb,280,Aerial Solid,Winter Rye,1695
5,Till,15-Apr,28:10:10,0,1-Feb,280,Aerial Solid,Winter Rye,1696
0,Till,1-Apr,Dairy Manure,0,1-Feb,280,Aerial Solid,Winter Rye,1697
1,Till,1-Apr,Dairy Manure,0,1-Feb,280,Aerial Solid,Winter Rye,1698
3,Till,1-Apr,Dairy Manure,0,1-Feb,280,Aerial Solid,Winter Rye,1699
5,Till,1-Apr,Dairy Manure,0,1-Feb,280,Aerial Solid,Winter Rye,1700
0,Till,15-Apr,Dairy Manure,0,1-Feb,280,Aerial Solid,Winter Rye,1701
1,Till,15-Apr,Dairy Manure,0,1-Feb,280,Aerial Solid,Winter Rye,1702
3,Till,15-Apr,Dairy Manure,0,1-Feb,280,Aerial Solid,Winter Rye,1703
5,Till,15-Apr,Dairy Manure,0,1-Feb,280,Aerial Solid,Winter Rye,1704
0,Till,1-Apr,26:13:00,140,1-Feb,280,Aerial Solid,Winter Rye,1705
1,Till,1-Apr,26:13:00,140,1-Feb,280,Aerial Solid,Winter Rye,1706
3,Till,1-Apr,26:13:00,140,1-Feb,280,Aerial Solid,Winter Rye,1707
5,Till,1-Apr,26:13:00,140,1-Feb,280,Aerial Solid,Winter Rye,1708
0,Till,15-Apr,26:13:00,140,1-Feb,280,Aerial Solid,Winter Rye,1709
1,Till,15-Apr,26:13:00,140,1-Feb,280,Aerial Solid,Winter Rye,1710
3,Till,15-Apr,26:13:00,140,1-Feb,280,Aerial Solid,Winter Rye,1711
5,Till,15-Apr,26:13:00,140,1-Feb,280,Aerial Solid,Winter Rye,1712
0,Till,1-Apr,28:10:10,140,1-Feb,280,Aerial Solid,Winter Rye,1713
1,Till,1-Apr,28:10:10,140,1-Feb,280,Aerial Solid,Winter Rye,1714
3,Till,1-Apr,28:10:10,140,1-Feb,280,Aerial Solid,Winter Rye,1715
5,Till,1-Apr,28:10:10,140,1-Feb,280,Aerial Solid,Winter Rye,1716
0,Till,15-Apr,28:10:10,140,1-Feb,280,Aerial Solid,Winter Rye,1717
1,Till,15-Apr,28:10:10,140,1-Feb,280,Aerial Solid,Winter Rye,1718
3,Till,15-Apr,28:10:10,140,1-Feb,280,Aerial Solid,Winter Rye,1719
5,Till,15-Apr,28:10:10,140,1-Feb,280,Aerial Solid,Winter Rye,1720
0,Till,1-Apr,Dairy Manure,140,1-Feb,280,Aerial Solid,Winter Rye,1721
1,Till,1-Apr,Dairy Manure,140,1-Feb,280,Aerial Solid,Winter Rye,1722
3,Till,1-Apr,Dairy Manure,140,1-Feb,280,Aerial Solid,Winter Rye,1723
5,Till,1-Apr,Dairy Manure,140,1-Feb,280,Aerial Solid,Winter Rye,1724
0,Till,15-Apr,Dairy Manure,140,1-Feb,280,Aerial Solid,Winter Rye,1725
1,Till,15-Apr,Dairy Manure,140,1-Feb,280,Aerial Solid,Winter Rye,1726
3,Till,15-Apr,Dairy Manure,140,1-Feb,280,Aerial Solid,Winter Rye,1727
5,Till,15-Apr,Dairy Manure,140,1-Feb,280,Aerial Solid,Winter Rye,1728
0,Till,1-Apr,26:13:00,280,1-Feb,280,Aerial Solid,Winter Rye,1729
1,Till,1-Apr,26:13:00,280,1-Feb,280,Aerial Solid,Winter Rye,1730
3,Till,1-Apr,26:13:00,280,1-Feb,280,Aerial Solid,Winter Rye,1731
5,Till,1-Apr,26:13:00,280,1-Feb,280,Aerial Solid,Winter Rye,1732
0,Till,15-Apr,26:13:00,280,1-Feb,280,Aerial Solid,Winter Rye,1733
1,Till,15-Apr,26:13:00,280,1-Feb,280,Aerial Solid,Winter Rye,1734
3,Till,15-Apr,26:13:00,280,1-Feb,280,Aerial Solid,Winter Rye,1735
5,Till,15-Apr,26:13:00,280,1-Feb,280,Aerial Solid,Winter Rye,1736
0,Till,1-Apr,28:10:10,280,1-Feb,280,Aerial Solid,Winter Rye,1737
1,Till,1-Apr,28:10:10,280,1-Feb,280,Aerial Solid,Winter Rye,1738
3,Till,1-Apr,28:10:10,280,1-Feb,280,Aerial Solid,Winter Rye,1739
5,Till,1-Apr,28:10:10,280,1-Feb,280,Aerial Solid,Winter Rye,1740
0,Till,15-Apr,28:10:10,280,1-Feb,280,Aerial Solid,Winter Rye,1741
1,Till,15-Apr,28:10:10,280,1-Feb,280,Aerial Solid,Winter Rye,1742
3,Till,15-Apr,28:10:10,280,1-Feb,280,Aerial Solid,Winter Rye,1743
5,Till,15-Apr,28:10:10,280,1-Feb,280,Aerial Solid,Winter Rye,1744
0,Till,1-Apr,Dairy Manure,280,1-Feb,280,Aerial Solid,Winter Rye,1745
1,Till,1-Apr,Dairy Manure,280,1-Feb,280,Aerial Solid,Winter Rye,1746
3,Till,1-Apr,Dairy Manure,280,1-Feb,280,Aerial Solid,Winter Rye,1747
5,Till,1-Apr,Dairy Manure,280,1-Feb,280,Aerial Solid,Winter Rye,1748
0,Till,15-Apr,Dairy Manure,280,1-Feb,280,Aerial Solid,Winter Rye,1749
1,Till,15-Apr,Dairy Manure,280,1-Feb,280,Aerial Solid,Winter Rye,1750
3,Till,15-Apr,Dairy Manure,280,1-Feb,280,Aerial Solid,Winter Rye,1751
5,Till,15-Apr,Dairy Manure,280,1-Feb,280,Aerial Solid,Winter Rye,1752
0,Till,1-Apr,26:13:00,560,1-Feb,280,Aerial Solid,Winter Rye,1753
1,Till,1-Apr,26:13:00,560,1-Feb,280,Aerial Solid,Winter Rye,1754
3,Till,1-Apr,26:13:00,560,1-Feb,280,Aerial Solid,Winter Rye,1755
5,Till,1-Apr,26:13:00,560,1-Feb,280,Aerial Solid,Winter Rye,1756
0,Till,15-Apr,26:13:00,560,1-Feb,280,Aerial Solid,Winter Rye,1757
1,Till,15-Apr,26:13:00,560,1-Feb,280,Aerial Solid,Winter Rye,1758
3,Till,15-Apr,26:13:00,560,1-Feb,280,Aerial Solid,Winter Rye,1759
5,Till,15-Apr,26:13:00,560,1-Feb,280,Aerial Solid,Winter Rye,1760
0,Till,1-Apr,28:10:10,560,1-Feb,280,Aerial Solid,Winter Rye,1761
1,Till,1-Apr,28:10:10,560,1-Feb,280,Aerial Solid,Winter Rye,1762
3,Till,1-Apr,28:10:10,560,1-Feb,280,Aerial Solid,Winter Rye,1763
5,Till,1-Apr,28:10:10,560,1-Feb,280,Aerial Solid,Winter Rye,1764
0,Till,15-Apr,28:10:10,560,1-Feb,280,Aerial Solid,Winter Rye,1765
1,Till,15-Apr,28:10:10,560,1-Feb,280,Aerial Solid,Winter Rye,1766
3,Till,15-Apr,28:10:10,560,1-Feb,280,Aerial Solid,Winter Rye,1767
5,Till,15-Apr,28:10:10,560,1-Feb,280,Aerial Solid,Winter Rye,1768
0,Till,1-Apr,Dairy Manure,560,1-Feb,280,Aerial Solid,Winter Rye,1769
1,Till,1-Apr,Dairy Manure,560,1-Feb,280,Aerial Solid,Winter Rye,1770
3,Till,1-Apr,Dairy Manure,560,1-Feb,280,Aerial Solid,Winter Rye,1771
5,Till,1-Apr,Dairy Manure,560,1-Feb,280,Aerial Solid,Winter Rye,1772
0,Till,15-Apr,Dairy Manure,560,1-Feb,280,Aerial Solid,Winter Rye,1773
1,Till,15-Apr,Dairy Manure,560,1-Feb,280,Aerial Solid,Winter Rye,1774
3,Till,15-Apr,Dairy Manure,560,1-Feb,280,Aerial Solid,Winter Rye,1775
5,Till,15-Apr,Dairy Manure,560,1-Feb,280,Aerial Solid,Winter Rye,1776
0,Till,1-Apr,26:13:00,1120,1-Feb,280,Aerial Solid,Winter Rye,1777
1,Till,1-Apr,26:13:00,1120,1-Feb,280,Aerial Solid,Winter Rye,1778
3,Till,1-Apr,26:13:00,1120,1-Feb,280,Aerial Solid,Winter Rye,1779
5,Till,1-Apr,26:13:00,1120,1-Feb,280,Aerial Solid,Winter Rye,1780
0,Till,15-Apr,26:13:00,1120,1-Feb,280,Aerial Solid,Winter Rye,1781
1,Till,15-Apr,26:13:00,1120,1-Feb,280,Aerial Solid,Winter Rye,1782
3,Till,15-Apr,26:13:00,1120,1-Feb,280,Aerial Solid,Winter Rye,1783
5,Till,15-Apr,26:13:00,1120,1-Feb,280,Aerial Solid,Winter Rye,1784
0,Till,1-Apr,28:10:10,1120,1-Feb,280,Aerial Solid,Winter Rye,1785
1,Till,1-Apr,28:10:10,1120,1-Feb,280,Aerial Solid,Winter Rye,1786
3,Till,1-Apr,28:10:10,1120,1-Feb,280,Aerial Solid,Winter Rye,1787
5,Till,1-Apr,28:10:10,1120,1-Feb,280,Aerial Solid,Winter Rye,1788
0,Till,15-Apr,28:10:10,1120,1-Feb,280,Aerial Solid,Winter Rye,1789
1,Till,15-Apr,28:10:10,1120,1-Feb,280,Aerial Solid,Winter Rye,1790
3,Till,15-Apr,28:10:10,1120,1-Feb,280,Aerial Solid,Winter Rye,1791
5,Till,15-Apr,28:10:10,1120,1-Feb,280,Aerial Solid,Winter Rye,1792
0,Till,1-Apr,Dairy Manure,1120,1-Feb,280,Aerial Solid,Winter Rye,1793
1,Till,1-Apr,Dairy Manure,1120,1-Feb,280,Aerial Solid,Winter Rye,1794
3,Till,1-Apr,Dairy Manure,1120,1-Feb,280,Aerial Solid,Winter Rye,1795
5,Till,1-Apr,Dairy Manure,1120,1-Feb,280,Aerial Solid,Winter Rye,1796
0,Till,15-Apr,Dairy Manure,1120,1-Feb,280,Aerial Solid,Winter Rye,1797
1,Till,15-Apr,Dairy Manure,1120,1-Feb,280,Aerial Solid,Winter Rye,1798
3,Till,15-Apr,Dairy Manure,1120,1-Feb,280,Aerial Solid,Winter Rye,1799
5,Till,15-Apr,Dairy Manure,1120,1-Feb,280,Aerial Solid,Winter Rye,1800
0,Till,1-Apr,26:13:00,0,1-May,280,Aerial Solid,Winter Rye,1801
1,Till,1-Apr,26:13:00,0,1-May,280,Aerial Solid,Winter Rye,1802
3,Till,1-Apr,26:13:00,0,1-May,280,Aerial Solid,Winter Rye,1803
5,Till,1-Apr,26:13:00,0,1-May,280,Aerial Solid,Winter Rye,1804
0,Till,15-Apr,26:13:00,0,1-May,280,Aerial Solid,Winter Rye,1805
1,Till,15-Apr,26:13:00,0,1-May,280,Aerial Solid,Winter Rye,1806
3,Till,15-Apr,26:13:00,0,1-May,280,Aerial Solid,Winter Rye,1807
5,Till,15-Apr,26:13:00,0,1-May,280,Aerial Solid,Winter Rye,1808
0,Till,1-Apr,28:10:10,0,1-May,280,Aerial Solid,Winter Rye,1809
1,Till,1-Apr,28:10:10,0,1-May,280,Aerial Solid,Winter Rye,1810
3,Till,1-Apr,28:10:10,0,1-May,280,Aerial Solid,Winter Rye,1811
5,Till,1-Apr,28:10:10,0,1-May,280,Aerial Solid,Winter Rye,1812
0,Till,15-Apr,28:10:10,0,1-May,280,Aerial Solid,Winter Rye,1813
1,Till,15-Apr,28:10:10,0,1-May,280,Aerial Solid,Winter Rye,1814
3,Till,15-Apr,28:10:10,0,1-May,280,Aerial Solid,Winter Rye,1815
5,Till,15-Apr,28:10:10,0,1-May,280,Aerial Solid,Winter Rye,1816
0,Till,1-Apr,Dairy Manure,0,1-May,280,Aerial Solid,Winter Rye,1817
1,Till,1-Apr,Dairy Manure,0,1-May,280,Aerial Solid,Winter Rye,1818
3,Till,1-Apr,Dairy Manure,0,1-May,280,Aerial Solid,Winter Rye,1819
5,Till,1-Apr,Dairy Manure,0,1-May,280,Aerial Solid,Winter Rye,1820
0,Till,15-Apr,Dairy Manure,0,1-May,280,Aerial Solid,Winter Rye,1821
1,Till,15-Apr,Dairy Manure,0,1-May,280,Aerial Solid,Winter Rye,1822
3,Till,15-Apr,Dairy Manure,0,1-May,280,Aerial Solid,Winter Rye,1823
5,Till,15-Apr,Dairy Manure,0,1-May,280,Aerial Solid,Winter Rye,1824
0,Till,1-Apr,26:13:00,140,1-May,280,Aerial Solid,Winter Rye,1825
1,Till,1-Apr,26:13:00,140,1-May,280,Aerial Solid,Winter Rye,1826
3,Till,1-Apr,26:13:00,140,1-May,280,Aerial Solid,Winter Rye,1827
5,Till,1-Apr,26:13:00,140,1-May,280,Aerial Solid,Winter Rye,1828
0,Till,15-Apr,26:13:00,140,1-May,280,Aerial Solid,Winter Rye,1829
1,Till,15-Apr,26:13:00,140,1-May,280,Aerial Solid,Winter Rye,1830
3,Till,15-Apr,26:13:00,140,1-May,280,Aerial Solid,Winter Rye,1831
5,Till,15-Apr,26:13:00,140,1-May,280,Aerial Solid,Winter Rye,1832
0,Till,1-Apr,28:10:10,140,1-May,280,Aerial Solid,Winter Rye,1833
1,Till,1-Apr,28:10:10,140,1-May,280,Aerial Solid,Winter Rye,1834
3,Till,1-Apr,28:10:10,140,1-May,280,Aerial Solid,Winter Rye,1835
5,Till,1-Apr,28:10:10,140,1-May,280,Aerial Solid,Winter Rye,1836
0,Till,15-Apr,28:10:10,140,1-May,280,Aerial Solid,Winter Rye,1837
1,Till,15-Apr,28:10:10,140,1-May,280,Aerial Solid,Winter Rye,1838
3,Till,15-Apr,28:10:10,140,1-May,280,Aerial Solid,Winter Rye,1839
5,Till,15-Apr,28:10:10,140,1-May,280,Aerial Solid,Winter Rye,1840
0,Till,1-Apr,Dairy Manure,140,1-May,280,Aerial Solid,Winter Rye,1841
1,Till,1-Apr,Dairy Manure,140,1-May,280,Aerial Solid,Winter Rye,1842
3,Till,1-Apr,Dairy Manure,140,1-May,280,Aerial Solid,Winter Rye,1843
5,Till,1-Apr,Dairy Manure,140,1-May,280,Aerial Solid,Winter Rye,1844
0,Till,15-Apr,Dairy Manure,140,1-May,280,Aerial Solid,Winter Rye,1845
1,Till,15-Apr,Dairy Manure,140,1-May,280,Aerial Solid,Winter Rye,1846
3,Till,15-Apr,Dairy Manure,140,1-May,280,Aerial Solid,Winter Rye,1847
5,Till,15-Apr,Dairy Manure,140,1-May,280,Aerial Solid,Winter Rye,1848
0,Till,1-Apr,26:13:00,280,1-May,280,Aerial Solid,Winter Rye,1849
1,Till,1-Apr,26:13:00,280,1-May,280,Aerial Solid,Winter Rye,1850
3,Till,1-Apr,26:13:00,280,1-May,280,Aerial Solid,Winter Rye,1851
5,Till,1-Apr,26:13:00,280,1-May,280,Aerial Solid,Winter Rye,1852
0,Till,15-Apr,26:13:00,280,1-May,280,Aerial Solid,Winter Rye,1853
1,Till,15-Apr,26:13:00,280,1-May,280,Aerial Solid,Winter Rye,1854
3,Till,15-Apr,26:13:00,280,1-May,280,Aerial Solid,Winter Rye,1855
5,Till,15-Apr,26:13:00,280,1-May,280,Aerial Solid,Winter Rye,1856
0,Till,1-Apr,28:10:10,280,1-May,280,Aerial Solid,Winter Rye,1857
1,Till,1-Apr,28:10:10,280,1-May,280,Aerial Solid,Winter Rye,1858
3,Till,1-Apr,28:10:10,280,1-May,280,Aerial Solid,Winter Rye,1859
5,Till,1-Apr,28:10:10,280,1-May,280,Aerial Solid,Winter Rye,1860
0,Till,15-Apr,28:10:10,280,1-May,280,Aerial Solid,Winter Rye,1861
1,Till,15-Apr,28:10:10,280,1-May,280,Aerial Solid,Winter Rye,1862
3,Till,15-Apr,28:10:10,280,1-May,280,Aerial Solid,Winter Rye,1863
5,Till,15-Apr,28:10:10,280,1-May,280,Aerial Solid,Winter Rye,1864
0,Till,1-Apr,Dairy Manure,280,1-May,280,Aerial Solid,Winter Rye,1865
1,Till,1-Apr,Dairy Manure,280,1-May,280,Aerial Solid,Winter Rye,1866
3,Till,1-Apr,Dairy Manure,280,1-May,280,Aerial Solid,Winter Rye,1867
5,Till,1-Apr,Dairy Manure,280,1-May,280,Aerial Solid,Winter Rye,1868
0,Till,15-Apr,Dairy Manure,280,1-May,280,Aerial Solid,Winter Rye,1869
1,Till,15-Apr,Dairy Manure,280,1-May,280,Aerial Solid,Winter Rye,1870
3,Till,15-Apr,Dairy Manure,280,1-May,280,Aerial Solid,Winter Rye,1871
5,Till,15-Apr,Dairy Manure,280,1-May,280,Aerial Solid,Winter Rye,1872
0,Till,1-Apr,26:13:00,560,1-May,280,Aerial Solid,Winter Rye,1873
1,Till,1-Apr,26:13:00,560,1-May,280,Aerial Solid,Winter Rye,1874
3,Till,1-Apr,26:13:00,560,1-May,280,Aerial Solid,Winter Rye,1875
5,Till,1-Apr,26:13:00,560,1-May,280,Aerial Solid,Winter Rye,1876
0,Till,15-Apr,26:13:00,560,1-May,280,Aerial Solid,Winter Rye,1877
1,Till,15-Apr,26:13:00,560,1-May,280,Aerial Solid,Winter Rye,1878
3,Till,15-Apr,26:13:00,560,1-May,280,Aerial Solid,Winter Rye,1879
5,Till,15-Apr,26:13:00,560,1-May,280,Aerial Solid,Winter Rye,1880
0,Till,1-Apr,28:10:10,560,1-May,280,Aerial Solid,Winter Rye,1881
1,Till,1-Apr,28:10:10,560,1-May,280,Aerial Solid,Winter Rye,1882
3,Till,1-Apr,28:10:10,560,1-May,280,Aerial Solid,Winter Rye,1883
5,Till,1-Apr,28:10:10,560,1-May,280,Aerial Solid,Winter Rye,1884
0,Till,15-Apr,28:10:10,560,1-May,280,Aerial Solid,Winter Rye,1885
1,Till,15-Apr,28:10:10,560,1-May,280,Aerial Solid,Winter Rye,1886
3,Till,15-Apr,28:10:10,560,1-May,280,Aerial Solid,Winter Rye,1887
5,Till,15-Apr,28:10:10,560,1-May,280,Aerial Solid,Winter Rye,1888
0,Till,1-Apr,Dairy Manure,560,1-May,280,Aerial Solid,Winter Rye,1889
1,Till,1-Apr,Dairy Manure,560,1-May,280,Aerial Solid,Winter Rye,1890
3,Till,1-Apr,Dairy Manure,560,1-May,280,Aerial Solid,Winter Rye,1891
5,Till,1-Apr,Dairy Manure,560,1-May,280,Aerial Solid,Winter Rye,1892
0,Till,15-Apr,Dairy Manure,560,1-May,280,Aerial Solid,Winter Rye,1893
1,Till,15-Apr,Dairy Manure,560,1-May,280,Aerial Solid,Winter Rye,1894
3,Till,15-Apr,Dairy Manure,560,1-May,280,Aerial Solid,Winter Rye,1895
5,Till,15-Apr,Dairy Manure,560,1-May,280,Aerial Solid,Winter Rye,1896
0,Till,1-Apr,26:13:00,1120,1-May,280,Aerial Solid,Winter Rye,1897
1,Till,1-Apr,26:13:00,1120,1-May,280,Aerial Solid,Winter Rye,1898
3,Till,1-Apr,26:13:00,1120,1-May,280,Aerial Solid,Winter Rye,1899
5,Till,1-Apr,26:13:00,1120,1-May,280,Aerial Solid,Winter Rye,1900
0,Till,15-Apr,26:13:00,1120,1-May,280,Aerial Solid,Winter Rye,1901
1,Till,15-Apr,26:13:00,1120,1-May,280,Aerial Solid,Winter Rye,1902
3,Till,15-Apr,26:13:00,1120,1-May,280,Aerial Solid,Winter Rye,1903
5,Till,15-Apr,26:13:00,1120,1-May,280,Aerial Solid,Winter Rye,1904
0,Till,1-Apr,28:10:10,1120,1-May,280,Aerial Solid,Winter Rye,1905
1,Till,1-Apr,28:10:10,1120,1-May,280,Aerial Solid,Winter Rye,1906
3,Till,1-Apr,28:10:10,1120,1-May,280,Aerial Solid,Winter Rye,1907
5,Till,1-Apr,28:10:10,1120,1-May,280,Aerial Solid,Winter Rye,1908
0,Till,15-Apr,28:10:10,1120,1-May,280,Aerial Solid,Winter Rye,1909
1,Till,15-Apr,28:10:10,1120,1-May,280,Aerial Solid,Winter Rye,1910
3,Till,15-Apr,28:10:10,1120,1-May,280,Aerial Solid,Winter Rye,1911
5,Till,15-Apr,28:10:10,1120,1-May,280,Aerial Solid,Winter Rye,1912
0,Till,1-Apr,Dairy Manure,1120,1-May,280,Aerial Solid,Winter Rye,1913
1,Till,1-Apr,Dairy Manure,1120,1-May,280,Aerial Solid,Winter Rye,1914
3,Till,1-Apr,Dairy Manure,1120,1-May,280,Aerial Solid,Winter Rye,1915
5,Till,1-Apr,Dairy Manure,1120,1-May,280,Aerial Solid,Winter Rye,1916
0,Till,15-Apr,Dairy Manure,1120,1-May,280,Aerial Solid,Winter Rye,1917
1,Till,15-Apr,Dairy Manure,1120,1-May,280,Aerial Solid,Winter Rye,1918
3,Till,15-Apr,Dairy Manure,1120,1-May,280,Aerial Solid,Winter Rye,1919
5,Till,15-Apr,Dairy Manure,1120,1-May,280,Aerial Solid,Winter Rye,1920
0,Till,1-Apr,26:13:00,0,1-Feb,560,Aerial Solid,Winter Rye,1921
1,Till,1-Apr,26:13:00,0,1-Feb,560,Aerial Solid,Winter Rye,1922
3,Till,1-Apr,26:13:00,0,1-Feb,560,Aerial Solid,Winter Rye,1923
5,Till,1-Apr,26:13:00,0,1-Feb,560,Aerial Solid,Winter Rye,1924
0,Till,15-Apr,26:13:00,0,1-Feb,560,Aerial Solid,Winter Rye,1925
1,Till,15-Apr,26:13:00,0,1-Feb,560,Aerial Solid,Winter Rye,1926
3,Till,15-Apr,26:13:00,0,1-Feb,560,Aerial Solid,Winter Rye,1927
5,Till,15-Apr,26:13:00,0,1-Feb,560,Aerial Solid,Winter Rye,1928
0,Till,1-Apr,28:10:10,0,1-Feb,560,Aerial Solid,Winter Rye,1929
1,Till,1-Apr,28:10:10,0,1-Feb,560,Aerial Solid,Winter Rye,1930
3,Till,1-Apr,28:10:10,0,1-Feb,560,Aerial Solid,Winter Rye,1931
5,Till,1-Apr,28:10:10,0,1-Feb,560,Aerial Solid,Winter Rye,1932
0,Till,15-Apr,28:10:10,0,1-Feb,560,Aerial Solid,Winter Rye,1933
1,Till,15-Apr,28:10:10,0,1-Feb,560,Aerial Solid,Winter Rye,1934
3,Till,15-Apr,28:10:10,0,1-Feb,560,Aerial Solid,Winter Rye,1935
5,Till,15-Apr,28:10:10,0,1-Feb,560,Aerial Solid,Winter Rye,1936
0,Till,1-Apr,Dairy Manure,0,1-Feb,560,Aerial Solid,Winter Rye,1937
1,Till,1-Apr,Dairy Manure,0,1-Feb,560,Aerial Solid,Winter Rye,1938
3,Till,1-Apr,Dairy Manure,0,1-Feb,560,Aerial Solid,Winter Rye,1939
5,Till,1-Apr,Dairy Manure,0,1-Feb,560,Aerial Solid,Winter Rye,1940
0,Till,15-Apr,Dairy Manure,0,1-Feb,560,Aerial Solid,Winter Rye,1941
1,Till,15-Apr,Dairy Manure,0,1-Feb,560,Aerial Solid,Winter Rye,1942
3,Till,15-Apr,Dairy Manure,0,1-Feb,560,Aerial Solid,Winter Rye,1943
5,Till,15-Apr,Dairy Manure,0,1-Feb,560,Aerial Solid,Winter Rye,1944
0,Till,1-Apr,26:13:00,140,1-Feb,560,Aerial Solid,Winter Rye,1945
1,Till,1-Apr,26:13:00,140,1-Feb,560,Aerial Solid,Winter Rye,1946
3,Till,1-Apr,26:13:00,140,1-Feb,560,Aerial Solid,Winter Rye,1947
5,Till,1-Apr,26:13:00,140,1-Feb,560,Aerial Solid,Winter Rye,1948
0,Till,15-Apr,26:13:00,140,1-Feb,560,Aerial Solid,Winter Rye,1949
1,Till,15-Apr,26:13:00,140,1-Feb,560,Aerial Solid,Winter Rye,1950
3,Till,15-Apr,26:13:00,140,1-Feb,560,Aerial Solid,Winter Rye,1951
5,Till,15-Apr,26:13:00,140,1-Feb,560,Aerial Solid,Winter Rye,1952
0,Till,1-Apr,28:10:10,140,1-Feb,560,Aerial Solid,Winter Rye,1953
1,Till,1-Apr,28:10:10,140,1-Feb,560,Aerial Solid,Winter Rye,1954
3,Till,1-Apr,28:10:10,140,1-Feb,560,Aerial Solid,Winter Rye,1955
5,Till,1-Apr,28:10:10,140,1-Feb,560,Aerial Solid,Winter Rye,1956
0,Till,15-Apr,28:10:10,140,1-Feb,560,Aerial Solid,Winter Rye,1957
1,Till,15-Apr,28:10:10,140,1-Feb,560,Aerial Solid,Winter Rye,1958
3,Till,15-Apr,28:10:10,140,1-Feb,560,Aerial Solid,Winter Rye,1959
5,Till,15-Apr,28:10:10,140,1-Feb,560,Aerial Solid,Winter Rye,1960
0,Till,1-Apr,Dairy Manure,140,1-Feb,560,Aerial Solid,Winter Rye,1961
1,Till,1-Apr,Dairy Manure,140,1-Feb,560,Aerial Solid,Winter Rye,1962
3,Till,1-Apr,Dairy Manure,140,1-Feb,560,Aerial Solid,Winter Rye,1963
5,Till,1-Apr,Dairy Manure,140,1-Feb,560,Aerial Solid,Winter Rye,1964
0,Till,15-Apr,Dairy Manure,140,1-Feb,560,Aerial Solid,Winter Rye,1965
1,Till,15-Apr,Dairy Manure,140,1-Feb,560,Aerial Solid,Winter Rye,1966
3,Till,15-Apr,Dairy Manure,140,1-Feb,560,Aerial Solid,Winter Rye,1967
5,Till,15-Apr,Dairy Manure,140,1-Feb,560,Aerial Solid,Winter Rye,1968
0,Till,1-Apr,26:13:00,280,1-Feb,560,Aerial Solid,Winter Rye,1969
1,Till,1-Apr,26:13:00,280,1-Feb,560,Aerial Solid,Winter Rye,1970
3,Till,1-Apr,26:13:00,280,1-Feb,560,Aerial Solid,Winter Rye,1971
5,Till,1-Apr,26:13:00,280,1-Feb,560,Aerial Solid,Winter Rye,1972
0,Till,15-Apr,26:13:00,280,1-Feb,560,Aerial Solid,Winter Rye,1973
1,Till,15-Apr,26:13:00,280,1-Feb,560,Aerial Solid,Winter Rye,1974
3,Till,15-Apr,26:13:00,280,1-Feb,560,Aerial Solid,Winter Rye,1975
5,Till,15-Apr,26:13:00,280,1-Feb,560,Aerial Solid,Winter Rye,1976
0,Till,1-Apr,28:10:10,280,1-Feb,560,Aerial Solid,Winter Rye,1977
1,Till,1-Apr,28:10:10,280,1-Feb,560,Aerial Solid,Winter Rye,1978
3,Till,1-Apr,28:10:10,280,1-Feb,560,Aerial Solid,Winter Rye,1979
5,Till,1-Apr,28:10:10,280,1-Feb,560,Aerial Solid,Winter Rye,1980
0,Till,15-Apr,28:10:10,280,1-Feb,560,Aerial Solid,Winter Rye,1981
1,Till,15-Apr,28:10:10,280,1-Feb,560,Aerial Solid,Winter Rye,1982
3,Till,15-Apr,28:10:10,280,1-Feb,560,Aerial Solid,Winter Rye,1983
5,Till,15-Apr,28:10:10,280,1-Feb,560,Aerial Solid,Winter Rye,1984
0,Till,1-Apr,Dairy Manure,280,1-Feb,560,Aerial Solid,Winter Rye,1985
1,Till,1-Apr,Dairy Manure,280,1-Feb,560,Aerial Solid,Winter Rye,1986
3,Till,1-Apr,Dairy Manure,280,1-Feb,560,Aerial Solid,Winter Rye,1987
5,Till,1-Apr,Dairy Manure,280,1-Feb,560,Aerial Solid,Winter Rye,1988
0,Till,15-Apr,Dairy Manure,280,1-Feb,560,Aerial Solid,Winter Rye,1989
1,Till,15-Apr,Dairy Manure,280,1-Feb,560,Aerial Solid,Winter Rye,1990
3,Till,15-Apr,Dairy Manure,280,1-Feb,560,Aerial Solid,Winter Rye,1991
5,Till,15-Apr,Dairy Manure,280,1-Feb,560,Aerial Solid,Winter Rye,1992
0,Till,1-Apr,26:13:00,560,1-Feb,560,Aerial Solid,Winter Rye,1993
1,Till,1-Apr,26:13:00,560,1-Feb,560,Aerial Solid,Winter Rye,1994
3,Till,1-Apr,26:13:00,560,1-Feb,560,Aerial Solid,Winter Rye,1995
5,Till,1-Apr,26:13:00,560,1-Feb,560,Aerial Solid,Winter Rye,1996
0,Till,15-Apr,26:13:00,560,1-Feb,560,Aerial Solid,Winter Rye,1997
1,Till,15-Apr,26:13:00,560,1-Feb,560,Aerial Solid,Winter Rye,1998
3,Till,15-Apr,26:13:00,560,1-Feb,560,Aerial Solid,Winter Rye,1999
5,Till,15-Apr,26:13:00,560,1-Feb,560,Aerial Solid,Winter Rye,2000
0,Till,1-Apr,28:10:10,560,1-Feb,560,Aerial Solid,Winter Rye,2001
1,Till,1-Apr,28:10:10,560,1-Feb,560,Aerial Solid,Winter Rye,2002
3,Till,1-Apr,28:10:10,560,1-Feb,560,Aerial Solid,Winter Rye,2003
5,Till,1-Apr,28:10:10,560,1-Feb,560,Aerial Solid,Winter Rye,2004
0,Till,15-Apr,28:10:10,560,1-Feb,560,Aerial Solid,Winter Rye,2005
1,Till,15-Apr,28:10:10,560,1-Feb,560,Aerial Solid,Winter Rye,2006
3,Till,15-Apr,28:10:10,560,1-Feb,560,Aerial Solid,Winter Rye,2007
5,Till,15-Apr,28:10:10,560,1-Feb,560,Aerial Solid,Winter Rye,2008
0,Till,1-Apr,Dairy Manure,560,1-Feb,560,Aerial Solid,Winter Rye,2009
1,Till,1-Apr,Dairy Manure,560,1-Feb,560,Aerial Solid,Winter Rye,2010
3,Till,1-Apr,Dairy Manure,560,1-Feb,560,Aerial Solid,Winter Rye,2011
5,Till,1-Apr,Dairy Manure,560,1-Feb,560,Aerial Solid,Winter Rye,2012
0,Till,15-Apr,Dairy Manure,560,1-Feb,560,Aerial Solid,Winter Rye,2013
1,Till,15-Apr,Dairy Manure,560,1-Feb,560,Aerial Solid,Winter Rye,2014
3,Till,15-Apr,Dairy Manure,560,1-Feb,560,Aerial Solid,Winter Rye,2015
5,Till,15-Apr,Dairy Manure,560,1-Feb,560,Aerial Solid,Winter Rye,2016
0,Till,1-Apr,26:13:00,1120,1-Feb,560,Aerial Solid,Winter Rye,2017
1,Till,1-Apr,26:13:00,1120,1-Feb,560,Aerial Solid,Winter Rye,2018
3,Till,1-Apr,26:13:00,1120,1-Feb,560,Aerial Solid,Winter Rye,2019
5,Till,1-Apr,26:13:00,1120,1-Feb,560,Aerial Solid,Winter Rye,2020
0,Till,15-Apr,26:13:00,1120,1-Feb,560,Aerial Solid,Winter Rye,2021
1,Till,15-Apr,26:13:00,1120,1-Feb,560,Aerial Solid,Winter Rye,2022
3,Till,15-Apr,26:13:00,1120,1-Feb,560,Aerial Solid,Winter Rye,2023
5,Till,15-Apr,26:13:00,1120,1-Feb,560,Aerial Solid,Winter Rye,2024
0,Till,1-Apr,28:10:10,1120,1-Feb,560,Aerial Solid,Winter Rye,2025
1,Till,1-Apr,28:10:10,1120,1-Feb,560,Aerial Solid,Winter Rye,2026
3,Till,1-Apr,28:10:10,1120,1-Feb,560,Aerial Solid,Winter Rye,2027
5,Till,1-Apr,28:10:10,1120,1-Feb,560,Aerial Solid,Winter Rye,2028
0,Till,15-Apr,28:10:10,1120,1-Feb,560,Aerial Solid,Winter Rye,2029
1,Till,15-Apr,28:10:10,1120,1-Feb,560,Aerial Solid,Winter Rye,2030
3,Till,15-Apr,28:10:10,1120,1-Feb,560,Aerial Solid,Winter Rye,2031
5,Till,15-Apr,28:10:10,1120,1-Feb,560,Aerial Solid,Winter Rye,2032
0,Till,1-Apr,Dairy Manure,1120,1-Feb,560,Aerial Solid,Winter Rye,2033
1,Till,1-Apr,Dairy Manure,1120,1-Feb,560,Aerial Solid,Winter Rye,2034
3,Till,1-Apr,Dairy Manure,1120,1-Feb,560,Aerial Solid,Winter Rye,2035
5,Till,1-Apr,Dairy Manure,1120,1-Feb,560,Aerial Solid,Winter Rye,2036
0,Till,15-Apr,Dairy Manure,1120,1-Feb,560,Aerial Solid,Winter Rye,2037
1,Till,15-Apr,Dairy Manure,1120,1-Feb,560,Aerial Solid,Winter Rye,2038
3,Till,15-Apr,Dairy Manure,1120,1-Feb,560,Aerial Solid,Winter Rye,2039
5,Till,15-Apr,Dairy Manure,1120,1-Feb,560,Aerial Solid,Winter Rye,2040
0,Till,1-Apr,26:13:00,0,1-May,560,Aerial Solid,Winter Rye,2041
1,Till,1-Apr,26:13:00,0,1-May,560,Aerial Solid,Winter Rye,2042
3,Till,1-Apr,26:13:00,0,1-May,560,Aerial Solid,Winter Rye,2043
5,Till,1-Apr,26:13:00,0,1-May,560,Aerial Solid,Winter Rye,2044
0,Till,15-Apr,26:13:00,0,1-May,560,Aerial Solid,Winter Rye,2045
1,Till,15-Apr,26:13:00,0,1-May,560,Aerial Solid,Winter Rye,2046
3,Till,15-Apr,26:13:00,0,1-May,560,Aerial Solid,Winter Rye,2047
5,Till,15-Apr,26:13:00,0,1-May,560,Aerial Solid,Winter Rye,2048
0,Till,1-Apr,28:10:10,0,1-May,560,Aerial Solid,Winter Rye,2049
1,Till,1-Apr,28:10:10,0,1-May,560,Aerial Solid,Winter Rye,2050
3,Till,1-Apr,28:10:10,0,1-May,560,Aerial Solid,Winter Rye,2051
5,Till,1-Apr,28:10:10,0,1-May,560,Aerial Solid,Winter Rye,2052
0,Till,15-Apr,28:10:10,0,1-May,560,Aerial Solid,Winter Rye,2053
1,Till,15-Apr,28:10:10,0,1-May,560,Aerial Solid,Winter Rye,2054
3,Till,15-Apr,28:10:10,0,1-May,560,Aerial Solid,Winter Rye,2055
5,Till,15-Apr,28:10:10,0,1-May,560,Aerial Solid,Winter Rye,2056
0,Till,1-Apr,Dairy Manure,0,1-May,560,Aerial Solid,Winter Rye,2057
1,Till,1-Apr,Dairy Manure,0,1-May,560,Aerial Solid,Winter Rye,2058
3,Till,1-Apr,Dairy Manure,0,1-May,560,Aerial Solid,Winter Rye,2059
5,Till,1-Apr,Dairy Manure,0,1-May,560,Aerial Solid,Winter Rye,2060
0,Till,15-Apr,Dairy Manure,0,1-May,560,Aerial Solid,Winter Rye,2061
1,Till,15-Apr,Dairy Manure,0,1-May,560,Aerial Solid,Winter Rye,2062
3,Till,15-Apr,Dairy Manure,0,1-May,560,Aerial Solid,Winter Rye,2063
5,Till,15-Apr,Dairy Manure,0,1-May,560,Aerial Solid,Winter Rye,2064
0,Till,1-Apr,26:13:00,140,1-May,560,Aerial Solid,Winter Rye,2065
1,Till,1-Apr,26:13:00,140,1-May,560,Aerial Solid,Winter Rye,2066
3,Till,1-Apr,26:13:00,140,1-May,560,Aerial Solid,Winter Rye,2067
5,Till,1-Apr,26:13:00,140,1-May,560,Aerial Solid,Winter Rye,2068
0,Till,15-Apr,26:13:00,140,1-May,560,Aerial Solid,Winter Rye,2069
1,Till,15-Apr,26:13:00,140,1-May,560,Aerial Solid,Winter Rye,2070
3,Till,15-Apr,26:13:00,140,1-May,560,Aerial Solid,Winter Rye,2071
5,Till,15-Apr,26:13:00,140,1-May,560,Aerial Solid,Winter Rye,2072
0,Till,1-Apr,28:10:10,140,1-May,560,Aerial Solid,Winter Rye,2073
1,Till,1-Apr,28:10:10,140,1-May,560,Aerial Solid,Winter Rye,2074
3,Till,1-Apr,28:10:10,140,1-May,560,Aerial Solid,Winter Rye,2075
5,Till,1-Apr,28:10:10,140,1-May,560,Aerial Solid,Winter Rye,2076
0,Till,15-Apr,28:10:10,140,1-May,560,Aerial Solid,Winter Rye,2077
1,Till,15-Apr,28:10:10,140,1-May,560,Aerial Solid,Winter Rye,2078
3,Till,15-Apr,28:10:10,140,1-May,560,Aerial Solid,Winter Rye,2079
5,Till,15-Apr,28:10:10,140,1-May,560,Aerial Solid,Winter Rye,2080
0,Till,1-Apr,Dairy Manure,140,1-May,560,Aerial Solid,Winter Rye,2081
1,Till,1-Apr,Dairy Manure,140,1-May,560,Aerial Solid,Winter Rye,2082
3,Till,1-Apr,Dairy Manure,140,1-May,560,Aerial Solid,Winter Rye,2083
5,Till,1-Apr,Dairy Manure,140,1-May,560,Aerial Solid,Winter Rye,2084
0,Till,15-Apr,Dairy Manure,140,1-May,560,Aerial Solid,Winter Rye,2085
1,Till,15-Apr,Dairy Manure,140,1-May,560,Aerial Solid,Winter Rye,2086
3,Till,15-Apr,Dairy Manure,140,1-May,560,Aerial Solid,Winter Rye,2087
5,Till,15-Apr,Dairy Manure,140,1-May,560,Aerial Solid,Winter Rye,2088
0,Till,1-Apr,26:13:00,280,1-May,560,Aerial Solid,Winter Rye,2089
1,Till,1-Apr,26:13:00,280,1-May,560,Aerial Solid,Winter Rye,2090
3,Till,1-Apr,26:13:00,280,1-May,560,Aerial Solid,Winter Rye,2091
5,Till,1-Apr,26:13:00,280,1-May,560,Aerial Solid,Winter Rye,2092
0,Till,15-Apr,26:13:00,280,1-May,560,Aerial Solid,Winter Rye,2093
1,Till,15-Apr,26:13:00,280,1-May,560,Aerial Solid,Winter Rye,2094
3,Till,15-Apr,26:13:00,280,1-May,560,Aerial Solid,Winter Rye,2095
5,Till,15-Apr,26:13:00,280,1-May,560,Aerial Solid,Winter Rye,2096
0,Till,1-Apr,28:10:10,280,1-May,560,Aerial Solid,Winter Rye,2097
1,Till,1-Apr,28:10:10,280,1-May,560,Aerial Solid,Winter Rye,2098
3,Till,1-Apr,28:10:10,280,1-May,560,Aerial Solid,Winter Rye,2099
5,Till,1-Apr,28:10:10,280,1-May,560,Aerial Solid,Winter Rye,2100
0,Till,15-Apr,28:10:10,280,1-May,560,Aerial Solid,Winter Rye,2101
1,Till,15-Apr,28:10:10,280,1-May,560,Aerial Solid,Winter Rye,2102
3,Till,15-Apr,28:10:10,280,1-May,560,Aerial Solid,Winter Rye,2103
5,Till,15-Apr,28:10:10,280,1-May,560,Aerial Solid,Winter Rye,2104
0,Till,1-Apr,Dairy Manure,280,1-May,560,Aerial Solid,Winter Rye,2105
1,Till,1-Apr,Dairy Manure,280,1-May,560,Aerial Solid,Winter Rye,2106
3,Till,1-Apr,Dairy Manure,280,1-May,560,Aerial Solid,Winter Rye,2107
5,Till,1-Apr,Dairy Manure,280,1-May,560,Aerial Solid,Winter Rye,2108
0,Till,15-Apr,Dairy Manure,280,1-May,560,Aerial Solid,Winter Rye,2109
1,Till,15-Apr,Dairy Manure,280,1-May,560,Aerial Solid,Winter Rye,2110
3,Till,15-Apr,Dairy Manure,280,1-May,560,Aerial Solid,Winter Rye,2111
5,Till,15-Apr,Dairy Manure,280,1-May,560,Aerial Solid,Winter Rye,2112
0,Till,1-Apr,26:13:00,560,1-May,560,Aerial Solid,Winter Rye,2113
1,Till,1-Apr,26:13:00,560,1-May,560,Aerial Solid,Winter Rye,2114
3,Till,1-Apr,26:13:00,560,1-May,560,Aerial Solid,Winter Rye,2115
5,Till,1-Apr,26:13:00,560,1-May,560,Aerial Solid,Winter Rye,2116
0,Till,15-Apr,26:13:00,560,1-May,560,Aerial Solid,Winter Rye,2117
1,Till,15-Apr,26:13:00,560,1-May,560,Aerial Solid,Winter Rye,2118
3,Till,15-Apr,26:13:00,560,1-May,560,Aerial Solid,Winter Rye,2119
5,Till,15-Apr,26:13:00,560,1-May,560,Aerial Solid,Winter Rye,2120
0,Till,1-Apr,28:10:10,560,1-May,560,Aerial Solid,Winter Rye,2121
1,Till,1-Apr,28:10:10,560,1-May,560,Aerial Solid,Winter Rye,2122
3,Till,1-Apr,28:10:10,560,1-May,560,Aerial Solid,Winter Rye,2123
5,Till,1-Apr,28:10:10,560,1-May,560,Aerial Solid,Winter Rye,2124
0,Till,15-Apr,28:10:10,560,1-May,560,Aerial Solid,Winter Rye,2125
1,Till,15-Apr,28:10:10,560,1-May,560,Aerial Solid,Winter Rye,2126
3,Till,15-Apr,28:10:10,560,1-May,560,Aerial Solid,Winter Rye,2127
5,Till,15-Apr,28:10:10,560,1-May,560,Aerial Solid,Winter Rye,2128
0,Till,1-Apr,Dairy Manure,560,1-May,560,Aerial Solid,Winter Rye,2129
1,Till,1-Apr,Dairy Manure,560,1-May,560,Aerial Solid,Winter Rye,2130
3,Till,1-Apr,Dairy Manure,560,1-May,560,Aerial Solid,Winter Rye,2131
5,Till,1-Apr,Dairy Manure,560,1-May,560,Aerial Solid,Winter Rye,2132
0,Till,15-Apr,Dairy Manure,560,1-May,560,Aerial Solid,Winter Rye,2133
1,Till,15-Apr,Dairy Manure,560,1-May,560,Aerial Solid,Winter Rye,2134
3,Till,15-Apr,Dairy Manure,560,1-May,560,Aerial Solid,Winter Rye,2135
5,Till,15-Apr,Dairy Manure,560,1-May,560,Aerial Solid,Winter Rye,2136
0,Till,1-Apr,26:13:00,1120,1-May,560,Aerial Solid,Winter Rye,2137
1,Till,1-Apr,26:13:00,1120,1-May,560,Aerial Solid,Winter Rye,2138
3,Till,1-Apr,26:13:00,1120,1-May,560,Aerial Solid,Winter Rye,2139
5,Till,1-Apr,26:13:00,1120,1-May,560,Aerial Solid,Winter Rye,2140
0,Till,15-Apr,26:13:00,1120,1-May,560,Aerial Solid,Winter Rye,2141
1,Till,15-Apr,26:13:00,1120,1-May,560,Aerial Solid,Winter Rye,2142
3,Till,15-Apr,26:13:00,1120,1-May,560,Aerial Solid,Winter Rye,2143
5,Till,15-Apr,26:13:00,1120,1-May,560,Aerial Solid,Winter Rye,2144
0,Till,1-Apr,28:10:10,1120,1-May,560,Aerial Solid,Winter Rye,2145
1,Till,1-Apr,28:10:10,1120,1-May,560,Aerial Solid,Winter Rye,2146
3,Till,1-Apr,28:10:10,1120,1-May,560,Aerial Solid,Winter Rye,2147
5,Till,1-Apr,28:10:10,1120,1-May,560,Aerial Solid,Winter Rye,2148
0,Till,15-Apr,28:10:10,1120,1-May,560,Aerial Solid,Winter Rye,2149
1,Till,15-Apr,28:10:10,1120,1-May,560,Aerial Solid,Winter Rye,2150
3,Till,15-Apr,28:10:10,1120,1-May,560,Aerial Solid,Winter Rye,2151
5,Till,15-Apr,28:10:10,1120,1-May,560,Aerial Solid,Winter Rye,2152
0,Till,1-Apr,Dairy Manure,1120,1-May,560,Aerial Solid,Winter Rye,2153
1,Till,1-Apr,Dairy Manure,1120,1-May,560,Aerial Solid,Winter Rye,2154
3,Till,1-Apr,Dairy Manure,1120,1-May,560,Aerial Solid,Winter Rye,2155
5,Till,1-Apr,Dairy Manure,1120,1-May,560,Aerial Solid,Winter Rye,2156
0,Till,15-Apr,Dairy Manure,1120,1-May,560,Aerial Solid,Winter Rye,2157
1,Till,15-Apr,Dairy Manure,1120,1-May,560,Aerial Solid,Winter Rye,2158
3,Till,15-Apr,Dairy Manure,1120,1-May,560,Aerial Solid,Winter Rye,2159
5,Till,15-Apr,Dairy Manure,1120,1-May,560,Aerial Solid,Winter Rye,2160
0,Till,1-Apr,26:13:00,0,1-Feb,1120,Aerial Solid,Winter Rye,2161
1,Till,1-Apr,26:13:00,0,1-Feb,1120,Aerial Solid,Winter Rye,2162
3,Till,1-Apr,26:13:00,0,1-Feb,1120,Aerial Solid,Winter Rye,2163
5,Till,1-Apr,26:13:00,0,1-Feb,1120,Aerial Solid,Winter Rye,2164
0,Till,15-Apr,26:13:00,0,1-Feb,1120,Aerial Solid,Winter Rye,2165
1,Till,15-Apr,26:13:00,0,1-Feb,1120,Aerial Solid,Winter Rye,2166
3,Till,15-Apr,26:13:00,0,1-Feb,1120,Aerial Solid,Winter Rye,2167
5,Till,15-Apr,26:13:00,0,1-Feb,1120,Aerial Solid,Winter Rye,2168
0,Till,1-Apr,28:10:10,0,1-Feb,1120,Aerial Solid,Winter Rye,2169
1,Till,1-Apr,28:10:10,0,1-Feb,1120,Aerial Solid,Winter Rye,2170
3,Till,1-Apr,28:10:10,0,1-Feb,1120,Aerial Solid,Winter Rye,2171
5,Till,1-Apr,28:10:10,0,1-Feb,1120,Aerial Solid,Winter Rye,2172
0,Till,15-Apr,28:10:10,0,1-Feb,1120,Aerial Solid,Winter Rye,2173
1,Till,15-Apr,28:10:10,0,1-Feb,1120,Aerial Solid,Winter Rye,2174
3,Till,15-Apr,28:10:10,0,1-Feb,1120,Aerial Solid,Winter Rye,2175
5,Till,15-Apr,28:10:10,0,1-Feb,1120,Aerial Solid,Winter Rye,2176
0,Till,1-Apr,Dairy Manure,0,1-Feb,1120,Aerial Solid,Winter Rye,2177
1,Till,1-Apr,Dairy Manure,0,1-Feb,1120,Aerial Solid,Winter Rye,2178
3,Till,1-Apr,Dairy Manure,0,1-Feb,1120,Aerial Solid,Winter Rye,2179
5,Till,1-Apr,Dairy Manure,0,1-Feb,1120,Aerial Solid,Winter Rye,2180
0,Till,15-Apr,Dairy Manure,0,1-Feb,1120,Aerial Solid,Winter Rye,2181
1,Till,15-Apr,Dairy Manure,0,1-Feb,1120,Aerial Solid,Winter Rye,2182
3,Till,15-Apr,Dairy Manure,0,1-Feb,1120,Aerial Solid,Winter Rye,2183
5,Till,15-Apr,Dairy Manure,0,1-Feb,1120,Aerial Solid,Winter Rye,2184
0,Till,1-Apr,26:13:00,140,1-Feb,1120,Aerial Solid,Winter Rye,2185
1,Till,1-Apr,26:13:00,140,1-Feb,1120,Aerial Solid,Winter Rye,2186
3,Till,1-Apr,26:13:00,140,1-Feb,1120,Aerial Solid,Winter Rye,2187
5,Till,1-Apr,26:13:00,140,1-Feb,1120,Aerial Solid,Winter Rye,2188
0,Till,15-Apr,26:13:00,140,1-Feb,1120,Aerial Solid,Winter Rye,2189
1,Till,15-Apr,26:13:00,140,1-Feb,1120,Aerial Solid,Winter Rye,2190
3,Till,15-Apr,26:13:00,140,1-Feb,1120,Aerial Solid,Winter Rye,2191
5,Till,15-Apr,26:13:00,140,1-Feb,1120,Aerial Solid,Winter Rye,2192
0,Till,1-Apr,28:10:10,140,1-Feb,1120,Aerial Solid,Winter Rye,2193
1,Till,1-Apr,28:10:10,140,1-Feb,1120,Aerial Solid,Winter Rye,2194
3,Till,1-Apr,28:10:10,140,1-Feb,1120,Aerial Solid,Winter Rye,2195
5,Till,1-Apr,28:10:10,140,1-Feb,1120,Aerial Solid,Winter Rye,2196
0,Till,15-Apr,28:10:10,140,1-Feb,1120,Aerial Solid,Winter Rye,2197
1,Till,15-Apr,28:10:10,140,1-Feb,1120,Aerial Solid,Winter Rye,2198
3,Till,15-Apr,28:10:10,140,1-Feb,1120,Aerial Solid,Winter Rye,2199
5,Till,15-Apr,28:10:10,140,1-Feb,1120,Aerial Solid,Winter Rye,2200
0,Till,1-Apr,Dairy Manure,140,1-Feb,1120,Aerial Solid,Winter Rye,2201
1,Till,1-Apr,Dairy Manure,140,1-Feb,1120,Aerial Solid,Winter Rye,2202
3,Till,1-Apr,Dairy Manure,140,1-Feb,1120,Aerial Solid,Winter Rye,2203
5,Till,1-Apr,Dairy Manure,140,1-Feb,1120,Aerial Solid,Winter Rye,2204
0,Till,15-Apr,Dairy Manure,140,1-Feb,1120,Aerial Solid,Winter Rye,2205
1,Till,15-Apr,Dairy Manure,140,1-Feb,1120,Aerial Solid,Winter Rye,2206
3,Till,15-Apr,Dairy Manure,140,1-Feb,1120,Aerial Solid,Winter Rye,2207
5,Till,15-Apr,Dairy Manure,140,1-Feb,1120,Aerial Solid,Winter Rye,2208
0,Till,1-Apr,26:13:00,280,1-Feb,1120,Aerial Solid,Winter Rye,2209
1,Till,1-Apr,26:13:00,280,1-Feb,1120,Aerial Solid,Winter Rye,2210
3,Till,1-Apr,26:13:00,280,1-Feb,1120,Aerial Solid,Winter Rye,2211
5,Till,1-Apr,26:13:00,280,1-Feb,1120,Aerial Solid,Winter Rye,2212
0,Till,15-Apr,26:13:00,280,1-Feb,1120,Aerial Solid,Winter Rye,2213
1,Till,15-Apr,26:13:00,280,1-Feb,1120,Aerial Solid,Winter Rye,2214
3,Till,15-Apr,26:13:00,280,1-Feb,1120,Aerial Solid,Winter Rye,2215
5,Till,15-Apr,26:13:00,280,1-Feb,1120,Aerial Solid,Winter Rye,2216
0,Till,1-Apr,28:10:10,280,1-Feb,1120,Aerial Solid,Winter Rye,2217
1,Till,1-Apr,28:10:10,280,1-Feb,1120,Aerial Solid,Winter Rye,2218
3,Till,1-Apr,28:10:10,280,1-Feb,1120,Aerial Solid,Winter Rye,2219
5,Till,1-Apr,28:10:10,280,1-Feb,1120,Aerial Solid,Winter Rye,2220
0,Till,15-Apr,28:10:10,280,1-Feb,1120,Aerial Solid,Winter Rye,2221
1,Till,15-Apr,28:10:10,280,1-Feb,1120,Aerial Solid,Winter Rye,2222
3,Till,15-Apr,28:10:10,280,1-Feb,1120,Aerial Solid,Winter Rye,2223
5,Till,15-Apr,28:10:10,280,1-Feb,1120,Aerial Solid,Winter Rye,2224
0,Till,1-Apr,Dairy Manure,280,1-Feb,1120,Aerial Solid,Winter Rye,2225
1,Till,1-Apr,Dairy Manure,280,1-Feb,1120,Aerial Solid,Winter Rye,2226
3,Till,1-Apr,Dairy Manure,280,1-Feb,1120,Aerial Solid,Winter Rye,2227
5,Till,1-Apr,Dairy Manure,280,1-Feb,1120,Aerial Solid,Winter Rye,2228
0,Till,15-Apr,Dairy Manure,280,1-Feb,1120,Aerial Solid,Winter Rye,2229
1,Till,15-Apr,Dairy Manure,280,1-Feb,1120,Aerial Solid,Winter Rye,2230
3,Till,15-Apr,Dairy Manure,280,1-Feb,1120,Aerial Solid,Winter Rye,2231
5,Till,15-Apr,Dairy Manure,280,1-Feb,1120,Aerial Solid,Winter Rye,2232
0,Till,1-Apr,26:13:00,560,1-Feb,1120,Aerial Solid,Winter Rye,2233
1,Till,1-Apr,26:13:00,560,1-Feb,1120,Aerial Solid,Winter Rye,2234
3,Till,1-Apr,26:13:00,560,1-Feb,1120,Aerial Solid,Winter Rye,2235
5,Till,1-Apr,26:13:00,560,1-Feb,1120,Aerial Solid,Winter Rye,2236
0,Till,15-Apr,26:13:00,560,1-Feb,1120,Aerial Solid,Winter Rye,2237
1,Till,15-Apr,26:13:00,560,1-Feb,1120,Aerial Solid,Winter Rye,2238
3,Till,15-Apr,26:13:00,560,1-Feb,1120,Aerial Solid,Winter Rye,2239
5,Till,15-Apr,26:13:00,560,1-Feb,1120,Aerial Solid,Winter Rye,2240
0,Till,1-Apr,28:10:10,560,1-Feb,1120,Aerial Solid,Winter Rye,2241
1,Till,1-Apr,28:10:10,560,1-Feb,1120,Aerial Solid,Winter Rye,2242
3,Till,1-Apr,28:10:10,560,1-Feb,1120,Aerial Solid,Winter Rye,2243
5,Till,1-Apr,28:10:10,560,1-Feb,1120,Aerial Solid,Winter Rye,2244
0,Till,15-Apr,28:10:10,560,1-Feb,1120,Aerial Solid,Winter Rye,2245
1,Till,15-Apr,28:10:10,560,1-Feb,1120,Aerial Solid,Winter Rye,2246
3,Till,15-Apr,28:10:10,560,1-Feb,1120,Aerial Solid,Winter Rye,2247
5,Till,15-Apr,28:10:10,560,1-Feb,1120,Aerial Solid,Winter Rye,2248
0,Till,1-Apr,Dairy Manure,560,1-Feb,1120,Aerial Solid,Winter Rye,2249
1,Till,1-Apr,Dairy Manure,560,1-Feb,1120,Aerial Solid,Winter Rye,2250
3,Till,1-Apr,Dairy Manure,560,1-Feb,1120,Aerial Solid,Winter Rye,2251
5,Till,1-Apr,Dairy Manure,560,1-Feb,1120,Aerial Solid,Winter Rye,2252
0,Till,15-Apr,Dairy Manure,560,1-Feb,1120,Aerial Solid,Winter Rye,2253
1,Till,15-Apr,Dairy Manure,560,1-Feb,1120,Aerial Solid,Winter Rye,2254
3,Till,15-Apr,Dairy Manure,560,1-Feb,1120,Aerial Solid,Winter Rye,2255
5,Till,15-Apr,Dairy Manure,560,1-Feb,1120,Aerial Solid,Winter Rye,2256
0,Till,1-Apr,26:13:00,1120,1-Feb,1120,Aerial Solid,Winter Rye,2257
1,Till,1-Apr,26:13:00,1120,1-Feb,1120,Aerial Solid,Winter Rye,2258
3,Till,1-Apr,26:13:00,1120,1-Feb,1120,Aerial Solid,Winter Rye,2259
5,Till,1-Apr,26:13:00,1120,1-Feb,1120,Aerial Solid,Winter Rye,2260
0,Till,15-Apr,26:13:00,1120,1-Feb,1120,Aerial Solid,Winter Rye,2261
1,Till,15-Apr,26:13:00,1120,1-Feb,1120,Aerial Solid,Winter Rye,2262
3,Till,15-Apr,26:13:00,1120,1-Feb,1120,Aerial Solid,Winter Rye,2263
5,Till,15-Apr,26:13:00,1120,1-Feb,1120,Aerial Solid,Winter Rye,2264
0,Till,1-Apr,28:10:10,1120,1-Feb,1120,Aerial Solid,Winter Rye,2265
1,Till,1-Apr,28:10:10,1120,1-Feb,1120,Aerial Solid,Winter Rye,2266
3,Till,1-Apr,28:10:10,1120,1-Feb,1120,Aerial Solid,Winter Rye,2267
5,Till,1-Apr,28:10:10,1120,1-Feb,1120,Aerial Solid,Winter Rye,2268
0,Till,15-Apr,28:10:10,1120,1-Feb,1120,Aerial Solid,Winter Rye,2269
1,Till,15-Apr,28:10:10,1120,1-Feb,1120,Aerial Solid,Winter Rye,2270
3,Till,15-Apr,28:10:10,1120,1-Feb,1120,Aerial Solid,Winter Rye,2271
5,Till,15-Apr,28:10:10,1120,1-Feb,1120,Aerial Solid,Winter Rye,2272
0,Till,1-Apr,Dairy Manure,1120,1-Feb,1120,Aerial Solid,Winter Rye,2273
1,Till,1-Apr,Dairy Manure,1120,1-Feb,1120,Aerial Solid,Winter Rye,2274
3,Till,1-Apr,Dairy Manure,1120,1-Feb,1120,Aerial Solid,Winter Rye,2275
5,Till,1-Apr,Dairy Manure,1120,1-Feb,1120,Aerial Solid,Winter Rye,2276
0,Till,15-Apr,Dairy Manure,1120,1-Feb,1120,Aerial Solid,Winter Rye,2277
1,Till,15-Apr,Dairy Manure,1120,1-Feb,1120,Aerial Solid,Winter Rye,2278
3,Till,15-Apr,Dairy Manure,1120,1-Feb,1120,Aerial Solid,Winter Rye,2279
5,Till,15-Apr,Dairy Manure,1120,1-Feb,1120,Aerial Solid,Winter Rye,2280
0,Till,1-Apr,26:13:00,0,1-May,1120,Aerial Solid,Winter Rye,2281
1,Till,1-Apr,26:13:00,0,1-May,1120,Aerial Solid,Winter Rye,2282
3,Till,1-Apr,26:13:00,0,1-May,1120,Aerial Solid,Winter Rye,2283
5,Till,1-Apr,26:13:00,0,1-May,1120,Aerial Solid,Winter Rye,2284
0,Till,15-Apr,26:13:00,0,1-May,1120,Aerial Solid,Winter Rye,2285
1,Till,15-Apr,26:13:00,0,1-May,1120,Aerial Solid,Winter Rye,2286
3,Till,15-Apr,26:13:00,0,1-May,1120,Aerial Solid,Winter Rye,2287
5,Till,15-Apr,26:13:00,0,1-May,1120,Aerial Solid,Winter Rye,2288
0,Till,1-Apr,28:10:10,0,1-May,1120,Aerial Solid,Winter Rye,2289
1,Till,1-Apr,28:10:10,0,1-May,1120,Aerial Solid,Winter Rye,2290
3,Till,1-Apr,28:10:10,0,1-May,1120,Aerial Solid,Winter Rye,2291
5,Till,1-Apr,28:10:10,0,1-May,1120,Aerial Solid,Winter Rye,2292
0,Till,15-Apr,28:10:10,0,1-May,1120,Aerial Solid,Winter Rye,2293
1,Till,15-Apr,28:10:10,0,1-May,1120,Aerial Solid,Winter Rye,2294
3,Till,15-Apr,28:10:10,0,1-May,1120,Aerial Solid,Winter Rye,2295
5,Till,15-Apr,28:10:10,0,1-May,1120,Aerial Solid,Winter Rye,2296
0,Till,1-Apr,Dairy Manure,0,1-May,1120,Aerial Solid,Winter Rye,2297
1,Till,1-Apr,Dairy Manure,0,1-May,1120,Aerial Solid,Winter Rye,2298
3,Till,1-Apr,Dairy Manure,0,1-May,1120,Aerial Solid,Winter Rye,2299
5,Till,1-Apr,Dairy Manure,0,1-May,1120,Aerial Solid,Winter Rye,2300
0,Till,15-Apr,Dairy Manure,0,1-May,1120,Aerial Solid,Winter Rye,2301
1,Till,15-Apr,Dairy Manure,0,1-May,1120,Aerial Solid,Winter Rye,2302
3,Till,15-Apr,Dairy Manure,0,1-May,1120,Aerial Solid,Winter Rye,2303
5,Till,15-Apr,Dairy Manure,0,1-May,1120,Aerial Solid,Winter Rye,2304
0,Till,1-Apr,26:13:00,140,1-May,1120,Aerial Solid,Winter Rye,2305
1,Till,1-Apr,26:13:00,140,1-May,1120,Aerial Solid,Winter Rye,2306
3,Till,1-Apr,26:13:00,140,1-May,1120,Aerial Solid,Winter Rye,2307
5,Till,1-Apr,26:13:00,140,1-May,1120,Aerial Solid,Winter Rye,2308
0,Till,15-Apr,26:13:00,140,1-May,1120,Aerial Solid,Winter Rye,2309
1,Till,15-Apr,26:13:00,140,1-May,1120,Aerial Solid,Winter Rye,2310
3,Till,15-Apr,26:13:00,140,1-May,1120,Aerial Solid,Winter Rye,2311
5,Till,15-Apr,26:13:00,140,1-May,1120,Aerial Solid,Winter Rye,2312
0,Till,1-Apr,28:10:10,140,1-May,1120,Aerial Solid,Winter Rye,2313
1,Till,1-Apr,28:10:10,140,1-May,1120,Aerial Solid,Winter Rye,2314
3,Till,1-Apr,28:10:10,140,1-May,1120,Aerial Solid,Winter Rye,2315
5,Till,1-Apr,28:10:10,140,1-May,1120,Aerial Solid,Winter Rye,2316
0,Till,15-Apr,28:10:10,140,1-May,1120,Aerial Solid,Winter Rye,2317
1,Till,15-Apr,28:10:10,140,1-May,1120,Aerial Solid,Winter Rye,2318
3,Till,15-Apr,28:10:10,140,1-May,1120,Aerial Solid,Winter Rye,2319
5,Till,15-Apr,28:10:10,140,1-May,1120,Aerial Solid,Winter Rye,2320
0,Till,1-Apr,Dairy Manure,140,1-May,1120,Aerial Solid,Winter Rye,2321
1,Till,1-Apr,Dairy Manure,140,1-May,1120,Aerial Solid,Winter Rye,2322
3,Till,1-Apr,Dairy Manure,140,1-May,1120,Aerial Solid,Winter Rye,2323
5,Till,1-Apr,Dairy Manure,140,1-May,1120,Aerial Solid,Winter Rye,2324
0,Till,15-Apr,Dairy Manure,140,1-May,1120,Aerial Solid,Winter Rye,2325
1,Till,15-Apr,Dairy Manure,140,1-May,1120,Aerial Solid,Winter Rye,2326
3,Till,15-Apr,Dairy Manure,140,1-May,1120,Aerial Solid,Winter Rye,2327
5,Till,15-Apr,Dairy Manure,140,1-May,1120,Aerial Solid,Winter Rye,2328
0,Till,1-Apr,26:13:00,280,1-May,1120,Aerial Solid,Winter Rye,2329
1,Till,1-Apr,26:13:00,280,1-May,1120,Aerial Solid,Winter Rye,2330
3,Till,1-Apr,26:13:00,280,1-May,1120,Aerial Solid,Winter Rye,2331
5,Till,1-Apr,26:13:00,280,1-May,1120,Aerial Solid,Winter Rye,2332
0,Till,15-Apr,26:13:00,280,1-May,1120,Aerial Solid,Winter Rye,2333
1,Till,15-Apr,26:13:00,280,1-May,1120,Aerial Solid,Winter Rye,2334
3,Till,15-Apr,26:13:00,280,1-May,1120,Aerial Solid,Winter Rye,2335
5,Till,15-Apr,26:13:00,280,1-May,1120,Aerial Solid,Winter Rye,2336
0,Till,1-Apr,28:10:10,280,1-May,1120,Aerial Solid,Winter Rye,2337
1,Till,1-Apr,28:10:10,280,1-May,1120,Aerial Solid,Winter Rye,2338
3,Till,1-Apr,28:10:10,280,1-May,1120,Aerial Solid,Winter Rye,2339
5,Till,1-Apr,28:10:10,280,1-May,1120,Aerial Solid,Winter Rye,2340
0,Till,15-Apr,28:10:10,280,1-May,1120,Aerial Solid,Winter Rye,2341
1,Till,15-Apr,28:10:10,280,1-May,1120,Aerial Solid,Winter Rye,2342
3,Till,15-Apr,28:10:10,280,1-May,1120,Aerial Solid,Winter Rye,2343
5,Till,15-Apr,28:10:10,280,1-May,1120,Aerial Solid,Winter Rye,2344
0,Till,1-Apr,Dairy Manure,280,1-May,1120,Aerial Solid,Winter Rye,2345
1,Till,1-Apr,Dairy Manure,280,1-May,1120,Aerial Solid,Winter Rye,2346
3,Till,1-Apr,Dairy Manure,280,1-May,1120,Aerial Solid,Winter Rye,2347
5,Till,1-Apr,Dairy Manure,280,1-May,1120,Aerial Solid,Winter Rye,2348
0,Till,15-Apr,Dairy Manure,280,1-May,1120,Aerial Solid,Winter Rye,2349
1,Till,15-Apr,Dairy Manure,280,1-May,1120,Aerial Solid,Winter Rye,2350
3,Till,15-Apr,Dairy Manure,280,1-May,1120,Aerial Solid,Winter Rye,2351
5,Till,15-Apr,Dairy Manure,280,1-May,1120,Aerial Solid,Winter Rye,2352
0,Till,1-Apr,26:13:00,560,1-May,1120,Aerial Solid,Winter Rye,2353
1,Till,1-Apr,26:13:00,560,1-May,1120,Aerial Solid,Winter Rye,2354
3,Till,1-Apr,26:13:00,560,1-May,1120,Aerial Solid,Winter Rye,2355
5,Till,1-Apr,26:13:00,560,1-May,1120,Aerial Solid,Winter Rye,2356
0,Till,15-Apr,26:13:00,560,1-May,1120,Aerial Solid,Winter Rye,2357
1,Till,15-Apr,26:13:00,560,1-May,1120,Aerial Solid,Winter Rye,2358
3,Till,15-Apr,26:13:00,560,1-May,1120,Aerial Solid,Winter Rye,2359
5,Till,15-Apr,26:13:00,560,1-May,1120,Aerial Solid,Winter Rye,2360
0,Till,1-Apr,28:10:10,560,1-May,1120,Aerial Solid,Winter Rye,2361
1,Till,1-Apr,28:10:10,560,1-May,1120,Aerial Solid,Winter Rye,2362
3,Till,1-Apr,28:10:10,560,1-May,1120,Aerial Solid,Winter Rye,2363
5,Till,1-Apr,28:10:10,560,1-May,1120,Aerial Solid,Winter Rye,2364
0,Till,15-Apr,28:10:10,560,1-May,1120,Aerial Solid,Winter Rye,2365
1,Till,15-Apr,28:10:10,560,1-May,1120,Aerial Solid,Winter Rye,2366
3,Till,15-Apr,28:10:10,560,1-May,1120,Aerial Solid,Winter Rye,2367
5,Till,15-Apr,28:10:10,560,1-May,1120,Aerial Solid,Winter Rye,2368
0,Till,1-Apr,Dairy Manure,560,1-May,1120,Aerial Solid,Winter Rye,2369
1,Till,1-Apr,Dairy Manure,560,1-May,1120,Aerial Solid,Winter Rye,2370
3,Till,1-Apr,Dairy Manure,560,1-May,1120,Aerial Solid,Winter Rye,2371
5,Till,1-Apr,Dairy Manure,560,1-May,1120,Aerial Solid,Winter Rye,2372
0,Till,15-Apr,Dairy Manure,560,1-May,1120,Aerial Solid,Winter Rye,2373
1,Till,15-Apr,Dairy Manure,560,1-May,1120,Aerial Solid,Winter Rye,2374
3,Till,15-Apr,Dairy Manure,560,1-May,1120,Aerial Solid,Winter Rye,2375
5,Till,15-Apr,Dairy Manure,560,1-May,1120,Aerial Solid,Winter Rye,2376
0,Till,1-Apr,26:13:00,1120,1-May,1120,Aerial Solid,Winter Rye,2377
1,Till,1-Apr,26:13:00,1120,1-May,1120,Aerial Solid,Winter Rye,2378
3,Till,1-Apr,26:13:00,1120,1-May,1120,Aerial Solid,Winter Rye,2379
5,Till,1-Apr,26:13:00,1120,1-May,1120,Aerial Solid,Winter Rye,2380
0,Till,15-Apr,26:13:00,1120,1-May,1120,Aerial Solid,Winter Rye,2381
1,Till,15-Apr,26:13:00,1120,1-May,1120,Aerial Solid,Winter Rye,2382
3,Till,15-Apr,26:13:00,1120,1-May,1120,Aerial Solid,Winter Rye,2383
5,Till,15-Apr,26:13:00,1120,1-May,1120,Aerial Solid,Winter Rye,2384
0,Till,1-Apr,28:10:10,1120,1-May,1120,Aerial Solid,Winter Rye,2385
1,Till,1-Apr,28:10:10,1120,1-May,1120,Aerial Solid,Winter Rye,2386
3,Till,1-Apr,28:10:10,1120,1-May,1120,Aerial Solid,Winter Rye,2387
5,Till,1-Apr,28:10:10,1120,1-May,1120,Aerial Solid,Winter Rye,2388
0,Till,15-Apr,28:10:10,1120,1-May,1120,Aerial Solid,Winter Rye,2389
1,Till,15-Apr,28:10:10,1120,1-May,1120,Aerial Solid,Winter Rye,2390
3,Till,15-Apr,28:10:10,1120,1-May,1120,Aerial Solid,Winter Rye,2391
5,Till,15-Apr,28:10:10,1120,1-May,1120,Aerial Solid,Winter Rye,2392
0,Till,1-Apr,Dairy Manure,1120,1-May,1120,Aerial Solid,Winter Rye,2393
1,Till,1-Apr,Dairy Manure,1120,1-May,1120,Aerial Solid,Winter Rye,2394
3,Till,1-Apr,Dairy Manure,1120,1-May,1120,Aerial Solid,Winter Rye,2395
5,Till,1-Apr,Dairy Manure,1120,1-May,1120,Aerial Solid,Winter Rye,2396
0,Till,15-Apr,Dairy Manure,1120,1-May,1120,Aerial Solid,Winter Rye,2397
1,Till,15-Apr,Dairy Manure,1120,1-May,1120,Aerial Solid,Winter Rye,2398
3,Till,15-Apr,Dairy Manure,1120,1-May,1120,Aerial Solid,Winter Rye,2399
5,Till,15-Apr,Dairy Manure,1120,1-May,1120,Aerial Solid,Winter Rye,2400
0,Till,1-Apr,26:13:00,0,1-Feb,0,Injection,None,2401
1,Till,1-Apr,26:13:00,0,1-Feb,0,Injection,None,2402
3,Till,1-Apr,26:13:00,0,1-Feb,0,Injection,None,2403
5,Till,1-Apr,26:13:00,0,1-Feb,0,Injection,None,2404
0,Till,15-Apr,26:13:00,0,1-Feb,0,Injection,None,2405
1,Till,15-Apr,26:13:00,0,1-Feb,0,Injection,None,2406
3,Till,15-Apr,26:13:00,0,1-Feb,0,Injection,None,2407
5,Till,15-Apr,26:13:00,0,1-Feb,0,Injection,None,2408
0,Till,1-Apr,28:10:10,0,1-Feb,0,Injection,None,2409
1,Till,1-Apr,28:10:10,0,1-Feb,0,Injection,None,2410
3,Till,1-Apr,28:10:10,0,1-Feb,0,Injection,None,2411
5,Till,1-Apr,28:10:10,0,1-Feb,0,Injection,None,2412
0,Till,15-Apr,28:10:10,0,1-Feb,0,Injection,None,2413
1,Till,15-Apr,28:10:10,0,1-Feb,0,Injection,None,2414
3,Till,15-Apr,28:10:10,0,1-Feb,0,Injection,None,2415
5,Till,15-Apr,28:10:10,0,1-Feb,0,Injection,None,2416
0,Till,1-Apr,Dairy Manure,0,1-Feb,0,Injection,None,2417
1,Till,1-Apr,Dairy Manure,0,1-Feb,0,Injection,None,2418
3,Till,1-Apr,Dairy Manure,0,1-Feb,0,Injection,None,2419
5,Till,1-Apr,Dairy Manure,0,1-Feb,0,Injection,None,2420
0,Till,15-Apr,Dairy Manure,0,1-Feb,0,Injection,None,2421
1,Till,15-Apr,Dairy Manure,0,1-Feb,0,Injection,None,2422
3,Till,15-Apr,Dairy Manure,0,1-Feb,0,Injection,None,2423
5,Till,15-Apr,Dairy Manure,0,1-Feb,0,Injection,None,2424
0,Till,1-Apr,26:13:00,140,1-Feb,0,Injection,None,2425
1,Till,1-Apr,26:13:00,140,1-Feb,0,Injection,None,2426
3,Till,1-Apr,26:13:00,140,1-Feb,0,Injection,None,2427
5,Till,1-Apr,26:13:00,140,1-Feb,0,Injection,None,2428
0,Till,15-Apr,26:13:00,140,1-Feb,0,Injection,None,2429
1,Till,15-Apr,26:13:00,140,1-Feb,0,Injection,None,2430
3,Till,15-Apr,26:13:00,140,1-Feb,0,Injection,None,2431
5,Till,15-Apr,26:13:00,140,1-Feb,0,Injection,None,2432
0,Till,1-Apr,28:10:10,140,1-Feb,0,Injection,None,2433
1,Till,1-Apr,28:10:10,140,1-Feb,0,Injection,None,2434
3,Till,1-Apr,28:10:10,140,1-Feb,0,Injection,None,2435
5,Till,1-Apr,28:10:10,140,1-Feb,0,Injection,None,2436
0,Till,15-Apr,28:10:10,140,1-Feb,0,Injection,None,2437
1,Till,15-Apr,28:10:10,140,1-Feb,0,Injection,None,2438
3,Till,15-Apr,28:10:10,140,1-Feb,0,Injection,None,2439
5,Till,15-Apr,28:10:10,140,1-Feb,0,Injection,None,2440
0,Till,1-Apr,Dairy Manure,140,1-Feb,0,Injection,None,2441
1,Till,1-Apr,Dairy Manure,140,1-Feb,0,Injection,None,2442
3,Till,1-Apr,Dairy Manure,140,1-Feb,0,Injection,None,2443
5,Till,1-Apr,Dairy Manure,140,1-Feb,0,Injection,None,2444
0,Till,15-Apr,Dairy Manure,140,1-Feb,0,Injection,None,2445
1,Till,15-Apr,Dairy Manure,140,1-Feb,0,Injection,None,2446
3,Till,15-Apr,Dairy Manure,140,1-Feb,0,Injection,None,2447
5,Till,15-Apr,Dairy Manure,140,1-Feb,0,Injection,None,2448
0,Till,1-Apr,26:13:00,280,1-Feb,0,Injection,None,2449
1,Till,1-Apr,26:13:00,280,1-Feb,0,Injection,None,2450
3,Till,1-Apr,26:13:00,280,1-Feb,0,Injection,None,2451
5,Till,1-Apr,26:13:00,280,1-Feb,0,Injection,None,2452
0,Till,15-Apr,26:13:00,280,1-Feb,0,Injection,None,2453
1,Till,15-Apr,26:13:00,280,1-Feb,0,Injection,None,2454
3,Till,15-Apr,26:13:00,280,1-Feb,0,Injection,None,2455
5,Till,15-Apr,26:13:00,280,1-Feb,0,Injection,None,2456
0,Till,1-Apr,28:10:10,280,1-Feb,0,Injection,None,2457
1,Till,1-Apr,28:10:10,280,1-Feb,0,Injection,None,2458
3,Till,1-Apr,28:10:10,280,1-Feb,0,Injection,None,2459
5,Till,1-Apr,28:10:10,280,1-Feb,0,Injection,None,2460
0,Till,15-Apr,28:10:10,280,1-Feb,0,Injection,None,2461
1,Till,15-Apr,28:10:10,280,1-Feb,0,Injection,None,2462
3,Till,15-Apr,28:10:10,280,1-Feb,0,Injection,None,2463
5,Till,15-Apr,28:10:10,280,1-Feb,0,Injection,None,2464
0,Till,1-Apr,Dairy Manure,280,1-Feb,0,Injection,None,2465
1,Till,1-Apr,Dairy Manure,280,1-Feb,0,Injection,None,2466
3,Till,1-Apr,Dairy Manure,280,1-Feb,0,Injection,None,2467
5,Till,1-Apr,Dairy Manure,280,1-Feb,0,Injection,None,2468
0,Till,15-Apr,Dairy Manure,280,1-Feb,0,Injection,None,2469
1,Till,15-Apr,Dairy Manure,280,1-Feb,0,Injection,None,2470
3,Till,15-Apr,Dairy Manure,280,1-Feb,0,Injection,None,2471
5,Till,15-Apr,Dairy Manure,280,1-Feb,0,Injection,None,2472
0,Till,1-Apr,26:13:00,560,1-Feb,0,Injection,None,2473
1,Till,1-Apr,26:13:00,560,1-Feb,0,Injection,None,2474
3,Till,1-Apr,26:13:00,560,1-Feb,0,Injection,None,2475
5,Till,1-Apr,26:13:00,560,1-Feb,0,Injection,None,2476
0,Till,15-Apr,26:13:00,560,1-Feb,0,Injection,None,2477
1,Till,15-Apr,26:13:00,560,1-Feb,0,Injection,None,2478
3,Till,15-Apr,26:13:00,560,1-Feb,0,Injection,None,2479
5,Till,15-Apr,26:13:00,560,1-Feb,0,Injection,None,2480
0,Till,1-Apr,28:10:10,560,1-Feb,0,Injection,None,2481
1,Till,1-Apr,28:10:10,560,1-Feb,0,Injection,None,2482
3,Till,1-Apr,28:10:10,560,1-Feb,0,Injection,None,2483
5,Till,1-Apr,28:10:10,560,1-Feb,0,Injection,None,2484
0,Till,15-Apr,28:10:10,560,1-Feb,0,Injection,None,2485
1,Till,15-Apr,28:10:10,560,1-Feb,0,Injection,None,2486
3,Till,15-Apr,28:10:10,560,1-Feb,0,Injection,None,2487
5,Till,15-Apr,28:10:10,560,1-Feb,0,Injection,None,2488
0,Till,1-Apr,Dairy Manure,560,1-Feb,0,Injection,None,2489
1,Till,1-Apr,Dairy Manure,560,1-Feb,0,Injection,None,2490
3,Till,1-Apr,Dairy Manure,560,1-Feb,0,Injection,None,2491
5,Till,1-Apr,Dairy Manure,560,1-Feb,0,Injection,None,2492
0,Till,15-Apr,Dairy Manure,560,1-Feb,0,Injection,None,2493
1,Till,15-Apr,Dairy Manure,560,1-Feb,0,Injection,None,2494
3,Till,15-Apr,Dairy Manure,560,1-Feb,0,Injection,None,2495
5,Till,15-Apr,Dairy Manure,560,1-Feb,0,Injection,None,2496
0,Till,1-Apr,26:13:00,1120,1-Feb,0,Injection,None,2497
1,Till,1-Apr,26:13:00,1120,1-Feb,0,Injection,None,2498
3,Till,1-Apr,26:13:00,1120,1-Feb,0,Injection,None,2499
5,Till,1-Apr,26:13:00,1120,1-Feb,0,Injection,None,2500
0,Till,15-Apr,26:13:00,1120,1-Feb,0,Injection,None,2501
1,Till,15-Apr,26:13:00,1120,1-Feb,0,Injection,None,2502
3,Till,15-Apr,26:13:00,1120,1-Feb,0,Injection,None,2503
5,Till,15-Apr,26:13:00,1120,1-Feb,0,Injection,None,2504
0,Till,1-Apr,28:10:10,1120,1-Feb,0,Injection,None,2505
1,Till,1-Apr,28:10:10,1120,1-Feb,0,Injection,None,2506
3,Till,1-Apr,28:10:10,1120,1-Feb,0,Injection,None,2507
5,Till,1-Apr,28:10:10,1120,1-Feb,0,Injection,None,2508
0,Till,15-Apr,28:10:10,1120,1-Feb,0,Injection,None,2509
1,Till,15-Apr,28:10:10,1120,1-Feb,0,Injection,None,2510
3,Till,15-Apr,28:10:10,1120,1-Feb,0,Injection,None,2511
5,Till,15-Apr,28:10:10,1120,1-Feb,0,Injection,None,2512
0,Till,1-Apr,Dairy Manure,1120,1-Feb,0,Injection,None,2513
1,Till,1-Apr,Dairy Manure,1120,1-Feb,0,Injection,None,2514
3,Till,1-Apr,Dairy Manure,1120,1-Feb,0,Injection,None,2515
5,Till,1-Apr,Dairy Manure,1120,1-Feb,0,Injection,None,2516
0,Till,15-Apr,Dairy Manure,1120,1-Feb,0,Injection,None,2517
1,Till,15-Apr,Dairy Manure,1120,1-Feb,0,Injection,None,2518
3,Till,15-Apr,Dairy Manure,1120,1-Feb,0,Injection,None,2519
5,Till,15-Apr,Dairy Manure,1120,1-Feb,0,Injection,None,2520
0,Till,1-Apr,26:13:00,0,1-May,0,Injection,None,2521
1,Till,1-Apr,26:13:00,0,1-May,0,Injection,None,2522
3,Till,1-Apr,26:13:00,0,1-May,0,Injection,None,2523
5,Till,1-Apr,26:13:00,0,1-May,0,Injection,None,2524
0,Till,15-Apr,26:13:00,0,1-May,0,Injection,None,2525
1,Till,15-Apr,26:13:00,0,1-May,0,Injection,None,2526
3,Till,15-Apr,26:13:00,0,1-May,0,Injection,None,2527
5,Till,15-Apr,26:13:00,0,1-May,0,Injection,None,2528
0,Till,1-Apr,28:10:10,0,1-May,0,Injection,None,2529
1,Till,1-Apr,28:10:10,0,1-May,0,Injection,None,2530
3,Till,1-Apr,28:10:10,0,1-May,0,Injection,None,2531
5,Till,1-Apr,28:10:10,0,1-May,0,Injection,None,2532
0,Till,15-Apr,28:10:10,0,1-May,0,Injection,None,2533
1,Till,15-Apr,28:10:10,0,1-May,0,Injection,None,2534
3,Till,15-Apr,28:10:10,0,1-May,0,Injection,None,2535
5,Till,15-Apr,28:10:10,0,1-May,0,Injection,None,2536
0,Till,1-Apr,Dairy Manure,0,1-May,0,Injection,None,2537
1,Till,1-Apr,Dairy Manure,0,1-May,0,Injection,None,2538
3,Till,1-Apr,Dairy Manure,0,1-May,0,Injection,None,2539
5,Till,1-Apr,Dairy Manure,0,1-May,0,Injection,None,2540
0,Till,15-Apr,Dairy Manure,0,1-May,0,Injection,None,2541
1,Till,15-Apr,Dairy Manure,0,1-May,0,Injection,None,2542
3,Till,15-Apr,Dairy Manure,0,1-May,0,Injection,None,2543
5,Till,15-Apr,Dairy Manure,0,1-May,0,Injection,None,2544
0,Till,1-Apr,26:13:00,140,1-May,0,Injection,None,2545
1,Till,1-Apr,26:13:00,140,1-May,0,Injection,None,2546
3,Till,1-Apr,26:13:00,140,1-May,0,Injection,None,2547
5,Till,1-Apr,26:13:00,140,1-May,0,Injection,None,2548
0,Till,15-Apr,26:13:00,140,1-May,0,Injection,None,2549
1,Till,15-Apr,26:13:00,140,1-May,0,Injection,None,2550
3,Till,15-Apr,26:13:00,140,1-May,0,Injection,None,2551
5,Till,15-Apr,26:13:00,140,1-May,0,Injection,None,2552
0,Till,1-Apr,28:10:10,140,1-May,0,Injection,None,2553
1,Till,1-Apr,28:10:10,140,1-May,0,Injection,None,2554
3,Till,1-Apr,28:10:10,140,1-May,0,Injection,None,2555
5,Till,1-Apr,28:10:10,140,1-May,0,Injection,None,2556
0,Till,15-Apr,28:10:10,140,1-May,0,Injection,None,2557
1,Till,15-Apr,28:10:10,140,1-May,0,Injection,None,2558
3,Till,15-Apr,28:10:10,140,1-May,0,Injection,None,2559
5,Till,15-Apr,28:10:10,140,1-May,0,Injection,None,2560
0,Till,1-Apr,Dairy Manure,140,1-May,0,Injection,None,2561
1,Till,1-Apr,Dairy Manure,140,1-May,0,Injection,None,2562
3,Till,1-Apr,Dairy Manure,140,1-May,0,Injection,None,2563
5,Till,1-Apr,Dairy Manure,140,1-May,0,Injection,None,2564
0,Till,15-Apr,Dairy Manure,140,1-May,0,Injection,None,2565
1,Till,15-Apr,Dairy Manure,140,1-May,0,Injection,None,2566
3,Till,15-Apr,Dairy Manure,140,1-May,0,Injection,None,2567
5,Till,15-Apr,Dairy Manure,140,1-May,0,Injection,None,2568
0,Till,1-Apr,26:13:00,280,1-May,0,Injection,None,2569
1,Till,1-Apr,26:13:00,280,1-May,0,Injection,None,2570
3,Till,1-Apr,26:13:00,280,1-May,0,Injection,None,2571
5,Till,1-Apr,26:13:00,280,1-May,0,Injection,None,2572
0,Till,15-Apr,26:13:00,280,1-May,0,Injection,None,2573
1,Till,15-Apr,26:13:00,280,1-May,0,Injection,None,2574
3,Till,15-Apr,26:13:00,280,1-May,0,Injection,None,2575
5,Till,15-Apr,26:13:00,280,1-May,0,Injection,None,2576
0,Till,1-Apr,28:10:10,280,1-May,0,Injection,None,2577
1,Till,1-Apr,28:10:10,280,1-May,0,Injection,None,2578
3,Till,1-Apr,28:10:10,280,1-May,0,Injection,None,2579
5,Till,1-Apr,28:10:10,280,1-May,0,Injection,None,2580
0,Till,15-Apr,28:10:10,280,1-May,0,Injection,None,2581
1,Till,15-Apr,28:10:10,280,1-May,0,Injection,None,2582
3,Till,15-Apr,28:10:10,280,1-May,0,Injection,None,2583
5,Till,15-Apr,28:10:10,280,1-May,0,Injection,None,2584
0,Till,1-Apr,Dairy Manure,280,1-May,0,Injection,None,2585
1,Till,1-Apr,Dairy Manure,280,1-May,0,Injection,None,2586
3,Till,1-Apr,Dairy Manure,280,1-May,0,Injection,None,2587
5,Till,1-Apr,Dairy Manure,280,1-May,0,Injection,None,2588
0,Till,15-Apr,Dairy Manure,280,1-May,0,Injection,None,2589
1,Till,15-Apr,Dairy Manure,280,1-May,0,Injection,None,2590
3,Till,15-Apr,Dairy Manure,280,1-May,0,Injection,None,2591
5,Till,15-Apr,Dairy Manure,280,1-May,0,Injection,None,2592
0,Till,1-Apr,26:13:00,560,1-May,0,Injection,None,2593
1,Till,1-Apr,26:13:00,560,1-May,0,Injection,None,2594
3,Till,1-Apr,26:13:00,560,1-May,0,Injection,None,2595
5,Till,1-Apr,26:13:00,560,1-May,0,Injection,None,2596
0,Till,15-Apr,26:13:00,560,1-May,0,Injection,None,2597
1,Till,15-Apr,26:13:00,560,1-May,0,Injection,None,2598
3,Till,15-Apr,26:13:00,560,1-May,0,Injection,None,2599
5,Till,15-Apr,26:13:00,560,1-May,0,Injection,None,2600
0,Till,1-Apr,28:10:10,560,1-May,0,Injection,None,2601
1,Till,1-Apr,28:10:10,560,1-May,0,Injection,None,2602
3,Till,1-Apr,28:10:10,560,1-May,0,Injection,None,2603
5,Till,1-Apr,28:10:10,560,1-May,0,Injection,None,2604
0,Till,15-Apr,28:10:10,560,1-May,0,Injection,None,2605
1,Till,15-Apr,28:10:10,560,1-May,0,Injection,None,2606
3,Till,15-Apr,28:10:10,560,1-May,0,Injection,None,2607
5,Till,15-Apr,28:10:10,560,1-May,0,Injection,None,2608
0,Till,1-Apr,Dairy Manure,560,1-May,0,Injection,None,2609
1,Till,1-Apr,Dairy Manure,560,1-May,0,Injection,None,2610
3,Till,1-Apr,Dairy Manure,560,1-May,0,Injection,None,2611
5,Till,1-Apr,Dairy Manure,560,1-May,0,Injection,None,2612
0,Till,15-Apr,Dairy Manure,560,1-May,0,Injection,None,2613
1,Till,15-Apr,Dairy Manure,560,1-May,0,Injection,None,2614
3,Till,15-Apr,Dairy Manure,560,1-May,0,Injection,None,2615
5,Till,15-Apr,Dairy Manure,560,1-May,0,Injection,None,2616
0,Till,1-Apr,26:13:00,1120,1-May,0,Injection,None,2617
1,Till,1-Apr,26:13:00,1120,1-May,0,Injection,None,2618
3,Till,1-Apr,26:13:00,1120,1-May,0,Injection,None,2619
5,Till,1-Apr,26:13:00,1120,1-May,0,Injection,None,2620
0,Till,15-Apr,26:13:00,1120,1-May,0,Injection,None,2621
1,Till,15-Apr,26:13:00,1120,1-May,0,Injection,None,2622
3,Till,15-Apr,26:13:00,1120,1-May,0,Injection,None,2623
5,Till,15-Apr,26:13:00,1120,1-May,0,Injection,None,2624
0,Till,1-Apr,28:10:10,1120,1-May,0,Injection,None,2625
1,Till,1-Apr,28:10:10,1120,1-May,0,Injection,None,2626
3,Till,1-Apr,28:10:10,1120,1-May,0,Injection,None,2627
5,Till,1-Apr,28:10:10,1120,1-May,0,Injection,None,2628
0,Till,15-Apr,28:10:10,1120,1-May,0,Injection,None,2629
1,Till,15-Apr,28:10:10,1120,1-May,0,Injection,None,2630
3,Till,15-Apr,28:10:10,1120,1-May,0,Injection,None,2631
5,Till,15-Apr,28:10:10,1120,1-May,0,Injection,None,2632
0,Till,1-Apr,Dairy Manure,1120,1-May,0,Injection,None,2633
1,Till,1-Apr,Dairy Manure,1120,1-May,0,Injection,None,2634
3,Till,1-Apr,Dairy Manure,1120,1-May,0,Injection,None,2635
5,Till,1-Apr,Dairy Manure,1120,1-May,0,Injection,None,2636
0,Till,15-Apr,Dairy Manure,1120,1-May,0,Injection,None,2637
1,Till,15-Apr,Dairy Manure,1120,1-May,0,Injection,None,2638
3,Till,15-Apr,Dairy Manure,1120,1-May,0,Injection,None,2639
5,Till,15-Apr,Dairy Manure,1120,1-May,0,Injection,None,2640
0,Till,1-Apr,26:13:00,0,1-Feb,140,Injection,None,2641
1,Till,1-Apr,26:13:00,0,1-Feb,140,Injection,None,2642
3,Till,1-Apr,26:13:00,0,1-Feb,140,Injection,None,2643
5,Till,1-Apr,26:13:00,0,1-Feb,140,Injection,None,2644
0,Till,15-Apr,26:13:00,0,1-Feb,140,Injection,None,2645
1,Till,15-Apr,26:13:00,0,1-Feb,140,Injection,None,2646
3,Till,15-Apr,26:13:00,0,1-Feb,140,Injection,None,2647
5,Till,15-Apr,26:13:00,0,1-Feb,140,Injection,None,2648
0,Till,1-Apr,28:10:10,0,1-Feb,140,Injection,None,2649
1,Till,1-Apr,28:10:10,0,1-Feb,140,Injection,None,2650
3,Till,1-Apr,28:10:10,0,1-Feb,140,Injection,None,2651
5,Till,1-Apr,28:10:10,0,1-Feb,140,Injection,None,2652
0,Till,15-Apr,28:10:10,0,1-Feb,140,Injection,None,2653
1,Till,15-Apr,28:10:10,0,1-Feb,140,Injection,None,2654
3,Till,15-Apr,28:10:10,0,1-Feb,140,Injection,None,2655
5,Till,15-Apr,28:10:10,0,1-Feb,140,Injection,None,2656
0,Till,1-Apr,Dairy Manure,0,1-Feb,140,Injection,None,2657
1,Till,1-Apr,Dairy Manure,0,1-Feb,140,Injection,None,2658
3,Till,1-Apr,Dairy Manure,0,1-Feb,140,Injection,None,2659
5,Till,1-Apr,Dairy Manure,0,1-Feb,140,Injection,None,2660
0,Till,15-Apr,Dairy Manure,0,1-Feb,140,Injection,None,2661
1,Till,15-Apr,Dairy Manure,0,1-Feb,140,Injection,None,2662
3,Till,15-Apr,Dairy Manure,0,1-Feb,140,Injection,None,2663
5,Till,15-Apr,Dairy Manure,0,1-Feb,140,Injection,None,2664
0,Till,1-Apr,26:13:00,140,1-Feb,140,Injection,None,2665
1,Till,1-Apr,26:13:00,140,1-Feb,140,Injection,None,2666
3,Till,1-Apr,26:13:00,140,1-Feb,140,Injection,None,2667
5,Till,1-Apr,26:13:00,140,1-Feb,140,Injection,None,2668
0,Till,15-Apr,26:13:00,140,1-Feb,140,Injection,None,2669
1,Till,15-Apr,26:13:00,140,1-Feb,140,Injection,None,2670
3,Till,15-Apr,26:13:00,140,1-Feb,140,Injection,None,2671
5,Till,15-Apr,26:13:00,140,1-Feb,140,Injection,None,2672
0,Till,1-Apr,28:10:10,140,1-Feb,140,Injection,None,2673
1,Till,1-Apr,28:10:10,140,1-Feb,140,Injection,None,2674
3,Till,1-Apr,28:10:10,140,1-Feb,140,Injection,None,2675
5,Till,1-Apr,28:10:10,140,1-Feb,140,Injection,None,2676
0,Till,15-Apr,28:10:10,140,1-Feb,140,Injection,None,2677
1,Till,15-Apr,28:10:10,140,1-Feb,140,Injection,None,2678
3,Till,15-Apr,28:10:10,140,1-Feb,140,Injection,None,2679
5,Till,15-Apr,28:10:10,140,1-Feb,140,Injection,None,2680
0,Till,1-Apr,Dairy Manure,140,1-Feb,140,Injection,None,2681
1,Till,1-Apr,Dairy Manure,140,1-Feb,140,Injection,None,2682
3,Till,1-Apr,Dairy Manure,140,1-Feb,140,Injection,None,2683
5,Till,1-Apr,Dairy Manure,140,1-Feb,140,Injection,None,2684
0,Till,15-Apr,Dairy Manure,140,1-Feb,140,Injection,None,2685
1,Till,15-Apr,Dairy Manure,140,1-Feb,140,Injection,None,2686
3,Till,15-Apr,Dairy Manure,140,1-Feb,140,Injection,None,2687
5,Till,15-Apr,Dairy Manure,140,1-Feb,140,Injection,None,2688
0,Till,1-Apr,26:13:00,280,1-Feb,140,Injection,None,2689
1,Till,1-Apr,26:13:00,280,1-Feb,140,Injection,None,2690
3,Till,1-Apr,26:13:00,280,1-Feb,140,Injection,None,2691
5,Till,1-Apr,26:13:00,280,1-Feb,140,Injection,None,2692
0,Till,15-Apr,26:13:00,280,1-Feb,140,Injection,None,2693
1,Till,15-Apr,26:13:00,280,1-Feb,140,Injection,None,2694
3,Till,15-Apr,26:13:00,280,1-Feb,140,Injection,None,2695
5,Till,15-Apr,26:13:00,280,1-Feb,140,Injection,None,2696
0,Till,1-Apr,28:10:10,280,1-Feb,140,Injection,None,2697
1,Till,1-Apr,28:10:10,280,1-Feb,140,Injection,None,2698
3,Till,1-Apr,28:10:10,280,1-Feb,140,Injection,None,2699
5,Till,1-Apr,28:10:10,280,1-Feb,140,Injection,None,2700
0,Till,15-Apr,28:10:10,280,1-Feb,140,Injection,None,2701
1,Till,15-Apr,28:10:10,280,1-Feb,140,Injection,None,2702
3,Till,15-Apr,28:10:10,280,1-Feb,140,Injection,None,2703
5,Till,15-Apr,28:10:10,280,1-Feb,140,Injection,None,2704
0,Till,1-Apr,Dairy Manure,280,1-Feb,140,Injection,None,2705
1,Till,1-Apr,Dairy Manure,280,1-Feb,140,Injection,None,2706
3,Till,1-Apr,Dairy Manure,280,1-Feb,140,Injection,None,2707
5,Till,1-Apr,Dairy Manure,280,1-Feb,140,Injection,None,2708
0,Till,15-Apr,Dairy Manure,280,1-Feb,140,Injection,None,2709
1,Till,15-Apr,Dairy Manure,280,1-Feb,140,Injection,None,2710
3,Till,15-Apr,Dairy Manure,280,1-Feb,140,Injection,None,2711
5,Till,15-Apr,Dairy Manure,280,1-Feb,140,Injection,None,2712
0,Till,1-Apr,26:13:00,560,1-Feb,140,Injection,None,2713
1,Till,1-Apr,26:13:00,560,1-Feb,140,Injection,None,2714
3,Till,1-Apr,26:13:00,560,1-Feb,140,Injection,None,2715
5,Till,1-Apr,26:13:00,560,1-Feb,140,Injection,None,2716
0,Till,15-Apr,26:13:00,560,1-Feb,140,Injection,None,2717
1,Till,15-Apr,26:13:00,560,1-Feb,140,Injection,None,2718
3,Till,15-Apr,26:13:00,560,1-Feb,140,Injection,None,2719
5,Till,15-Apr,26:13:00,560,1-Feb,140,Injection,None,2720
0,Till,1-Apr,28:10:10,560,1-Feb,140,Injection,None,2721
1,Till,1-Apr,28:10:10,560,1-Feb,140,Injection,None,2722
3,Till,1-Apr,28:10:10,560,1-Feb,140,Injection,None,2723
5,Till,1-Apr,28:10:10,560,1-Feb,140,Injection,None,2724
0,Till,15-Apr,28:10:10,560,1-Feb,140,Injection,None,2725
1,Till,15-Apr,28:10:10,560,1-Feb,140,Injection,None,2726
3,Till,15-Apr,28:10:10,560,1-Feb,140,Injection,None,2727
5,Till,15-Apr,28:10:10,560,1-Feb,140,Injection,None,2728
0,Till,1-Apr,Dairy Manure,560,1-Feb,140,Injection,None,2729
1,Till,1-Apr,Dairy Manure,560,1-Feb,140,Injection,None,2730
3,Till,1-Apr,Dairy Manure,560,1-Feb,140,Injection,None,2731
5,Till,1-Apr,Dairy Manure,560,1-Feb,140,Injection,None,2732
0,Till,15-Apr,Dairy Manure,560,1-Feb,140,Injection,None,2733
1,Till,15-Apr,Dairy Manure,560,1-Feb,140,Injection,None,2734
3,Till,15-Apr,Dairy Manure,560,1-Feb,140,Injection,None,2735
5,Till,15-Apr,Dairy Manure,560,1-Feb,140,Injection,None,2736
0,Till,1-Apr,26:13:00,1120,1-Feb,140,Injection,None,2737
1,Till,1-Apr,26:13:00,1120,1-Feb,140,Injection,None,2738
3,Till,1-Apr,26:13:00,1120,1-Feb,140,Injection,None,2739
5,Till,1-Apr,26:13:00,1120,1-Feb,140,Injection,None,2740
0,Till,15-Apr,26:13:00,1120,1-Feb,140,Injection,None,2741
1,Till,15-Apr,26:13:00,1120,1-Feb,140,Injection,None,2742
3,Till,15-Apr,26:13:00,1120,1-Feb,140,Injection,None,2743
5,Till,15-Apr,26:13:00,1120,1-Feb,140,Injection,None,2744
0,Till,1-Apr,28:10:10,1120,1-Feb,140,Injection,None,2745
1,Till,1-Apr,28:10:10,1120,1-Feb,140,Injection,None,2746
3,Till,1-Apr,28:10:10,1120,1-Feb,140,Injection,None,2747
5,Till,1-Apr,28:10:10,1120,1-Feb,140,Injection,None,2748
0,Till,15-Apr,28:10:10,1120,1-Feb,140,Injection,None,2749
1,Till,15-Apr,28:10:10,1120,1-Feb,140,Injection,None,2750
3,Till,15-Apr,28:10:10,1120,1-Feb,140,Injection,None,2751
5,Till,15-Apr,28:10:10,1120,1-Feb,140,Injection,None,2752
0,Till,1-Apr,Dairy Manure,1120,1-Feb,140,Injection,None,2753
1,Till,1-Apr,Dairy Manure,1120,1-Feb,140,Injection,None,2754
3,Till,1-Apr,Dairy Manure,1120,1-Feb,140,Injection,None,2755
5,Till,1-Apr,Dairy Manure,1120,1-Feb,140,Injection,None,2756
0,Till,15-Apr,Dairy Manure,1120,1-Feb,140,Injection,None,2757
1,Till,15-Apr,Dairy Manure,1120,1-Feb,140,Injection,None,2758
3,Till,15-Apr,Dairy Manure,1120,1-Feb,140,Injection,None,2759
5,Till,15-Apr,Dairy Manure,1120,1-Feb,140,Injection,None,2760
0,Till,1-Apr,26:13:00,0,1-May,140,Injection,None,2761
1,Till,1-Apr,26:13:00,0,1-May,140,Injection,None,2762
3,Till,1-Apr,26:13:00,0,1-May,140,Injection,None,2763
5,Till,1-Apr,26:13:00,0,1-May,140,Injection,None,2764
0,Till,15-Apr,26:13:00,0,1-May,140,Injection,None,2765
1,Till,15-Apr,26:13:00,0,1-May,140,Injection,None,2766
3,Till,15-Apr,26:13:00,0,1-May,140,Injection,None,2767
5,Till,15-Apr,26:13:00,0,1-May,140,Injection,None,2768
0,Till,1-Apr,28:10:10,0,1-May,140,Injection,None,2769
1,Till,1-Apr,28:10:10,0,1-May,140,Injection,None,2770
3,Till,1-Apr,28:10:10,0,1-May,140,Injection,None,2771
5,Till,1-Apr,28:10:10,0,1-May,140,Injection,None,2772
0,Till,15-Apr,28:10:10,0,1-May,140,Injection,None,2773
1,Till,15-Apr,28:10:10,0,1-May,140,Injection,None,2774
3,Till,15-Apr,28:10:10,0,1-May,140,Injection,None,2775
5,Till,15-Apr,28:10:10,0,1-May,140,Injection,None,2776
0,Till,1-Apr,Dairy Manure,0,1-May,140,Injection,None,2777
1,Till,1-Apr,Dairy Manure,0,1-May,140,Injection,None,2778
3,Till,1-Apr,Dairy Manure,0,1-May,140,Injection,None,2779
5,Till,1-Apr,Dairy Manure,0,1-May,140,Injection,None,2780
0,Till,15-Apr,Dairy Manure,0,1-May,140,Injection,None,2781
1,Till,15-Apr,Dairy Manure,0,1-May,140,Injection,None,2782
3,Till,15-Apr,Dairy Manure,0,1-May,140,Injection,None,2783
5,Till,15-Apr,Dairy Manure,0,1-May,140,Injection,None,2784
0,Till,1-Apr,26:13:00,140,1-May,140,Injection,None,2785
1,Till,1-Apr,26:13:00,140,1-May,140,Injection,None,2786
3,Till,1-Apr,26:13:00,140,1-May,140,Injection,None,2787
5,Till,1-Apr,26:13:00,140,1-May,140,Injection,None,2788
0,Till,15-Apr,26:13:00,140,1-May,140,Injection,None,2789
1,Till,15-Apr,26:13:00,140,1-May,140,Injection,None,2790
3,Till,15-Apr,26:13:00,140,1-May,140,Injection,None,2791
5,Till,15-Apr,26:13:00,140,1-May,140,Injection,None,2792
0,Till,1-Apr,28:10:10,140,1-May,140,Injection,None,2793
1,Till,1-Apr,28:10:10,140,1-May,140,Injection,None,2794
3,Till,1-Apr,28:10:10,140,1-May,140,Injection,None,2795
5,Till,1-Apr,28:10:10,140,1-May,140,Injection,None,2796
0,Till,15-Apr,28:10:10,140,1-May,140,Injection,None,2797
1,Till,15-Apr,28:10:10,140,1-May,140,Injection,None,2798
3,Till,15-Apr,28:10:10,140,1-May,140,Injection,None,2799
5,Till,15-Apr,28:10:10,140,1-May,140,Injection,None,2800
0,Till,1-Apr,Dairy Manure,140,1-May,140,Injection,None,2801
1,Till,1-Apr,Dairy Manure,140,1-May,140,Injection,None,2802
3,Till,1-Apr,Dairy Manure,140,1-May,140,Injection,None,2803
5,Till,1-Apr,Dairy Manure,140,1-May,140,Injection,None,2804
0,Till,15-Apr,Dairy Manure,140,1-May,140,Injection,None,2805
1,Till,15-Apr,Dairy Manure,140,1-May,140,Injection,None,2806
3,Till,15-Apr,Dairy Manure,140,1-May,140,Injection,None,2807
5,Till,15-Apr,Dairy Manure,140,1-May,140,Injection,None,2808
0,Till,1-Apr,26:13:00,280,1-May,140,Injection,None,2809
1,Till,1-Apr,26:13:00,280,1-May,140,Injection,None,2810
3,Till,1-Apr,26:13:00,280,1-May,140,Injection,None,2811
5,Till,1-Apr,26:13:00,280,1-May,140,Injection,None,2812
0,Till,15-Apr,26:13:00,280,1-May,140,Injection,None,2813
1,Till,15-Apr,26:13:00,280,1-May,140,Injection,None,2814
3,Till,15-Apr,26:13:00,280,1-May,140,Injection,None,2815
5,Till,15-Apr,26:13:00,280,1-May,140,Injection,None,2816
0,Till,1-Apr,28:10:10,280,1-May,140,Injection,None,2817
1,Till,1-Apr,28:10:10,280,1-May,140,Injection,None,2818
3,Till,1-Apr,28:10:10,280,1-May,140,Injection,None,2819
5,Till,1-Apr,28:10:10,280,1-May,140,Injection,None,2820
0,Till,15-Apr,28:10:10,280,1-May,140,Injection,None,2821
1,Till,15-Apr,28:10:10,280,1-May,140,Injection,None,2822
3,Till,15-Apr,28:10:10,280,1-May,140,Injection,None,2823
5,Till,15-Apr,28:10:10,280,1-May,140,Injection,None,2824
0,Till,1-Apr,Dairy Manure,280,1-May,140,Injection,None,2825
1,Till,1-Apr,Dairy Manure,280,1-May,140,Injection,None,2826
3,Till,1-Apr,Dairy Manure,280,1-May,140,Injection,None,2827
5,Till,1-Apr,Dairy Manure,280,1-May,140,Injection,None,2828
0,Till,15-Apr,Dairy Manure,280,1-May,140,Injection,None,2829
1,Till,15-Apr,Dairy Manure,280,1-May,140,Injection,None,2830
3,Till,15-Apr,Dairy Manure,280,1-May,140,Injection,None,2831
5,Till,15-Apr,Dairy Manure,280,1-May,140,Injection,None,2832
0,Till,1-Apr,26:13:00,560,1-May,140,Injection,None,2833
1,Till,1-Apr,26:13:00,560,1-May,140,Injection,None,2834
3,Till,1-Apr,26:13:00,560,1-May,140,Injection,None,2835
5,Till,1-Apr,26:13:00,560,1-May,140,Injection,None,2836
0,Till,15-Apr,26:13:00,560,1-May,140,Injection,None,2837
1,Till,15-Apr,26:13:00,560,1-May,140,Injection,None,2838
3,Till,15-Apr,26:13:00,560,1-May,140,Injection,None,2839
5,Till,15-Apr,26:13:00,560,1-May,140,Injection,None,2840
0,Till,1-Apr,28:10:10,560,1-May,140,Injection,None,2841
1,Till,1-Apr,28:10:10,560,1-May,140,Injection,None,2842
3,Till,1-Apr,28:10:10,560,1-May,140,Injection,None,2843
5,Till,1-Apr,28:10:10,560,1-May,140,Injection,None,2844
0,Till,15-Apr,28:10:10,560,1-May,140,Injection,None,2845
1,Till,15-Apr,28:10:10,560,1-May,140,Injection,None,2846
3,Till,15-Apr,28:10:10,560,1-May,140,Injection,None,2847
5,Till,15-Apr,28:10:10,560,1-May,140,Injection,None,2848
0,Till,1-Apr,Dairy Manure,560,1-May,140,Injection,None,2849
1,Till,1-Apr,Dairy Manure,560,1-May,140,Injection,None,2850
3,Till,1-Apr,Dairy Manure,560,1-May,140,Injection,None,2851
5,Till,1-Apr,Dairy Manure,560,1-May,140,Injection,None,2852
0,Till,15-Apr,Dairy Manure,560,1-May,140,Injection,None,2853
1,Till,15-Apr,Dairy Manure,560,1-May,140,Injection,None,2854
3,Till,15-Apr,Dairy Manure,560,1-May,140,Injection,None,2855
5,Till,15-Apr,Dairy Manure,560,1-May,140,Injection,None,2856
0,Till,1-Apr,26:13:00,1120,1-May,140,Injection,None,2857
1,Till,1-Apr,26:13:00,1120,1-May,140,Injection,None,2858
3,Till,1-Apr,26:13:00,1120,1-May,140,Injection,None,2859
5,Till,1-Apr,26:13:00,1120,1-May,140,Injection,None,2860
0,Till,15-Apr,26:13:00,1120,1-May,140,Injection,None,2861
1,Till,15-Apr,26:13:00,1120,1-May,140,Injection,None,2862
3,Till,15-Apr,26:13:00,1120,1-May,140,Injection,None,2863
5,Till,15-Apr,26:13:00,1120,1-May,140,Injection,None,2864
0,Till,1-Apr,28:10:10,1120,1-May,140,Injection,None,2865
1,Till,1-Apr,28:10:10,1120,1-May,140,Injection,None,2866
3,Till,1-Apr,28:10:10,1120,1-May,140,Injection,None,2867
5,Till,1-Apr,28:10:10,1120,1-May,140,Injection,None,2868
0,Till,15-Apr,28:10:10,1120,1-May,140,Injection,None,2869
1,Till,15-Apr,28:10:10,1120,1-May,140,Injection,None,2870
3,Till,15-Apr,28:10:10,1120,1-May,140,Injection,None,2871
5,Till,15-Apr,28:10:10,1120,1-May,140,Injection,None,2872
0,Till,1-Apr,Dairy Manure,1120,1-May,140,Injection,None,2873
1,Till,1-Apr,Dairy Manure,1120,1-May,140,Injection,None,2874
3,Till,1-Apr,Dairy Manure,1120,1-May,140,Injection,None,2875
5,Till,1-Apr,Dairy Manure,1120,1-May,140,Injection,None,2876
0,Till,15-Apr,Dairy Manure,1120,1-May,140,Injection,None,2877
1,Till,15-Apr,Dairy Manure,1120,1-May,140,Injection,None,2878
3,Till,15-Apr,Dairy Manure,1120,1-May,140,Injection,None,2879
5,Till,15-Apr,Dairy Manure,1120,1-May,140,Injection,None,2880
0,Till,1-Apr,26:13:00,0,1-Feb,280,Injection,None,2881
1,Till,1-Apr,26:13:00,0,1-Feb,280,Injection,None,2882
3,Till,1-Apr,26:13:00,0,1-Feb,280,Injection,None,2883
5,Till,1-Apr,26:13:00,0,1-Feb,280,Injection,None,2884
0,Till,15-Apr,26:13:00,0,1-Feb,280,Injection,None,2885
1,Till,15-Apr,26:13:00,0,1-Feb,280,Injection,None,2886
3,Till,15-Apr,26:13:00,0,1-Feb,280,Injection,None,2887
5,Till,15-Apr,26:13:00,0,1-Feb,280,Injection,None,2888
0,Till,1-Apr,28:10:10,0,1-Feb,280,Injection,None,2889
1,Till,1-Apr,28:10:10,0,1-Feb,280,Injection,None,2890
3,Till,1-Apr,28:10:10,0,1-Feb,280,Injection,None,2891
5,Till,1-Apr,28:10:10,0,1-Feb,280,Injection,None,2892
0,Till,15-Apr,28:10:10,0,1-Feb,280,Injection,None,2893
1,Till,15-Apr,28:10:10,0,1-Feb,280,Injection,None,2894
3,Till,15-Apr,28:10:10,0,1-Feb,280,Injection,None,2895
5,Till,15-Apr,28:10:10,0,1-Feb,280,Injection,None,2896
0,Till,1-Apr,Dairy Manure,0,1-Feb,280,Injection,None,2897
1,Till,1-Apr,Dairy Manure,0,1-Feb,280,Injection,None,2898
3,Till,1-Apr,Dairy Manure,0,1-Feb,280,Injection,None,2899
5,Till,1-Apr,Dairy Manure,0,1-Feb,280,Injection,None,2900
0,Till,15-Apr,Dairy Manure,0,1-Feb,280,Injection,None,2901
1,Till,15-Apr,Dairy Manure,0,1-Feb,280,Injection,None,2902
3,Till,15-Apr,Dairy Manure,0,1-Feb,280,Injection,None,2903
5,Till,15-Apr,Dairy Manure,0,1-Feb,280,Injection,None,2904
0,Till,1-Apr,26:13:00,140,1-Feb,280,Injection,None,2905
1,Till,1-Apr,26:13:00,140,1-Feb,280,Injection,None,2906
3,Till,1-Apr,26:13:00,140,1-Feb,280,Injection,None,2907
5,Till,1-Apr,26:13:00,140,1-Feb,280,Injection,None,2908
0,Till,15-Apr,26:13:00,140,1-Feb,280,Injection,None,2909
1,Till,15-Apr,26:13:00,140,1-Feb,280,Injection,None,2910
3,Till,15-Apr,26:13:00,140,1-Feb,280,Injection,None,2911
5,Till,15-Apr,26:13:00,140,1-Feb,280,Injection,None,2912
0,Till,1-Apr,28:10:10,140,1-Feb,280,Injection,None,2913
1,Till,1-Apr,28:10:10,140,1-Feb,280,Injection,None,2914
3,Till,1-Apr,28:10:10,140,1-Feb,280,Injection,None,2915
5,Till,1-Apr,28:10:10,140,1-Feb,280,Injection,None,2916
0,Till,15-Apr,28:10:10,140,1-Feb,280,Injection,None,2917
1,Till,15-Apr,28:10:10,140,1-Feb,280,Injection,None,2918
3,Till,15-Apr,28:10:10,140,1-Feb,280,Injection,None,2919
5,Till,15-Apr,28:10:10,140,1-Feb,280,Injection,None,2920
0,Till,1-Apr,Dairy Manure,140,1-Feb,280,Injection,None,2921
1,Till,1-Apr,Dairy Manure,140,1-Feb,280,Injection,None,2922
3,Till,1-Apr,Dairy Manure,140,1-Feb,280,Injection,None,2923
5,Till,1-Apr,Dairy Manure,140,1-Feb,280,Injection,None,2924
0,Till,15-Apr,Dairy Manure,140,1-Feb,280,Injection,None,2925
1,Till,15-Apr,Dairy Manure,140,1-Feb,280,Injection,None,2926
3,Till,15-Apr,Dairy Manure,140,1-Feb,280,Injection,None,2927
5,Till,15-Apr,Dairy Manure,140,1-Feb,280,Injection,None,2928
0,Till,1-Apr,26:13:00,280,1-Feb,280,Injection,None,2929
1,Till,1-Apr,26:13:00,280,1-Feb,280,Injection,None,2930
3,Till,1-Apr,26:13:00,280,1-Feb,280,Injection,None,2931
5,Till,1-Apr,26:13:00,280,1-Feb,280,Injection,None,2932
0,Till,15-Apr,26:13:00,280,1-Feb,280,Injection,None,2933
1,Till,15-Apr,26:13:00,280,1-Feb,280,Injection,None,2934
3,Till,15-Apr,26:13:00,280,1-Feb,280,Injection,None,2935
5,Till,15-Apr,26:13:00,280,1-Feb,280,Injection,None,2936
0,Till,1-Apr,28:10:10,280,1-Feb,280,Injection,None,2937
1,Till,1-Apr,28:10:10,280,1-Feb,280,Injection,None,2938
3,Till,1-Apr,28:10:10,280,1-Feb,280,Injection,None,2939
5,Till,1-Apr,28:10:10,280,1-Feb,280,Injection,None,2940
0,Till,15-Apr,28:10:10,280,1-Feb,280,Injection,None,2941
1,Till,15-Apr,28:10:10,280,1-Feb,280,Injection,None,2942
3,Till,15-Apr,28:10:10,280,1-Feb,280,Injection,None,2943
5,Till,15-Apr,28:10:10,280,1-Feb,280,Injection,None,2944
0,Till,1-Apr,Dairy Manure,280,1-Feb,280,Injection,None,2945
1,Till,1-Apr,Dairy Manure,280,1-Feb,280,Injection,None,2946
3,Till,1-Apr,Dairy Manure,280,1-Feb,280,Injection,None,2947
5,Till,1-Apr,Dairy Manure,280,1-Feb,280,Injection,None,2948
0,Till,15-Apr,Dairy Manure,280,1-Feb,280,Injection,None,2949
1,Till,15-Apr,Dairy Manure,280,1-Feb,280,Injection,None,2950
3,Till,15-Apr,Dairy Manure,280,1-Feb,280,Injection,None,2951
5,Till,15-Apr,Dairy Manure,280,1-Feb,280,Injection,None,2952
0,Till,1-Apr,26:13:00,560,1-Feb,280,Injection,None,2953
1,Till,1-Apr,26:13:00,560,1-Feb,280,Injection,None,2954
3,Till,1-Apr,26:13:00,560,1-Feb,280,Injection,None,2955
5,Till,1-Apr,26:13:00,560,1-Feb,280,Injection,None,2956
0,Till,15-Apr,26:13:00,560,1-Feb,280,Injection,None,2957
1,Till,15-Apr,26:13:00,560,1-Feb,280,Injection,None,2958
3,Till,15-Apr,26:13:00,560,1-Feb,280,Injection,None,2959
5,Till,15-Apr,26:13:00,560,1-Feb,280,Injection,None,2960
0,Till,1-Apr,28:10:10,560,1-Feb,280,Injection,None,2961
1,Till,1-Apr,28:10:10,560,1-Feb,280,Injection,None,2962
3,Till,1-Apr,28:10:10,560,1-Feb,280,Injection,None,2963
5,Till,1-Apr,28:10:10,560,1-Feb,280,Injection,None,2964
0,Till,15-Apr,28:10:10,560,1-Feb,280,Injection,None,2965
1,Till,15-Apr,28:10:10,560,1-Feb,280,Injection,None,2966
3,Till,15-Apr,28:10:10,560,1-Feb,280,Injection,None,2967
5,Till,15-Apr,28:10:10,560,1-Feb,280,Injection,None,2968
0,Till,1-Apr,Dairy Manure,560,1-Feb,280,Injection,None,2969
1,Till,1-Apr,Dairy Manure,560,1-Feb,280,Injection,None,2970
3,Till,1-Apr,Dairy Manure,560,1-Feb,280,Injection,None,2971
5,Till,1-Apr,Dairy Manure,560,1-Feb,280,Injection,None,2972
0,Till,15-Apr,Dairy Manure,560,1-Feb,280,Injection,None,2973
1,Till,15-Apr,Dairy Manure,560,1-Feb,280,Injection,None,2974
3,Till,15-Apr,Dairy Manure,560,1-Feb,280,Injection,None,2975
5,Till,15-Apr,Dairy Manure,560,1-Feb,280,Injection,None,2976
0,Till,1-Apr,26:13:00,1120,1-Feb,280,Injection,None,2977
1,Till,1-Apr,26:13:00,1120,1-Feb,280,Injection,None,2978
3,Till,1-Apr,26:13:00,1120,1-Feb,280,Injection,None,2979
5,Till,1-Apr,26:13:00,1120,1-Feb,280,Injection,None,2980
0,Till,15-Apr,26:13:00,1120,1-Feb,280,Injection,None,2981
1,Till,15-Apr,26:13:00,1120,1-Feb,280,Injection,None,2982
3,Till,15-Apr,26:13:00,1120,1-Feb,280,Injection,None,2983
5,Till,15-Apr,26:13:00,1120,1-Feb,280,Injection,None,2984
0,Till,1-Apr,28:10:10,1120,1-Feb,280,Injection,None,2985
1,Till,1-Apr,28:10:10,1120,1-Feb,280,Injection,None,2986
3,Till,1-Apr,28:10:10,1120,1-Feb,280,Injection,None,2987
5,Till,1-Apr,28:10:10,1120,1-Feb,280,Injection,None,2988
0,Till,15-Apr,28:10:10,1120,1-Feb,280,Injection,None,2989
1,Till,15-Apr,28:10:10,1120,1-Feb,280,Injection,None,2990
3,Till,15-Apr,28:10:10,1120,1-Feb,280,Injection,None,2991
5,Till,15-Apr,28:10:10,1120,1-Feb,280,Injection,None,2992
0,Till,1-Apr,Dairy Manure,1120,1-Feb,280,Injection,None,2993
1,Till,1-Apr,Dairy Manure,1120,1-Feb,280,Injection,None,2994
3,Till,1-Apr,Dairy Manure,1120,1-Feb,280,Injection,None,2995
5,Till,1-Apr,Dairy Manure,1120,1-Feb,280,Injection,None,2996
0,Till,15-Apr,Dairy Manure,1120,1-Feb,280,Injection,None,2997
1,Till,15-Apr,Dairy Manure,1120,1-Feb,280,Injection,None,2998
3,Till,15-Apr,Dairy Manure,1120,1-Feb,280,Injection,None,2999
5,Till,15-Apr,Dairy Manure,1120,1-Feb,280,Injection,None,3000
0,Till,1-Apr,26:13:00,0,1-May,280,Injection,None,3001
1,Till,1-Apr,26:13:00,0,1-May,280,Injection,None,3002
3,Till,1-Apr,26:13:00,0,1-May,280,Injection,None,3003
5,Till,1-Apr,26:13:00,0,1-May,280,Injection,None,3004
0,Till,15-Apr,26:13:00,0,1-May,280,Injection,None,3005
1,Till,15-Apr,26:13:00,0,1-May,280,Injection,None,3006
3,Till,15-Apr,26:13:00,0,1-May,280,Injection,None,3007
5,Till,15-Apr,26:13:00,0,1-May,280,Injection,None,3008
0,Till,1-Apr,28:10:10,0,1-May,280,Injection,None,3009
1,Till,1-Apr,28:10:10,0,1-May,280,Injection,None,3010
3,Till,1-Apr,28:10:10,0,1-May,280,Injection,None,3011
5,Till,1-Apr,28:10:10,0,1-May,280,Injection,None,3012
0,Till,15-Apr,28:10:10,0,1-May,280,Injection,None,3013
1,Till,15-Apr,28:10:10,0,1-May,280,Injection,None,3014
3,Till,15-Apr,28:10:10,0,1-May,280,Injection,None,3015
5,Till,15-Apr,28:10:10,0,1-May,280,Injection,None,3016
0,Till,1-Apr,Dairy Manure,0,1-May,280,Injection,None,3017
1,Till,1-Apr,Dairy Manure,0,1-May,280,Injection,None,3018
3,Till,1-Apr,Dairy Manure,0,1-May,280,Injection,None,3019
5,Till,1-Apr,Dairy Manure,0,1-May,280,Injection,None,3020
0,Till,15-Apr,Dairy Manure,0,1-May,280,Injection,None,3021
1,Till,15-Apr,Dairy Manure,0,1-May,280,Injection,None,3022
3,Till,15-Apr,Dairy Manure,0,1-May,280,Injection,None,3023
5,Till,15-Apr,Dairy Manure,0,1-May,280,Injection,None,3024
0,Till,1-Apr,26:13:00,140,1-May,280,Injection,None,3025
1,Till,1-Apr,26:13:00,140,1-May,280,Injection,None,3026
3,Till,1-Apr,26:13:00,140,1-May,280,Injection,None,3027
5,Till,1-Apr,26:13:00,140,1-May,280,Injection,None,3028
0,Till,15-Apr,26:13:00,140,1-May,280,Injection,None,3029
1,Till,15-Apr,26:13:00,140,1-May,280,Injection,None,3030
3,Till,15-Apr,26:13:00,140,1-May,280,Injection,None,3031
5,Till,15-Apr,26:13:00,140,1-May,280,Injection,None,3032
0,Till,1-Apr,28:10:10,140,1-May,280,Injection,None,3033
1,Till,1-Apr,28:10:10,140,1-May,280,Injection,None,3034
3,Till,1-Apr,28:10:10,140,1-May,280,Injection,None,3035
5,Till,1-Apr,28:10:10,140,1-May,280,Injection,None,3036
0,Till,15-Apr,28:10:10,140,1-May,280,Injection,None,3037
1,Till,15-Apr,28:10:10,140,1-May,280,Injection,None,3038
3,Till,15-Apr,28:10:10,140,1-May,280,Injection,None,3039
5,Till,15-Apr,28:10:10,140,1-May,280,Injection,None,3040
0,Till,1-Apr,Dairy Manure,140,1-May,280,Injection,None,3041
1,Till,1-Apr,Dairy Manure,140,1-May,280,Injection,None,3042
3,Till,1-Apr,Dairy Manure,140,1-May,280,Injection,None,3043
5,Till,1-Apr,Dairy Manure,140,1-May,280,Injection,None,3044
0,Till,15-Apr,Dairy Manure,140,1-May,280,Injection,None,3045
1,Till,15-Apr,Dairy Manure,140,1-May,280,Injection,None,3046
3,Till,15-Apr,Dairy Manure,140,1-May,280,Injection,None,3047
5,Till,15-Apr,Dairy Manure,140,1-May,280,Injection,None,3048
0,Till,1-Apr,26:13:00,280,1-May,280,Injection,None,3049
1,Till,1-Apr,26:13:00,280,1-May,280,Injection,None,3050
3,Till,1-Apr,26:13:00,280,1-May,280,Injection,None,3051
5,Till,1-Apr,26:13:00,280,1-May,280,Injection,None,3052
0,Till,15-Apr,26:13:00,280,1-May,280,Injection,None,3053
1,Till,15-Apr,26:13:00,280,1-May,280,Injection,None,3054
3,Till,15-Apr,26:13:00,280,1-May,280,Injection,None,3055
5,Till,15-Apr,26:13:00,280,1-May,280,Injection,None,3056
0,Till,1-Apr,28:10:10,280,1-May,280,Injection,None,3057
1,Till,1-Apr,28:10:10,280,1-May,280,Injection,None,3058
3,Till,1-Apr,28:10:10,280,1-May,280,Injection,None,3059
5,Till,1-Apr,28:10:10,280,1-May,280,Injection,None,3060
0,Till,15-Apr,28:10:10,280,1-May,280,Injection,None,3061
1,Till,15-Apr,28:10:10,280,1-May,280,Injection,None,3062
3,Till,15-Apr,28:10:10,280,1-May,280,Injection,None,3063
5,Till,15-Apr,28:10:10,280,1-May,280,Injection,None,3064
0,Till,1-Apr,Dairy Manure,280,1-May,280,Injection,None,3065
1,Till,1-Apr,Dairy Manure,280,1-May,280,Injection,None,3066
3,Till,1-Apr,Dairy Manure,280,1-May,280,Injection,None,3067
5,Till,1-Apr,Dairy Manure,280,1-May,280,Injection,None,3068
0,Till,15-Apr,Dairy Manure,280,1-May,280,Injection,None,3069
1,Till,15-Apr,Dairy Manure,280,1-May,280,Injection,None,3070
3,Till,15-Apr,Dairy Manure,280,1-May,280,Injection,None,3071
5,Till,15-Apr,Dairy Manure,280,1-May,280,Injection,None,3072
0,Till,1-Apr,26:13:00,560,1-May,280,Injection,None,3073
1,Till,1-Apr,26:13:00,560,1-May,280,Injection,None,3074
3,Till,1-Apr,26:13:00,560,1-May,280,Injection,None,3075
5,Till,1-Apr,26:13:00,560,1-May,280,Injection,None,3076
0,Till,15-Apr,26:13:00,560,1-May,280,Injection,None,3077
1,Till,15-Apr,26:13:00,560,1-May,280,Injection,None,3078
3,Till,15-Apr,26:13:00,560,1-May,280,Injection,None,3079
5,Till,15-Apr,26:13:00,560,1-May,280,Injection,None,3080
0,Till,1-Apr,28:10:10,560,1-May,280,Injection,None,3081
1,Till,1-Apr,28:10:10,560,1-May,280,Injection,None,3082
3,Till,1-Apr,28:10:10,560,1-May,280,Injection,None,3083
5,Till,1-Apr,28:10:10,560,1-May,280,Injection,None,3084
0,Till,15-Apr,28:10:10,560,1-May,280,Injection,None,3085
1,Till,15-Apr,28:10:10,560,1-May,280,Injection,None,3086
3,Till,15-Apr,28:10:10,560,1-May,280,Injection,None,3087
5,Till,15-Apr,28:10:10,560,1-May,280,Injection,None,3088
0,Till,1-Apr,Dairy Manure,560,1-May,280,Injection,None,3089
1,Till,1-Apr,Dairy Manure,560,1-May,280,Injection,None,3090
3,Till,1-Apr,Dairy Manure,560,1-May,280,Injection,None,3091
5,Till,1-Apr,Dairy Manure,560,1-May,280,Injection,None,3092
0,Till,15-Apr,Dairy Manure,560,1-May,280,Injection,None,3093
1,Till,15-Apr,Dairy Manure,560,1-May,280,Injection,None,3094
3,Till,15-Apr,Dairy Manure,560,1-May,280,Injection,None,3095
5,Till,15-Apr,Dairy Manure,560,1-May,280,Injection,None,3096
0,Till,1-Apr,26:13:00,1120,1-May,280,Injection,None,3097
1,Till,1-Apr,26:13:00,1120,1-May,280,Injection,None,3098
3,Till,1-Apr,26:13:00,1120,1-May,280,Injection,None,3099
5,Till,1-Apr,26:13:00,1120,1-May,280,Injection,None,3100
0,Till,15-Apr,26:13:00,1120,1-May,280,Injection,None,3101
1,Till,15-Apr,26:13:00,1120,1-May,280,Injection,None,3102
3,Till,15-Apr,26:13:00,1120,1-May,280,Injection,None,3103
5,Till,15-Apr,26:13:00,1120,1-May,280,Injection,None,3104
0,Till,1-Apr,28:10:10,1120,1-May,280,Injection,None,3105
1,Till,1-Apr,28:10:10,1120,1-May,280,Injection,None,3106
3,Till,1-Apr,28:10:10,1120,1-May,280,Injection,None,3107
5,Till,1-Apr,28:10:10,1120,1-May,280,Injection,None,3108
0,Till,15-Apr,28:10:10,1120,1-May,280,Injection,None,3109
1,Till,15-Apr,28:10:10,1120,1-May,280,Injection,None,3110
3,Till,15-Apr,28:10:10,1120,1-May,280,Injection,None,3111
5,Till,15-Apr,28:10:10,1120,1-May,280,Injection,None,3112
0,Till,1-Apr,Dairy Manure,1120,1-May,280,Injection,None,3113
1,Till,1-Apr,Dairy Manure,1120,1-May,280,Injection,None,3114
3,Till,1-Apr,Dairy Manure,1120,1-May,280,Injection,None,3115
5,Till,1-Apr,Dairy Manure,1120,1-May,280,Injection,None,3116
0,Till,15-Apr,Dairy Manure,1120,1-May,280,Injection,None,3117
1,Till,15-Apr,Dairy Manure,1120,1-May,280,Injection,None,3118
3,Till,15-Apr,Dairy Manure,1120,1-May,280,Injection,None,3119
5,Till,15-Apr,Dairy Manure,1120,1-May,280,Injection,None,3120
0,Till,1-Apr,26:13:00,0,1-Feb,560,Injection,None,3121
1,Till,1-Apr,26:13:00,0,1-Feb,560,Injection,None,3122
3,Till,1-Apr,26:13:00,0,1-Feb,560,Injection,None,3123
5,Till,1-Apr,26:13:00,0,1-Feb,560,Injection,None,3124
0,Till,15-Apr,26:13:00,0,1-Feb,560,Injection,None,3125
1,Till,15-Apr,26:13:00,0,1-Feb,560,Injection,None,3126
3,Till,15-Apr,26:13:00,0,1-Feb,560,Injection,None,3127
5,Till,15-Apr,26:13:00,0,1-Feb,560,Injection,None,3128
0,Till,1-Apr,28:10:10,0,1-Feb,560,Injection,None,3129
1,Till,1-Apr,28:10:10,0,1-Feb,560,Injection,None,3130
3,Till,1-Apr,28:10:10,0,1-Feb,560,Injection,None,3131
5,Till,1-Apr,28:10:10,0,1-Feb,560,Injection,None,3132
0,Till,15-Apr,28:10:10,0,1-Feb,560,Injection,None,3133
1,Till,15-Apr,28:10:10,0,1-Feb,560,Injection,None,3134
3,Till,15-Apr,28:10:10,0,1-Feb,560,Injection,None,3135
5,Till,15-Apr,28:10:10,0,1-Feb,560,Injection,None,3136
0,Till,1-Apr,Dairy Manure,0,1-Feb,560,Injection,None,3137
1,Till,1-Apr,Dairy Manure,0,1-Feb,560,Injection,None,3138
3,Till,1-Apr,Dairy Manure,0,1-Feb,560,Injection,None,3139
5,Till,1-Apr,Dairy Manure,0,1-Feb,560,Injection,None,3140
0,Till,15-Apr,Dairy Manure,0,1-Feb,560,Injection,None,3141
1,Till,15-Apr,Dairy Manure,0,1-Feb,560,Injection,None,3142
3,Till,15-Apr,Dairy Manure,0,1-Feb,560,Injection,None,3143
5,Till,15-Apr,Dairy Manure,0,1-Feb,560,Injection,None,3144
0,Till,1-Apr,26:13:00,140,1-Feb,560,Injection,None,3145
1,Till,1-Apr,26:13:00,140,1-Feb,560,Injection,None,3146
3,Till,1-Apr,26:13:00,140,1-Feb,560,Injection,None,3147
5,Till,1-Apr,26:13:00,140,1-Feb,560,Injection,None,3148
0,Till,15-Apr,26:13:00,140,1-Feb,560,Injection,None,3149
1,Till,15-Apr,26:13:00,140,1-Feb,560,Injection,None,3150
3,Till,15-Apr,26:13:00,140,1-Feb,560,Injection,None,3151
5,Till,15-Apr,26:13:00,140,1-Feb,560,Injection,None,3152
0,Till,1-Apr,28:10:10,140,1-Feb,560,Injection,None,3153
1,Till,1-Apr,28:10:10,140,1-Feb,560,Injection,None,3154
3,Till,1-Apr,28:10:10,140,1-Feb,560,Injection,None,3155
5,Till,1-Apr,28:10:10,140,1-Feb,560,Injection,None,3156
0,Till,15-Apr,28:10:10,140,1-Feb,560,Injection,None,3157
1,Till,15-Apr,28:10:10,140,1-Feb,560,Injection,None,3158
3,Till,15-Apr,28:10:10,140,1-Feb,560,Injection,None,3159
5,Till,15-Apr,28:10:10,140,1-Feb,560,Injection,None,3160
0,Till,1-Apr,Dairy Manure,140,1-Feb,560,Injection,None,3161
1,Till,1-Apr,Dairy Manure,140,1-Feb,560,Injection,None,3162
3,Till,1-Apr,Dairy Manure,140,1-Feb,560,Injection,None,3163
5,Till,1-Apr,Dairy Manure,140,1-Feb,560,Injection,None,3164
0,Till,15-Apr,Dairy Manure,140,1-Feb,560,Injection,None,3165
1,Till,15-Apr,Dairy Manure,140,1-Feb,560,Injection,None,3166
3,Till,15-Apr,Dairy Manure,140,1-Feb,560,Injection,None,3167
5,Till,15-Apr,Dairy Manure,140,1-Feb,560,Injection,None,3168
0,Till,1-Apr,26:13:00,280,1-Feb,560,Injection,None,3169
1,Till,1-Apr,26:13:00,280,1-Feb,560,Injection,None,3170
3,Till,1-Apr,26:13:00,280,1-Feb,560,Injection,None,3171
5,Till,1-Apr,26:13:00,280,1-Feb,560,Injection,None,3172
0,Till,15-Apr,26:13:00,280,1-Feb,560,Injection,None,3173
1,Till,15-Apr,26:13:00,280,1-Feb,560,Injection,None,3174
3,Till,15-Apr,26:13:00,280,1-Feb,560,Injection,None,3175
5,Till,15-Apr,26:13:00,280,1-Feb,560,Injection,None,3176
0,Till,1-Apr,28:10:10,280,1-Feb,560,Injection,None,3177
1,Till,1-Apr,28:10:10,280,1-Feb,560,Injection,None,3178
3,Till,1-Apr,28:10:10,280,1-Feb,560,Injection,None,3179
5,Till,1-Apr,28:10:10,280,1-Feb,560,Injection,None,3180
0,Till,15-Apr,28:10:10,280,1-Feb,560,Injection,None,3181
1,Till,15-Apr,28:10:10,280,1-Feb,560,Injection,None,3182
3,Till,15-Apr,28:10:10,280,1-Feb,560,Injection,None,3183
5,Till,15-Apr,28:10:10,280,1-Feb,560,Injection,None,3184
0,Till,1-Apr,Dairy Manure,280,1-Feb,560,Injection,None,3185
1,Till,1-Apr,Dairy Manure,280,1-Feb,560,Injection,None,3186
3,Till,1-Apr,Dairy Manure,280,1-Feb,560,Injection,None,3187
5,Till,1-Apr,Dairy Manure,280,1-Feb,560,Injection,None,3188
0,Till,15-Apr,Dairy Manure,280,1-Feb,560,Injection,None,3189
1,Till,15-Apr,Dairy Manure,280,1-Feb,560,Injection,None,3190
3,Till,15-Apr,Dairy Manure,280,1-Feb,560,Injection,None,3191
5,Till,15-Apr,Dairy Manure,280,1-Feb,560,Injection,None,3192
0,Till,1-Apr,26:13:00,560,1-Feb,560,Injection,None,3193
1,Till,1-Apr,26:13:00,560,1-Feb,560,Injection,None,3194
3,Till,1-Apr,26:13:00,560,1-Feb,560,Injection,None,3195
5,Till,1-Apr,26:13:00,560,1-Feb,560,Injection,None,3196
0,Till,15-Apr,26:13:00,560,1-Feb,560,Injection,None,3197
1,Till,15-Apr,26:13:00,560,1-Feb,560,Injection,None,3198
3,Till,15-Apr,26:13:00,560,1-Feb,560,Injection,None,3199
5,Till,15-Apr,26:13:00,560,1-Feb,560,Injection,None,3200
0,Till,1-Apr,28:10:10,560,1-Feb,560,Injection,None,3201
1,Till,1-Apr,28:10:10,560,1-Feb,560,Injection,None,3202
3,Till,1-Apr,28:10:10,560,1-Feb,560,Injection,None,3203
5,Till,1-Apr,28:10:10,560,1-Feb,560,Injection,None,3204
0,Till,15-Apr,28:10:10,560,1-Feb,560,Injection,None,3205
1,Till,15-Apr,28:10:10,560,1-Feb,560,Injection,None,3206
3,Till,15-Apr,28:10:10,560,1-Feb,560,Injection,None,3207
5,Till,15-Apr,28:10:10,560,1-Feb,560,Injection,None,3208
0,Till,1-Apr,Dairy Manure,560,1-Feb,560,Injection,None,3209
1,Till,1-Apr,Dairy Manure,560,1-Feb,560,Injection,None,3210
3,Till,1-Apr,Dairy Manure,560,1-Feb,560,Injection,None,3211
5,Till,1-Apr,Dairy Manure,560,1-Feb,560,Injection,None,3212
0,Till,15-Apr,Dairy Manure,560,1-Feb,560,Injection,None,3213
1,Till,15-Apr,Dairy Manure,560,1-Feb,560,Injection,None,3214
3,Till,15-Apr,Dairy Manure,560,1-Feb,560,Injection,None,3215
5,Till,15-Apr,Dairy Manure,560,1-Feb,560,Injection,None,3216
0,Till,1-Apr,26:13:00,1120,1-Feb,560,Injection,None,3217
1,Till,1-Apr,26:13:00,1120,1-Feb,560,Injection,None,3218
3,Till,1-Apr,26:13:00,1120,1-Feb,560,Injection,None,3219
5,Till,1-Apr,26:13:00,1120,1-Feb,560,Injection,None,3220
0,Till,15-Apr,26:13:00,1120,1-Feb,560,Injection,None,3221
1,Till,15-Apr,26:13:00,1120,1-Feb,560,Injection,None,3222
3,Till,15-Apr,26:13:00,1120,1-Feb,560,Injection,None,3223
5,Till,15-Apr,26:13:00,1120,1-Feb,560,Injection,None,3224
0,Till,1-Apr,28:10:10,1120,1-Feb,560,Injection,None,3225
1,Till,1-Apr,28:10:10,1120,1-Feb,560,Injection,None,3226
3,Till,1-Apr,28:10:10,1120,1-Feb,560,Injection,None,3227
5,Till,1-Apr,28:10:10,1120,1-Feb,560,Injection,None,3228
0,Till,15-Apr,28:10:10,1120,1-Feb,560,Injection,None,3229
1,Till,15-Apr,28:10:10,1120,1-Feb,560,Injection,None,3230
3,Till,15-Apr,28:10:10,1120,1-Feb,560,Injection,None,3231
5,Till,15-Apr,28:10:10,1120,1-Feb,560,Injection,None,3232
0,Till,1-Apr,Dairy Manure,1120,1-Feb,560,Injection,None,3233
1,Till,1-Apr,Dairy Manure,1120,1-Feb,560,Injection,None,3234
3,Till,1-Apr,Dairy Manure,1120,1-Feb,560,Injection,None,3235
5,Till,1-Apr,Dairy Manure,1120,1-Feb,560,Injection,None,3236
0,Till,15-Apr,Dairy Manure,1120,1-Feb,560,Injection,None,3237
1,Till,15-Apr,Dairy Manure,1120,1-Feb,560,Injection,None,3238
3,Till,15-Apr,Dairy Manure,1120,1-Feb,560,Injection,None,3239
5,Till,15-Apr,Dairy Manure,1120,1-Feb,560,Injection,None,3240
0,Till,1-Apr,26:13:00,0,1-May,560,Injection,None,3241
1,Till,1-Apr,26:13:00,0,1-May,560,Injection,None,3242
3,Till,1-Apr,26:13:00,0,1-May,560,Injection,None,3243
5,Till,1-Apr,26:13:00,0,1-May,560,Injection,None,3244
0,Till,15-Apr,26:13:00,0,1-May,560,Injection,None,3245
1,Till,15-Apr,26:13:00,0,1-May,560,Injection,None,3246
3,Till,15-Apr,26:13:00,0,1-May,560,Injection,None,3247
5,Till,15-Apr,26:13:00,0,1-May,560,Injection,None,3248
0,Till,1-Apr,28:10:10,0,1-May,560,Injection,None,3249
1,Till,1-Apr,28:10:10,0,1-May,560,Injection,None,3250
3,Till,1-Apr,28:10:10,0,1-May,560,Injection,None,3251
5,Till,1-Apr,28:10:10,0,1-May,560,Injection,None,3252
0,Till,15-Apr,28:10:10,0,1-May,560,Injection,None,3253
1,Till,15-Apr,28:10:10,0,1-May,560,Injection,None,3254
3,Till,15-Apr,28:10:10,0,1-May,560,Injection,None,3255
5,Till,15-Apr,28:10:10,0,1-May,560,Injection,None,3256
0,Till,1-Apr,Dairy Manure,0,1-May,560,Injection,None,3257
1,Till,1-Apr,Dairy Manure,0,1-May,560,Injection,None,3258
3,Till,1-Apr,Dairy Manure,0,1-May,560,Injection,None,3259
5,Till,1-Apr,Dairy Manure,0,1-May,560,Injection,None,3260
0,Till,15-Apr,Dairy Manure,0,1-May,560,Injection,None,3261
1,Till,15-Apr,Dairy Manure,0,1-May,560,Injection,None,3262
3,Till,15-Apr,Dairy Manure,0,1-May,560,Injection,None,3263
5,Till,15-Apr,Dairy Manure,0,1-May,560,Injection,None,3264
0,Till,1-Apr,26:13:00,140,1-May,560,Injection,None,3265
1,Till,1-Apr,26:13:00,140,1-May,560,Injection,None,3266
3,Till,1-Apr,26:13:00,140,1-May,560,Injection,None,3267
5,Till,1-Apr,26:13:00,140,1-May,560,Injection,None,3268
0,Till,15-Apr,26:13:00,140,1-May,560,Injection,None,3269
1,Till,15-Apr,26:13:00,140,1-May,560,Injection,None,3270
3,Till,15-Apr,26:13:00,140,1-May,560,Injection,None,3271
5,Till,15-Apr,26:13:00,140,1-May,560,Injection,None,3272
0,Till,1-Apr,28:10:10,140,1-May,560,Injection,None,3273
1,Till,1-Apr,28:10:10,140,1-May,560,Injection,None,3274
3,Till,1-Apr,28:10:10,140,1-May,560,Injection,None,3275
5,Till,1-Apr,28:10:10,140,1-May,560,Injection,None,3276
0,Till,15-Apr,28:10:10,140,1-May,560,Injection,None,3277
1,Till,15-Apr,28:10:10,140,1-May,560,Injection,None,3278
3,Till,15-Apr,28:10:10,140,1-May,560,Injection,None,3279
5,Till,15-Apr,28:10:10,140,1-May,560,Injection,None,3280
0,Till,1-Apr,Dairy Manure,140,1-May,560,Injection,None,3281
1,Till,1-Apr,Dairy Manure,140,1-May,560,Injection,None,3282
3,Till,1-Apr,Dairy Manure,140,1-May,560,Injection,None,3283
5,Till,1-Apr,Dairy Manure,140,1-May,560,Injection,None,3284
0,Till,15-Apr,Dairy Manure,140,1-May,560,Injection,None,3285
1,Till,15-Apr,Dairy Manure,140,1-May,560,Injection,None,3286
3,Till,15-Apr,Dairy Manure,140,1-May,560,Injection,None,3287
5,Till,15-Apr,Dairy Manure,140,1-May,560,Injection,None,3288
0,Till,1-Apr,26:13:00,280,1-May,560,Injection,None,3289
1,Till,1-Apr,26:13:00,280,1-May,560,Injection,None,3290
3,Till,1-Apr,26:13:00,280,1-May,560,Injection,None,3291
5,Till,1-Apr,26:13:00,280,1-May,560,Injection,None,3292
0,Till,15-Apr,26:13:00,280,1-May,560,Injection,None,3293
1,Till,15-Apr,26:13:00,280,1-May,560,Injection,None,3294
3,Till,15-Apr,26:13:00,280,1-May,560,Injection,None,3295
5,Till,15-Apr,26:13:00,280,1-May,560,Injection,None,3296
0,Till,1-Apr,28:10:10,280,1-May,560,Injection,None,3297
1,Till,1-Apr,28:10:10,280,1-May,560,Injection,None,3298
3,Till,1-Apr,28:10:10,280,1-May,560,Injection,None,3299
5,Till,1-Apr,28:10:10,280,1-May,560,Injection,None,3300
0,Till,15-Apr,28:10:10,280,1-May,560,Injection,None,3301
1,Till,15-Apr,28:10:10,280,1-May,560,Injection,None,3302
3,Till,15-Apr,28:10:10,280,1-May,560,Injection,None,3303
5,Till,15-Apr,28:10:10,280,1-May,560,Injection,None,3304
0,Till,1-Apr,Dairy Manure,280,1-May,560,Injection,None,3305
1,Till,1-Apr,Dairy Manure,280,1-May,560,Injection,None,3306
3,Till,1-Apr,Dairy Manure,280,1-May,560,Injection,None,3307
5,Till,1-Apr,Dairy Manure,280,1-May,560,Injection,None,3308
0,Till,15-Apr,Dairy Manure,280,1-May,560,Injection,None,3309
1,Till,15-Apr,Dairy Manure,280,1-May,560,Injection,None,3310
3,Till,15-Apr,Dairy Manure,280,1-May,560,Injection,None,3311
5,Till,15-Apr,Dairy Manure,280,1-May,560,Injection,None,3312
0,Till,1-Apr,26:13:00,560,1-May,560,Injection,None,3313
1,Till,1-Apr,26:13:00,560,1-May,560,Injection,None,3314
3,Till,1-Apr,26:13:00,560,1-May,560,Injection,None,3315
5,Till,1-Apr,26:13:00,560,1-May,560,Injection,None,3316
0,Till,15-Apr,26:13:00,560,1-May,560,Injection,None,3317
1,Till,15-Apr,26:13:00,560,1-May,560,Injection,None,3318
3,Till,15-Apr,26:13:00,560,1-May,560,Injection,None,3319
5,Till,15-Apr,26:13:00,560,1-May,560,Injection,None,3320
0,Till,1-Apr,28:10:10,560,1-May,560,Injection,None,3321
1,Till,1-Apr,28:10:10,560,1-May,560,Injection,None,3322
3,Till,1-Apr,28:10:10,560,1-May,560,Injection,None,3323
5,Till,1-Apr,28:10:10,560,1-May,560,Injection,None,3324
0,Till,15-Apr,28:10:10,560,1-May,560,Injection,None,3325
1,Till,15-Apr,28:10:10,560,1-May,560,Injection,None,3326
3,Till,15-Apr,28:10:10,560,1-May,560,Injection,None,3327
5,Till,15-Apr,28:10:10,560,1-May,560,Injection,None,3328
0,Till,1-Apr,Dairy Manure,560,1-May,560,Injection,None,3329
1,Till,1-Apr,Dairy Manure,560,1-May,560,Injection,None,3330
3,Till,1-Apr,Dairy Manure,560,1-May,560,Injection,None,3331
5,Till,1-Apr,Dairy Manure,560,1-May,560,Injection,None,3332
0,Till,15-Apr,Dairy Manure,560,1-May,560,Injection,None,3333
1,Till,15-Apr,Dairy Manure,560,1-May,560,Injection,None,3334
3,Till,15-Apr,Dairy Manure,560,1-May,560,Injection,None,3335
5,Till,15-Apr,Dairy Manure,560,1-May,560,Injection,None,3336
0,Till,1-Apr,26:13:00,1120,1-May,560,Injection,None,3337
1,Till,1-Apr,26:13:00,1120,1-May,560,Injection,None,3338
3,Till,1-Apr,26:13:00,1120,1-May,560,Injection,None,3339
5,Till,1-Apr,26:13:00,1120,1-May,560,Injection,None,3340
0,Till,15-Apr,26:13:00,1120,1-May,560,Injection,None,3341
1,Till,15-Apr,26:13:00,1120,1-May,560,Injection,None,3342
3,Till,15-Apr,26:13:00,1120,1-May,560,Injection,None,3343
5,Till,15-Apr,26:13:00,1120,1-May,560,Injection,None,3344
0,Till,1-Apr,28:10:10,1120,1-May,560,Injection,None,3345
1,Till,1-Apr,28:10:10,1120,1-May,560,Injection,None,3346
3,Till,1-Apr,28:10:10,1120,1-May,560,Injection,None,3347
5,Till,1-Apr,28:10:10,1120,1-May,560,Injection,None,3348
0,Till,15-Apr,28:10:10,1120,1-May,560,Injection,None,3349
1,Till,15-Apr,28:10:10,1120,1-May,560,Injection,None,3350
3,Till,15-Apr,28:10:10,1120,1-May,560,Injection,None,3351
5,Till,15-Apr,28:10:10,1120,1-May,560,Injection,None,3352
0,Till,1-Apr,Dairy Manure,1120,1-May,560,Injection,None,3353
1,Till,1-Apr,Dairy Manure,1120,1-May,560,Injection,None,3354
3,Till,1-Apr,Dairy Manure,1120,1-May,560,Injection,None,3355
5,Till,1-Apr,Dairy Manure,1120,1-May,560,Injection,None,3356
0,Till,15-Apr,Dairy Manure,1120,1-May,560,Injection,None,3357
1,Till,15-Apr,Dairy Manure,1120,1-May,560,Injection,None,3358
3,Till,15-Apr,Dairy Manure,1120,1-May,560,Injection,None,3359
5,Till,15-Apr,Dairy Manure,1120,1-May,560,Injection,None,3360
0,Till,1-Apr,26:13:00,0,1-Feb,1120,Injection,None,3361
1,Till,1-Apr,26:13:00,0,1-Feb,1120,Injection,None,3362
3,Till,1-Apr,26:13:00,0,1-Feb,1120,Injection,None,3363
5,Till,1-Apr,26:13:00,0,1-Feb,1120,Injection,None,3364
0,Till,15-Apr,26:13:00,0,1-Feb,1120,Injection,None,3365
1,Till,15-Apr,26:13:00,0,1-Feb,1120,Injection,None,3366
3,Till,15-Apr,26:13:00,0,1-Feb,1120,Injection,None,3367
5,Till,15-Apr,26:13:00,0,1-Feb,1120,Injection,None,3368
0,Till,1-Apr,28:10:10,0,1-Feb,1120,Injection,None,3369
1,Till,1-Apr,28:10:10,0,1-Feb,1120,Injection,None,3370
3,Till,1-Apr,28:10:10,0,1-Feb,1120,Injection,None,3371
5,Till,1-Apr,28:10:10,0,1-Feb,1120,Injection,None,3372
0,Till,15-Apr,28:10:10,0,1-Feb,1120,Injection,None,3373
1,Till,15-Apr,28:10:10,0,1-Feb,1120,Injection,None,3374
3,Till,15-Apr,28:10:10,0,1-Feb,1120,Injection,None,3375
5,Till,15-Apr,28:10:10,0,1-Feb,1120,Injection,None,3376
0,Till,1-Apr,Dairy Manure,0,1-Feb,1120,Injection,None,3377
1,Till,1-Apr,Dairy Manure,0,1-Feb,1120,Injection,None,3378
3,Till,1-Apr,Dairy Manure,0,1-Feb,1120,Injection,None,3379
5,Till,1-Apr,Dairy Manure,0,1-Feb,1120,Injection,None,3380
0,Till,15-Apr,Dairy Manure,0,1-Feb,1120,Injection,None,3381
1,Till,15-Apr,Dairy Manure,0,1-Feb,1120,Injection,None,3382
3,Till,15-Apr,Dairy Manure,0,1-Feb,1120,Injection,None,3383
5,Till,15-Apr,Dairy Manure,0,1-Feb,1120,Injection,None,3384
0,Till,1-Apr,26:13:00,140,1-Feb,1120,Injection,None,3385
1,Till,1-Apr,26:13:00,140,1-Feb,1120,Injection,None,3386
3,Till,1-Apr,26:13:00,140,1-Feb,1120,Injection,None,3387
5,Till,1-Apr,26:13:00,140,1-Feb,1120,Injection,None,3388
0,Till,15-Apr,26:13:00,140,1-Feb,1120,Injection,None,3389
1,Till,15-Apr,26:13:00,140,1-Feb,1120,Injection,None,3390
3,Till,15-Apr,26:13:00,140,1-Feb,1120,Injection,None,3391
5,Till,15-Apr,26:13:00,140,1-Feb,1120,Injection,None,3392
0,Till,1-Apr,28:10:10,140,1-Feb,1120,Injection,None,3393
1,Till,1-Apr,28:10:10,140,1-Feb,1120,Injection,None,3394
3,Till,1-Apr,28:10:10,140,1-Feb,1120,Injection,None,3395
5,Till,1-Apr,28:10:10,140,1-Feb,1120,Injection,None,3396
0,Till,15-Apr,28:10:10,140,1-Feb,1120,Injection,None,3397
1,Till,15-Apr,28:10:10,140,1-Feb,1120,Injection,None,3398
3,Till,15-Apr,28:10:10,140,1-Feb,1120,Injection,None,3399
5,Till,15-Apr,28:10:10,140,1-Feb,1120,Injection,None,3400
0,Till,1-Apr,Dairy Manure,140,1-Feb,1120,Injection,None,3401
1,Till,1-Apr,Dairy Manure,140,1-Feb,1120,Injection,None,3402
3,Till,1-Apr,Dairy Manure,140,1-Feb,1120,Injection,None,3403
5,Till,1-Apr,Dairy Manure,140,1-Feb,1120,Injection,None,3404
0,Till,15-Apr,Dairy Manure,140,1-Feb,1120,Injection,None,3405
1,Till,15-Apr,Dairy Manure,140,1-Feb,1120,Injection,None,3406
3,Till,15-Apr,Dairy Manure,140,1-Feb,1120,Injection,None,3407
5,Till,15-Apr,Dairy Manure,140,1-Feb,1120,Injection,None,3408
0,Till,1-Apr,26:13:00,280,1-Feb,1120,Injection,None,3409
1,Till,1-Apr,26:13:00,280,1-Feb,1120,Injection,None,3410
3,Till,1-Apr,26:13:00,280,1-Feb,1120,Injection,None,3411
5,Till,1-Apr,26:13:00,280,1-Feb,1120,Injection,None,3412
0,Till,15-Apr,26:13:00,280,1-Feb,1120,Injection,None,3413
1,Till,15-Apr,26:13:00,280,1-Feb,1120,Injection,None,3414
3,Till,15-Apr,26:13:00,280,1-Feb,1120,Injection,None,3415
5,Till,15-Apr,26:13:00,280,1-Feb,1120,Injection,None,3416
0,Till,1-Apr,28:10:10,280,1-Feb,1120,Injection,None,3417
1,Till,1-Apr,28:10:10,280,1-Feb,1120,Injection,None,3418
3,Till,1-Apr,28:10:10,280,1-Feb,1120,Injection,None,3419
5,Till,1-Apr,28:10:10,280,1-Feb,1120,Injection,None,3420
0,Till,15-Apr,28:10:10,280,1-Feb,1120,Injection,None,3421
1,Till,15-Apr,28:10:10,280,1-Feb,1120,Injection,None,3422
3,Till,15-Apr,28:10:10,280,1-Feb,1120,Injection,None,3423
5,Till,15-Apr,28:10:10,280,1-Feb,1120,Injection,None,3424
0,Till,1-Apr,Dairy Manure,280,1-Feb,1120,Injection,None,3425
1,Till,1-Apr,Dairy Manure,280,1-Feb,1120,Injection,None,3426
3,Till,1-Apr,Dairy Manure,280,1-Feb,1120,Injection,None,3427
5,Till,1-Apr,Dairy Manure,280,1-Feb,1120,Injection,None,3428
0,Till,15-Apr,Dairy Manure,280,1-Feb,1120,Injection,None,3429
1,Till,15-Apr,Dairy Manure,280,1-Feb,1120,Injection,None,3430
3,Till,15-Apr,Dairy Manure,280,1-Feb,1120,Injection,None,3431
5,Till,15-Apr,Dairy Manure,280,1-Feb,1120,Injection,None,3432
0,Till,1-Apr,26:13:00,560,1-Feb,1120,Injection,None,3433
1,Till,1-Apr,26:13:00,560,1-Feb,1120,Injection,None,3434
3,Till,1-Apr,26:13:00,560,1-Feb,1120,Injection,None,3435
5,Till,1-Apr,26:13:00,560,1-Feb,1120,Injection,None,3436
0,Till,15-Apr,26:13:00,560,1-Feb,1120,Injection,None,3437
1,Till,15-Apr,26:13:00,560,1-Feb,1120,Injection,None,3438
3,Till,15-Apr,26:13:00,560,1-Feb,1120,Injection,None,3439
5,Till,15-Apr,26:13:00,560,1-Feb,1120,Injection,None,3440
0,Till,1-Apr,28:10:10,560,1-Feb,1120,Injection,None,3441
1,Till,1-Apr,28:10:10,560,1-Feb,1120,Injection,None,3442
3,Till,1-Apr,28:10:10,560,1-Feb,1120,Injection,None,3443
5,Till,1-Apr,28:10:10,560,1-Feb,1120,Injection,None,3444
0,Till,15-Apr,28:10:10,560,1-Feb,1120,Injection,None,3445
1,Till,15-Apr,28:10:10,560,1-Feb,1120,Injection,None,3446
3,Till,15-Apr,28:10:10,560,1-Feb,1120,Injection,None,3447
5,Till,15-Apr,28:10:10,560,1-Feb,1120,Injection,None,3448
0,Till,1-Apr,Dairy Manure,560,1-Feb,1120,Injection,None,3449
1,Till,1-Apr,Dairy Manure,560,1-Feb,1120,Injection,None,3450
3,Till,1-Apr,Dairy Manure,560,1-Feb,1120,Injection,None,3451
5,Till,1-Apr,Dairy Manure,560,1-Feb,1120,Injection,None,3452
0,Till,15-Apr,Dairy Manure,560,1-Feb,1120,Injection,None,3453
1,Till,15-Apr,Dairy Manure,560,1-Feb,1120,Injection,None,3454
3,Till,15-Apr,Dairy Manure,560,1-Feb,1120,Injection,None,3455
5,Till,15-Apr,Dairy Manure,560,1-Feb,1120,Injection,None,3456
0,Till,1-Apr,26:13:00,1120,1-Feb,1120,Injection,None,3457
1,Till,1-Apr,26:13:00,1120,1-Feb,1120,Injection,None,3458
3,Till,1-Apr,26:13:00,1120,1-Feb,1120,Injection,None,3459
5,Till,1-Apr,26:13:00,1120,1-Feb,1120,Injection,None,3460
0,Till,15-Apr,26:13:00,1120,1-Feb,1120,Injection,None,3461
1,Till,15-Apr,26:13:00,1120,1-Feb,1120,Injection,None,3462
3,Till,15-Apr,26:13:00,1120,1-Feb,1120,Injection,None,3463
5,Till,15-Apr,26:13:00,1120,1-Feb,1120,Injection,None,3464
0,Till,1-Apr,28:10:10,1120,1-Feb,1120,Injection,None,3465
1,Till,1-Apr,28:10:10,1120,1-Feb,1120,Injection,None,3466
3,Till,1-Apr,28:10:10,1120,1-Feb,1120,Injection,None,3467
5,Till,1-Apr,28:10:10,1120,1-Feb,1120,Injection,None,3468
0,Till,15-Apr,28:10:10,1120,1-Feb,1120,Injection,None,3469
1,Till,15-Apr,28:10:10,1120,1-Feb,1120,Injection,None,3470
3,Till,15-Apr,28:10:10,1120,1-Feb,1120,Injection,None,3471
5,Till,15-Apr,28:10:10,1120,1-Feb,1120,Injection,None,3472
0,Till,1-Apr,Dairy Manure,1120,1-Feb,1120,Injection,None,3473
1,Till,1-Apr,Dairy Manure,1120,1-Feb,1120,Injection,None,3474
3,Till,1-Apr,Dairy Manure,1120,1-Feb,1120,Injection,None,3475
5,Till,1-Apr,Dairy Manure,1120,1-Feb,1120,Injection,None,3476
0,Till,15-Apr,Dairy Manure,1120,1-Feb,1120,Injection,None,3477
1,Till,15-Apr,Dairy Manure,1120,1-Feb,1120,Injection,None,3478
3,Till,15-Apr,Dairy Manure,1120,1-Feb,1120,Injection,None,3479
5,Till,15-Apr,Dairy Manure,1120,1-Feb,1120,Injection,None,3480
0,Till,1-Apr,26:13:00,0,1-May,1120,Injection,None,3481
1,Till,1-Apr,26:13:00,0,1-May,1120,Injection,None,3482
3,Till,1-Apr,26:13:00,0,1-May,1120,Injection,None,3483
5,Till,1-Apr,26:13:00,0,1-May,1120,Injection,None,3484
0,Till,15-Apr,26:13:00,0,1-May,1120,Injection,None,3485
1,Till,15-Apr,26:13:00,0,1-May,1120,Injection,None,3486
3,Till,15-Apr,26:13:00,0,1-May,1120,Injection,None,3487
5,Till,15-Apr,26:13:00,0,1-May,1120,Injection,None,3488
0,Till,1-Apr,28:10:10,0,1-May,1120,Injection,None,3489
1,Till,1-Apr,28:10:10,0,1-May,1120,Injection,None,3490
3,Till,1-Apr,28:10:10,0,1-May,1120,Injection,None,3491
5,Till,1-Apr,28:10:10,0,1-May,1120,Injection,None,3492
0,Till,15-Apr,28:10:10,0,1-May,1120,Injection,None,3493
1,Till,15-Apr,28:10:10,0,1-May,1120,Injection,None,3494
3,Till,15-Apr,28:10:10,0,1-May,1120,Injection,None,3495
5,Till,15-Apr,28:10:10,0,1-May,1120,Injection,None,3496
0,Till,1-Apr,Dairy Manure,0,1-May,1120,Injection,None,3497
1,Till,1-Apr,Dairy Manure,0,1-May,1120,Injection,None,3498
3,Till,1-Apr,Dairy Manure,0,1-May,1120,Injection,None,3499
5,Till,1-Apr,Dairy Manure,0,1-May,1120,Injection,None,3500
0,Till,15-Apr,Dairy Manure,0,1-May,1120,Injection,None,3501
1,Till,15-Apr,Dairy Manure,0,1-May,1120,Injection,None,3502
3,Till,15-Apr,Dairy Manure,0,1-May,1120,Injection,None,3503
5,Till,15-Apr,Dairy Manure,0,1-May,1120,Injection,None,3504
0,Till,1-Apr,26:13:00,140,1-May,1120,Injection,None,3505
1,Till,1-Apr,26:13:00,140,1-May,1120,Injection,None,3506
3,Till,1-Apr,26:13:00,140,1-May,1120,Injection,None,3507
5,Till,1-Apr,26:13:00,140,1-May,1120,Injection,None,3508
0,Till,15-Apr,26:13:00,140,1-May,1120,Injection,None,3509
1,Till,15-Apr,26:13:00,140,1-May,1120,Injection,None,3510
3,Till,15-Apr,26:13:00,140,1-May,1120,Injection,None,3511
5,Till,15-Apr,26:13:00,140,1-May,1120,Injection,None,3512
0,Till,1-Apr,28:10:10,140,1-May,1120,Injection,None,3513
1,Till,1-Apr,28:10:10,140,1-May,1120,Injection,None,3514
3,Till,1-Apr,28:10:10,140,1-May,1120,Injection,None,3515
5,Till,1-Apr,28:10:10,140,1-May,1120,Injection,None,3516
0,Till,15-Apr,28:10:10,140,1-May,1120,Injection,None,3517
1,Till,15-Apr,28:10:10,140,1-May,1120,Injection,None,3518
3,Till,15-Apr,28:10:10,140,1-May,1120,Injection,None,3519
5,Till,15-Apr,28:10:10,140,1-May,1120,Injection,None,3520
0,Till,1-Apr,Dairy Manure,140,1-May,1120,Injection,None,3521
1,Till,1-Apr,Dairy Manure,140,1-May,1120,Injection,None,3522
3,Till,1-Apr,Dairy Manure,140,1-May,1120,Injection,None,3523
5,Till,1-Apr,Dairy Manure,140,1-May,1120,Injection,None,3524
0,Till,15-Apr,Dairy Manure,140,1-May,1120,Injection,None,3525
1,Till,15-Apr,Dairy Manure,140,1-May,1120,Injection,None,3526
3,Till,15-Apr,Dairy Manure,140,1-May,1120,Injection,None,3527
5,Till,15-Apr,Dairy Manure,140,1-May,1120,Injection,None,3528
0,Till,1-Apr,26:13:00,280,1-May,1120,Injection,None,3529
1,Till,1-Apr,26:13:00,280,1-May,1120,Injection,None,3530
3,Till,1-Apr,26:13:00,280,1-May,1120,Injection,None,3531
5,Till,1-Apr,26:13:00,280,1-May,1120,Injection,None,3532
0,Till,15-Apr,26:13:00,280,1-May,1120,Injection,None,3533
1,Till,15-Apr,26:13:00,280,1-May,1120,Injection,None,3534
3,Till,15-Apr,26:13:00,280,1-May,1120,Injection,None,3535
5,Till,15-Apr,26:13:00,280,1-May,1120,Injection,None,3536
0,Till,1-Apr,28:10:10,280,1-May,1120,Injection,None,3537
1,Till,1-Apr,28:10:10,280,1-May,1120,Injection,None,3538
3,Till,1-Apr,28:10:10,280,1-May,1120,Injection,None,3539
5,Till,1-Apr,28:10:10,280,1-May,1120,Injection,None,3540
0,Till,15-Apr,28:10:10,280,1-May,1120,Injection,None,3541
1,Till,15-Apr,28:10:10,280,1-May,1120,Injection,None,3542
3,Till,15-Apr,28:10:10,280,1-May,1120,Injection,None,3543
5,Till,15-Apr,28:10:10,280,1-May,1120,Injection,None,3544
0,Till,1-Apr,Dairy Manure,280,1-May,1120,Injection,None,3545
1,Till,1-Apr,Dairy Manure,280,1-May,1120,Injection,None,3546
3,Till,1-Apr,Dairy Manure,280,1-May,1120,Injection,None,3547
5,Till,1-Apr,Dairy Manure,280,1-May,1120,Injection,None,3548
0,Till,15-Apr,Dairy Manure,280,1-May,1120,Injection,None,3549
1,Till,15-Apr,Dairy Manure,280,1-May,1120,Injection,None,3550
3,Till,15-Apr,Dairy Manure,280,1-May,1120,Injection,None,3551
5,Till,15-Apr,Dairy Manure,280,1-May,1120,Injection,None,3552
0,Till,1-Apr,26:13:00,560,1-May,1120,Injection,None,3553
1,Till,1-Apr,26:13:00,560,1-May,1120,Injection,None,3554
3,Till,1-Apr,26:13:00,560,1-May,1120,Injection,None,3555
5,Till,1-Apr,26:13:00,560,1-May,1120,Injection,None,3556
0,Till,15-Apr,26:13:00,560,1-May,1120,Injection,None,3557
1,Till,15-Apr,26:13:00,560,1-May,1120,Injection,None,3558
3,Till,15-Apr,26:13:00,560,1-May,1120,Injection,None,3559
5,Till,15-Apr,26:13:00,560,1-May,1120,Injection,None,3560
0,Till,1-Apr,28:10:10,560,1-May,1120,Injection,None,3561
1,Till,1-Apr,28:10:10,560,1-May,1120,Injection,None,3562
3,Till,1-Apr,28:10:10,560,1-May,1120,Injection,None,3563
5,Till,1-Apr,28:10:10,560,1-May,1120,Injection,None,3564
0,Till,15-Apr,28:10:10,560,1-May,1120,Injection,None,3565
1,Till,15-Apr,28:10:10,560,1-May,1120,Injection,None,3566
3,Till,15-Apr,28:10:10,560,1-May,1120,Injection,None,3567
5,Till,15-Apr,28:10:10,560,1-May,1120,Injection,None,3568
0,Till,1-Apr,Dairy Manure,560,1-May,1120,Injection,None,3569
1,Till,1-Apr,Dairy Manure,560,1-May,1120,Injection,None,3570
3,Till,1-Apr,Dairy Manure,560,1-May,1120,Injection,None,3571
5,Till,1-Apr,Dairy Manure,560,1-May,1120,Injection,None,3572
0,Till,15-Apr,Dairy Manure,560,1-May,1120,Injection,None,3573
1,Till,15-Apr,Dairy Manure,560,1-May,1120,Injection,None,3574
3,Till,15-Apr,Dairy Manure,560,1-May,1120,Injection,None,3575
5,Till,15-Apr,Dairy Manure,560,1-May,1120,Injection,None,3576
0,Till,1-Apr,26:13:00,1120,1-May,1120,Injection,None,3577
1,Till,1-Apr,26:13:00,1120,1-May,1120,Injection,None,3578
3,Till,1-Apr,26:13:00,1120,1-May,1120,Injection,None,3579
5,Till,1-Apr,26:13:00,1120,1-May,1120,Injection,None,3580
0,Till,15-Apr,26:13:00,1120,1-May,1120,Injection,None,3581
1,Till,15-Apr,26:13:00,1120,1-May,1120,Injection,None,3582
3,Till,15-Apr,26:13:00,1120,1-May,1120,Injection,None,3583
5,Till,15-Apr,26:13:00,1120,1-May,1120,Injection,None,3584
0,Till,1-Apr,28:10:10,1120,1-May,1120,Injection,None,3585
1,Till,1-Apr,28:10:10,1120,1-May,1120,Injection,None,3586
3,Till,1-Apr,28:10:10,1120,1-May,1120,Injection,None,3587
5,Till,1-Apr,28:10:10,1120,1-May,1120,Injection,None,3588
0,Till,15-Apr,28:10:10,1120,1-May,1120,Injection,None,3589
1,Till,15-Apr,28:10:10,1120,1-May,1120,Injection,None,3590
3,Till,15-Apr,28:10:10,1120,1-May,1120,Injection,None,3591
5,Till,15-Apr,28:10:10,1120,1-May,1120,Injection,None,3592
0,Till,1-Apr,Dairy Manure,1120,1-May,1120,Injection,None,3593
1,Till,1-Apr,Dairy Manure,1120,1-May,1120,Injection,None,3594
3,Till,1-Apr,Dairy Manure,1120,1-May,1120,Injection,None,3595
5,Till,1-Apr,Dairy Manure,1120,1-May,1120,Injection,None,3596
0,Till,15-Apr,Dairy Manure,1120,1-May,1120,Injection,None,3597
1,Till,15-Apr,Dairy Manure,1120,1-May,1120,Injection,None,3598
3,Till,15-Apr,Dairy Manure,1120,1-May,1120,Injection,None,3599
5,Till,15-Apr,Dairy Manure,1120,1-May,1120,Injection,None,3600
0,Till,1-Apr,26:13:00,0,1-Feb,0,Aerial Solid,None,3601
1,Till,1-Apr,26:13:00,0,1-Feb,0,Aerial Solid,None,3602
3,Till,1-Apr,26:13:00,0,1-Feb,0,Aerial Solid,None,3603
5,Till,1-Apr,26:13:00,0,1-Feb,0,Aerial Solid,None,3604
0,Till,15-Apr,26:13:00,0,1-Feb,0,Aerial Solid,None,3605
1,Till,15-Apr,26:13:00,0,1-Feb,0,Aerial Solid,None,3606
3,Till,15-Apr,26:13:00,0,1-Feb,0,Aerial Solid,None,3607
5,Till,15-Apr,26:13:00,0,1-Feb,0,Aerial Solid,None,3608
0,Till,1-Apr,28:10:10,0,1-Feb,0,Aerial Solid,None,3609
1,Till,1-Apr,28:10:10,0,1-Feb,0,Aerial Solid,None,3610
3,Till,1-Apr,28:10:10,0,1-Feb,0,Aerial Solid,None,3611
5,Till,1-Apr,28:10:10,0,1-Feb,0,Aerial Solid,None,3612
0,Till,15-Apr,28:10:10,0,1-Feb,0,Aerial Solid,None,3613
1,Till,15-Apr,28:10:10,0,1-Feb,0,Aerial Solid,None,3614
3,Till,15-Apr,28:10:10,0,1-Feb,0,Aerial Solid,None,3615
5,Till,15-Apr,28:10:10,0,1-Feb,0,Aerial Solid,None,3616
0,Till,1-Apr,Dairy Manure,0,1-Feb,0,Aerial Solid,None,3617
1,Till,1-Apr,Dairy Manure,0,1-Feb,0,Aerial Solid,None,3618
3,Till,1-Apr,Dairy Manure,0,1-Feb,0,Aerial Solid,None,3619
5,Till,1-Apr,Dairy Manure,0,1-Feb,0,Aerial Solid,None,3620
0,Till,15-Apr,Dairy Manure,0,1-Feb,0,Aerial Solid,None,3621
1,Till,15-Apr,Dairy Manure,0,1-Feb,0,Aerial Solid,None,3622
3,Till,15-Apr,Dairy Manure,0,1-Feb,0,Aerial Solid,None,3623
5,Till,15-Apr,Dairy Manure,0,1-Feb,0,Aerial Solid,None,3624
0,Till,1-Apr,26:13:00,140,1-Feb,0,Aerial Solid,None,3625
1,Till,1-Apr,26:13:00,140,1-Feb,0,Aerial Solid,None,3626
3,Till,1-Apr,26:13:00,140,1-Feb,0,Aerial Solid,None,3627
5,Till,1-Apr,26:13:00,140,1-Feb,0,Aerial Solid,None,3628
0,Till,15-Apr,26:13:00,140,1-Feb,0,Aerial Solid,None,3629
1,Till,15-Apr,26:13:00,140,1-Feb,0,Aerial Solid,None,3630
3,Till,15-Apr,26:13:00,140,1-Feb,0,Aerial Solid,None,3631
5,Till,15-Apr,26:13:00,140,1-Feb,0,Aerial Solid,None,3632
0,Till,1-Apr,28:10:10,140,1-Feb,0,Aerial Solid,None,3633
1,Till,1-Apr,28:10:10,140,1-Feb,0,Aerial Solid,None,3634
3,Till,1-Apr,28:10:10,140,1-Feb,0,Aerial Solid,None,3635
5,Till,1-Apr,28:10:10,140,1-Feb,0,Aerial Solid,None,3636
0,Till,15-Apr,28:10:10,140,1-Feb,0,Aerial Solid,None,3637
1,Till,15-Apr,28:10:10,140,1-Feb,0,Aerial Solid,None,3638
3,Till,15-Apr,28:10:10,140,1-Feb,0,Aerial Solid,None,3639
5,Till,15-Apr,28:10:10,140,1-Feb,0,Aerial Solid,None,3640
0,Till,1-Apr,Dairy Manure,140,1-Feb,0,Aerial Solid,None,3641
1,Till,1-Apr,Dairy Manure,140,1-Feb,0,Aerial Solid,None,3642
3,Till,1-Apr,Dairy Manure,140,1-Feb,0,Aerial Solid,None,3643
5,Till,1-Apr,Dairy Manure,140,1-Feb,0,Aerial Solid,None,3644
0,Till,15-Apr,Dairy Manure,140,1-Feb,0,Aerial Solid,None,3645
1,Till,15-Apr,Dairy Manure,140,1-Feb,0,Aerial Solid,None,3646
3,Till,15-Apr,Dairy Manure,140,1-Feb,0,Aerial Solid,None,3647
5,Till,15-Apr,Dairy Manure,140,1-Feb,0,Aerial Solid,None,3648
0,Till,1-Apr,26:13:00,280,1-Feb,0,Aerial Solid,None,3649
1,Till,1-Apr,26:13:00,280,1-Feb,0,Aerial Solid,None,3650
3,Till,1-Apr,26:13:00,280,1-Feb,0,Aerial Solid,None,3651
5,Till,1-Apr,26:13:00,280,1-Feb,0,Aerial Solid,None,3652
0,Till,15-Apr,26:13:00,280,1-Feb,0,Aerial Solid,None,3653
1,Till,15-Apr,26:13:00,280,1-Feb,0,Aerial Solid,None,3654
3,Till,15-Apr,26:13:00,280,1-Feb,0,Aerial Solid,None,3655
5,Till,15-Apr,26:13:00,280,1-Feb,0,Aerial Solid,None,3656
0,Till,1-Apr,28:10:10,280,1-Feb,0,Aerial Solid,None,3657
1,Till,1-Apr,28:10:10,280,1-Feb,0,Aerial Solid,None,3658
3,Till,1-Apr,28:10:10,280,1-Feb,0,Aerial Solid,None,3659
5,Till,1-Apr,28:10:10,280,1-Feb,0,Aerial Solid,None,3660
0,Till,15-Apr,28:10:10,280,1-Feb,0,Aerial Solid,None,3661
1,Till,15-Apr,28:10:10,280,1-Feb,0,Aerial Solid,None,3662
3,Till,15-Apr,28:10:10,280,1-Feb,0,Aerial Solid,None,3663
5,Till,15-Apr,28:10:10,280,1-Feb,0,Aerial Solid,None,3664
0,Till,1-Apr,Dairy Manure,280,1-Feb,0,Aerial Solid,None,3665
1,Till,1-Apr,Dairy Manure,280,1-Feb,0,Aerial Solid,None,3666
3,Till,1-Apr,Dairy Manure,280,1-Feb,0,Aerial Solid,None,3667
5,Till,1-Apr,Dairy Manure,280,1-Feb,0,Aerial Solid,None,3668
0,Till,15-Apr,Dairy Manure,280,1-Feb,0,Aerial Solid,None,3669
1,Till,15-Apr,Dairy Manure,280,1-Feb,0,Aerial Solid,None,3670
3,Till,15-Apr,Dairy Manure,280,1-Feb,0,Aerial Solid,None,3671
5,Till,15-Apr,Dairy Manure,280,1-Feb,0,Aerial Solid,None,3672
0,Till,1-Apr,26:13:00,560,1-Feb,0,Aerial Solid,None,3673
1,Till,1-Apr,26:13:00,560,1-Feb,0,Aerial Solid,None,3674
3,Till,1-Apr,26:13:00,560,1-Feb,0,Aerial Solid,None,3675
5,Till,1-Apr,26:13:00,560,1-Feb,0,Aerial Solid,None,3676
0,Till,15-Apr,26:13:00,560,1-Feb,0,Aerial Solid,None,3677
1,Till,15-Apr,26:13:00,560,1-Feb,0,Aerial Solid,None,3678
3,Till,15-Apr,26:13:00,560,1-Feb,0,Aerial Solid,None,3679
5,Till,15-Apr,26:13:00,560,1-Feb,0,Aerial Solid,None,3680
0,Till,1-Apr,28:10:10,560,1-Feb,0,Aerial Solid,None,3681
1,Till,1-Apr,28:10:10,560,1-Feb,0,Aerial Solid,None,3682
3,Till,1-Apr,28:10:10,560,1-Feb,0,Aerial Solid,None,3683
5,Till,1-Apr,28:10:10,560,1-Feb,0,Aerial Solid,None,3684
0,Till,15-Apr,28:10:10,560,1-Feb,0,Aerial Solid,None,3685
1,Till,15-Apr,28:10:10,560,1-Feb,0,Aerial Solid,None,3686
3,Till,15-Apr,28:10:10,560,1-Feb,0,Aerial Solid,None,3687
5,Till,15-Apr,28:10:10,560,1-Feb,0,Aerial Solid,None,3688
0,Till,1-Apr,Dairy Manure,560,1-Feb,0,Aerial Solid,None,3689
1,Till,1-Apr,Dairy Manure,560,1-Feb,0,Aerial Solid,None,3690
3,Till,1-Apr,Dairy Manure,560,1-Feb,0,Aerial Solid,None,3691
5,Till,1-Apr,Dairy Manure,560,1-Feb,0,Aerial Solid,None,3692
0,Till,15-Apr,Dairy Manure,560,1-Feb,0,Aerial Solid,None,3693
1,Till,15-Apr,Dairy Manure,560,1-Feb,0,Aerial Solid,None,3694
3,Till,15-Apr,Dairy Manure,560,1-Feb,0,Aerial Solid,None,3695
5,Till,15-Apr,Dairy Manure,560,1-Feb,0,Aerial Solid,None,3696
0,Till,1-Apr,26:13:00,1120,1-Feb,0,Aerial Solid,None,3697
1,Till,1-Apr,26:13:00,1120,1-Feb,0,Aerial Solid,None,3698
3,Till,1-Apr,26:13:00,1120,1-Feb,0,Aerial Solid,None,3699
5,Till,1-Apr,26:13:00,1120,1-Feb,0,Aerial Solid,None,3700
0,Till,15-Apr,26:13:00,1120,1-Feb,0,Aerial Solid,None,3701
1,Till,15-Apr,26:13:00,1120,1-Feb,0,Aerial Solid,None,3702
3,Till,15-Apr,26:13:00,1120,1-Feb,0,Aerial Solid,None,3703
5,Till,15-Apr,26:13:00,1120,1-Feb,0,Aerial Solid,None,3704
0,Till,1-Apr,28:10:10,1120,1-Feb,0,Aerial Solid,None,3705
1,Till,1-Apr,28:10:10,1120,1-Feb,0,Aerial Solid,None,3706
3,Till,1-Apr,28:10:10,1120,1-Feb,0,Aerial Solid,None,3707
5,Till,1-Apr,28:10:10,1120,1-Feb,0,Aerial Solid,None,3708
0,Till,15-Apr,28:10:10,1120,1-Feb,0,Aerial Solid,None,3709
1,Till,15-Apr,28:10:10,1120,1-Feb,0,Aerial Solid,None,3710
3,Till,15-Apr,28:10:10,1120,1-Feb,0,Aerial Solid,None,3711
5,Till,15-Apr,28:10:10,1120,1-Feb,0,Aerial Solid,None,3712
0,Till,1-Apr,Dairy Manure,1120,1-Feb,0,Aerial Solid,None,3713
1,Till,1-Apr,Dairy Manure,1120,1-Feb,0,Aerial Solid,None,3714
3,Till,1-Apr,Dairy Manure,1120,1-Feb,0,Aerial Solid,None,3715
5,Till,1-Apr,Dairy Manure,1120,1-Feb,0,Aerial Solid,None,3716
0,Till,15-Apr,Dairy Manure,1120,1-Feb,0,Aerial Solid,None,3717
1,Till,15-Apr,Dairy Manure,1120,1-Feb,0,Aerial Solid,None,3718
3,Till,15-Apr,Dairy Manure,1120,1-Feb,0,Aerial Solid,None,3719
5,Till,15-Apr,Dairy Manure,1120,1-Feb,0,Aerial Solid,None,3720
0,Till,1-Apr,26:13:00,0,1-May,0,Aerial Solid,None,3721
1,Till,1-Apr,26:13:00,0,1-May,0,Aerial Solid,None,3722
3,Till,1-Apr,26:13:00,0,1-May,0,Aerial Solid,None,3723
5,Till,1-Apr,26:13:00,0,1-May,0,Aerial Solid,None,3724
0,Till,15-Apr,26:13:00,0,1-May,0,Aerial Solid,None,3725
1,Till,15-Apr,26:13:00,0,1-May,0,Aerial Solid,None,3726
3,Till,15-Apr,26:13:00,0,1-May,0,Aerial Solid,None,3727
5,Till,15-Apr,26:13:00,0,1-May,0,Aerial Solid,None,3728
0,Till,1-Apr,28:10:10,0,1-May,0,Aerial Solid,None,3729
1,Till,1-Apr,28:10:10,0,1-May,0,Aerial Solid,None,3730
3,Till,1-Apr,28:10:10,0,1-May,0,Aerial Solid,None,3731
5,Till,1-Apr,28:10:10,0,1-May,0,Aerial Solid,None,3732
0,Till,15-Apr,28:10:10,0,1-May,0,Aerial Solid,None,3733
1,Till,15-Apr,28:10:10,0,1-May,0,Aerial Solid,None,3734
3,Till,15-Apr,28:10:10,0,1-May,0,Aerial Solid,None,3735
5,Till,15-Apr,28:10:10,0,1-May,0,Aerial Solid,None,3736
0,Till,1-Apr,Dairy Manure,0,1-May,0,Aerial Solid,None,3737
1,Till,1-Apr,Dairy Manure,0,1-May,0,Aerial Solid,None,3738
3,Till,1-Apr,Dairy Manure,0,1-May,0,Aerial Solid,None,3739
5,Till,1-Apr,Dairy Manure,0,1-May,0,Aerial Solid,None,3740
0,Till,15-Apr,Dairy Manure,0,1-May,0,Aerial Solid,None,3741
1,Till,15-Apr,Dairy Manure,0,1-May,0,Aerial Solid,None,3742
3,Till,15-Apr,Dairy Manure,0,1-May,0,Aerial Solid,None,3743
5,Till,15-Apr,Dairy Manure,0,1-May,0,Aerial Solid,None,3744
0,Till,1-Apr,26:13:00,140,1-May,0,Aerial Solid,None,3745
1,Till,1-Apr,26:13:00,140,1-May,0,Aerial Solid,None,3746
3,Till,1-Apr,26:13:00,140,1-May,0,Aerial Solid,None,3747
5,Till,1-Apr,26:13:00,140,1-May,0,Aerial Solid,None,3748
0,Till,15-Apr,26:13:00,140,1-May,0,Aerial Solid,None,3749
1,Till,15-Apr,26:13:00,140,1-May,0,Aerial Solid,None,3750
3,Till,15-Apr,26:13:00,140,1-May,0,Aerial Solid,None,3751
5,Till,15-Apr,26:13:00,140,1-May,0,Aerial Solid,None,3752
0,Till,1-Apr,28:10:10,140,1-May,0,Aerial Solid,None,3753
1,Till,1-Apr,28:10:10,140,1-May,0,Aerial Solid,None,3754
3,Till,1-Apr,28:10:10,140,1-May,0,Aerial Solid,None,3755
5,Till,1-Apr,28:10:10,140,1-May,0,Aerial Solid,None,3756
0,Till,15-Apr,28:10:10,140,1-May,0,Aerial Solid,None,3757
1,Till,15-Apr,28:10:10,140,1-May,0,Aerial Solid,None,3758
3,Till,15-Apr,28:10:10,140,1-May,0,Aerial Solid,None,3759
5,Till,15-Apr,28:10:10,140,1-May,0,Aerial Solid,None,3760
0,Till,1-Apr,Dairy Manure,140,1-May,0,Aerial Solid,None,3761
1,Till,1-Apr,Dairy Manure,140,1-May,0,Aerial Solid,None,3762
3,Till,1-Apr,Dairy Manure,140,1-May,0,Aerial Solid,None,3763
5,Till,1-Apr,Dairy Manure,140,1-May,0,Aerial Solid,None,3764
0,Till,15-Apr,Dairy Manure,140,1-May,0,Aerial Solid,None,3765
1,Till,15-Apr,Dairy Manure,140,1-May,0,Aerial Solid,None,3766
3,Till,15-Apr,Dairy Manure,140,1-May,0,Aerial Solid,None,3767
5,Till,15-Apr,Dairy Manure,140,1-May,0,Aerial Solid,None,3768
0,Till,1-Apr,26:13:00,280,1-May,0,Aerial Solid,None,3769
1,Till,1-Apr,26:13:00,280,1-May,0,Aerial Solid,None,3770
3,Till,1-Apr,26:13:00,280,1-May,0,Aerial Solid,None,3771
5,Till,1-Apr,26:13:00,280,1-May,0,Aerial Solid,None,3772
0,Till,15-Apr,26:13:00,280,1-May,0,Aerial Solid,None,3773
1,Till,15-Apr,26:13:00,280,1-May,0,Aerial Solid,None,3774
3,Till,15-Apr,26:13:00,280,1-May,0,Aerial Solid,None,3775
5,Till,15-Apr,26:13:00,280,1-May,0,Aerial Solid,None,3776
0,Till,1-Apr,28:10:10,280,1-May,0,Aerial Solid,None,3777
1,Till,1-Apr,28:10:10,280,1-May,0,Aerial Solid,None,3778
3,Till,1-Apr,28:10:10,280,1-May,0,Aerial Solid,None,3779
5,Till,1-Apr,28:10:10,280,1-May,0,Aerial Solid,None,3780
0,Till,15-Apr,28:10:10,280,1-May,0,Aerial Solid,None,3781
1,Till,15-Apr,28:10:10,280,1-May,0,Aerial Solid,None,3782
3,Till,15-Apr,28:10:10,280,1-May,0,Aerial Solid,None,3783
5,Till,15-Apr,28:10:10,280,1-May,0,Aerial Solid,None,3784
0,Till,1-Apr,Dairy Manure,280,1-May,0,Aerial Solid,None,3785
1,Till,1-Apr,Dairy Manure,280,1-May,0,Aerial Solid,None,3786
3,Till,1-Apr,Dairy Manure,280,1-May,0,Aerial Solid,None,3787
5,Till,1-Apr,Dairy Manure,280,1-May,0,Aerial Solid,None,3788
0,Till,15-Apr,Dairy Manure,280,1-May,0,Aerial Solid,None,3789
1,Till,15-Apr,Dairy Manure,280,1-May,0,Aerial Solid,None,3790
3,Till,15-Apr,Dairy Manure,280,1-May,0,Aerial Solid,None,3791
5,Till,15-Apr,Dairy Manure,280,1-May,0,Aerial Solid,None,3792
0,Till,1-Apr,26:13:00,560,1-May,0,Aerial Solid,None,3793
1,Till,1-Apr,26:13:00,560,1-May,0,Aerial Solid,None,3794
3,Till,1-Apr,26:13:00,560,1-May,0,Aerial Solid,None,3795
5,Till,1-Apr,26:13:00,560,1-May,0,Aerial Solid,None,3796
0,Till,15-Apr,26:13:00,560,1-May,0,Aerial Solid,None,3797
1,Till,15-Apr,26:13:00,560,1-May,0,Aerial Solid,None,3798
3,Till,15-Apr,26:13:00,560,1-May,0,Aerial Solid,None,3799
5,Till,15-Apr,26:13:00,560,1-May,0,Aerial Solid,None,3800
0,Till,1-Apr,28:10:10,560,1-May,0,Aerial Solid,None,3801
1,Till,1-Apr,28:10:10,560,1-May,0,Aerial Solid,None,3802
3,Till,1-Apr,28:10:10,560,1-May,0,Aerial Solid,None,3803
5,Till,1-Apr,28:10:10,560,1-May,0,Aerial Solid,None,3804
0,Till,15-Apr,28:10:10,560,1-May,0,Aerial Solid,None,3805
1,Till,15-Apr,28:10:10,560,1-May,0,Aerial Solid,None,3806
3,Till,15-Apr,28:10:10,560,1-May,0,Aerial Solid,None,3807
5,Till,15-Apr,28:10:10,560,1-May,0,Aerial Solid,None,3808
0,Till,1-Apr,Dairy Manure,560,1-May,0,Aerial Solid,None,3809
1,Till,1-Apr,Dairy Manure,560,1-May,0,Aerial Solid,None,3810
3,Till,1-Apr,Dairy Manure,560,1-May,0,Aerial Solid,None,3811
5,Till,1-Apr,Dairy Manure,560,1-May,0,Aerial Solid,None,3812
0,Till,15-Apr,Dairy Manure,560,1-May,0,Aerial Solid,None,3813
1,Till,15-Apr,Dairy Manure,560,1-May,0,Aerial Solid,None,3814
3,Till,15-Apr,Dairy Manure,560,1-May,0,Aerial Solid,None,3815
5,Till,15-Apr,Dairy Manure,560,1-May,0,Aerial Solid,None,3816
0,Till,1-Apr,26:13:00,1120,1-May,0,Aerial Solid,None,3817
1,Till,1-Apr,26:13:00,1120,1-May,0,Aerial Solid,None,3818
3,Till,1-Apr,26:13:00,1120,1-May,0,Aerial Solid,None,3819
5,Till,1-Apr,26:13:00,1120,1-May,0,Aerial Solid,None,3820
0,Till,15-Apr,26:13:00,1120,1-May,0,Aerial Solid,None,3821
1,Till,15-Apr,26:13:00,1120,1-May,0,Aerial Solid,None,3822
3,Till,15-Apr,26:13:00,1120,1-May,0,Aerial Solid,None,3823
5,Till,15-Apr,26:13:00,1120,1-May,0,Aerial Solid,None,3824
0,Till,1-Apr,28:10:10,1120,1-May,0,Aerial Solid,None,3825
1,Till,1-Apr,28:10:10,1120,1-May,0,Aerial Solid,None,3826
3,Till,1-Apr,28:10:10,1120,1-May,0,Aerial Solid,None,3827
5,Till,1-Apr,28:10:10,1120,1-May,0,Aerial Solid,None,3828
0,Till,15-Apr,28:10:10,1120,1-May,0,Aerial Solid,None,3829
1,Till,15-Apr,28:10:10,1120,1-May,0,Aerial Solid,None,3830
3,Till,15-Apr,28:10:10,1120,1-May,0,Aerial Solid,None,3831
5,Till,15-Apr,28:10:10,1120,1-May,0,Aerial Solid,None,3832
0,Till,1-Apr,Dairy Manure,1120,1-May,0,Aerial Solid,None,3833
1,Till,1-Apr,Dairy Manure,1120,1-May,0,Aerial Solid,None,3834
3,Till,1-Apr,Dairy Manure,1120,1-May,0,Aerial Solid,None,3835
5,Till,1-Apr,Dairy Manure,1120,1-May,0,Aerial Solid,None,3836
0,Till,15-Apr,Dairy Manure,1120,1-May,0,Aerial Solid,None,3837
1,Till,15-Apr,Dairy Manure,1120,1-May,0,Aerial Solid,None,3838
3,Till,15-Apr,Dairy Manure,1120,1-May,0,Aerial Solid,None,3839
5,Till,15-Apr,Dairy Manure,1120,1-May,0,Aerial Solid,None,3840
0,Till,1-Apr,26:13:00,0,1-Feb,140,Aerial Solid,None,3841
1,Till,1-Apr,26:13:00,0,1-Feb,140,Aerial Solid,None,3842
3,Till,1-Apr,26:13:00,0,1-Feb,140,Aerial Solid,None,3843
5,Till,1-Apr,26:13:00,0,1-Feb,140,Aerial Solid,None,3844
0,Till,15-Apr,26:13:00,0,1-Feb,140,Aerial Solid,None,3845
1,Till,15-Apr,26:13:00,0,1-Feb,140,Aerial Solid,None,3846
3,Till,15-Apr,26:13:00,0,1-Feb,140,Aerial Solid,None,3847
5,Till,15-Apr,26:13:00,0,1-Feb,140,Aerial Solid,None,3848
0,Till,1-Apr,28:10:10,0,1-Feb,140,Aerial Solid,None,3849
1,Till,1-Apr,28:10:10,0,1-Feb,140,Aerial Solid,None,3850
3,Till,1-Apr,28:10:10,0,1-Feb,140,Aerial Solid,None,3851
5,Till,1-Apr,28:10:10,0,1-Feb,140,Aerial Solid,None,3852
0,Till,15-Apr,28:10:10,0,1-Feb,140,Aerial Solid,None,3853
1,Till,15-Apr,28:10:10,0,1-Feb,140,Aerial Solid,None,3854
3,Till,15-Apr,28:10:10,0,1-Feb,140,Aerial Solid,None,3855
5,Till,15-Apr,28:10:10,0,1-Feb,140,Aerial Solid,None,3856
0,Till,1-Apr,Dairy Manure,0,1-Feb,140,Aerial Solid,None,3857
1,Till,1-Apr,Dairy Manure,0,1-Feb,140,Aerial Solid,None,3858
3,Till,1-Apr,Dairy Manure,0,1-Feb,140,Aerial Solid,None,3859
5,Till,1-Apr,Dairy Manure,0,1-Feb,140,Aerial Solid,None,3860
0,Till,15-Apr,Dairy Manure,0,1-Feb,140,Aerial Solid,None,3861
1,Till,15-Apr,Dairy Manure,0,1-Feb,140,Aerial Solid,None,3862
3,Till,15-Apr,Dairy Manure,0,1-Feb,140,Aerial Solid,None,3863
5,Till,15-Apr,Dairy Manure,0,1-Feb,140,Aerial Solid,None,3864
0,Till,1-Apr,26:13:00,140,1-Feb,140,Aerial Solid,None,3865
1,Till,1-Apr,26:13:00,140,1-Feb,140,Aerial Solid,None,3866
3,Till,1-Apr,26:13:00,140,1-Feb,140,Aerial Solid,None,3867
5,Till,1-Apr,26:13:00,140,1-Feb,140,Aerial Solid,None,3868
0,Till,15-Apr,26:13:00,140,1-Feb,140,Aerial Solid,None,3869
1,Till,15-Apr,26:13:00,140,1-Feb,140,Aerial Solid,None,3870
3,Till,15-Apr,26:13:00,140,1-Feb,140,Aerial Solid,None,3871
5,Till,15-Apr,26:13:00,140,1-Feb,140,Aerial Solid,None,3872
0,Till,1-Apr,28:10:10,140,1-Feb,140,Aerial Solid,None,3873
1,Till,1-Apr,28:10:10,140,1-Feb,140,Aerial Solid,None,3874
3,Till,1-Apr,28:10:10,140,1-Feb,140,Aerial Solid,None,3875
5,Till,1-Apr,28:10:10,140,1-Feb,140,Aerial Solid,None,3876
0,Till,15-Apr,28:10:10,140,1-Feb,140,Aerial Solid,None,3877
1,Till,15-Apr,28:10:10,140,1-Feb,140,Aerial Solid,None,3878
3,Till,15-Apr,28:10:10,140,1-Feb,140,Aerial Solid,None,3879
5,Till,15-Apr,28:10:10,140,1-Feb,140,Aerial Solid,None,3880
0,Till,1-Apr,Dairy Manure,140,1-Feb,140,Aerial Solid,None,3881
1,Till,1-Apr,Dairy Manure,140,1-Feb,140,Aerial Solid,None,3882
3,Till,1-Apr,Dairy Manure,140,1-Feb,140,Aerial Solid,None,3883
5,Till,1-Apr,Dairy Manure,140,1-Feb,140,Aerial Solid,None,3884
0,Till,15-Apr,Dairy Manure,140,1-Feb,140,Aerial Solid,None,3885
1,Till,15-Apr,Dairy Manure,140,1-Feb,140,Aerial Solid,None,3886
3,Till,15-Apr,Dairy Manure,140,1-Feb,140,Aerial Solid,None,3887
5,Till,15-Apr,Dairy Manure,140,1-Feb,140,Aerial Solid,None,3888
0,Till,1-Apr,26:13:00,280,1-Feb,140,Aerial Solid,None,3889
1,Till,1-Apr,26:13:00,280,1-Feb,140,Aerial Solid,None,3890
3,Till,1-Apr,26:13:00,280,1-Feb,140,Aerial Solid,None,3891
5,Till,1-Apr,26:13:00,280,1-Feb,140,Aerial Solid,None,3892
0,Till,15-Apr,26:13:00,280,1-Feb,140,Aerial Solid,None,3893
1,Till,15-Apr,26:13:00,280,1-Feb,140,Aerial Solid,None,3894
3,Till,15-Apr,26:13:00,280,1-Feb,140,Aerial Solid,None,3895
5,Till,15-Apr,26:13:00,280,1-Feb,140,Aerial Solid,None,3896
0,Till,1-Apr,28:10:10,280,1-Feb,140,Aerial Solid,None,3897
1,Till,1-Apr,28:10:10,280,1-Feb,140,Aerial Solid,None,3898
3,Till,1-Apr,28:10:10,280,1-Feb,140,Aerial Solid,None,3899
5,Till,1-Apr,28:10:10,280,1-Feb,140,Aerial Solid,None,3900
0,Till,15-Apr,28:10:10,280,1-Feb,140,Aerial Solid,None,3901
1,Till,15-Apr,28:10:10,280,1-Feb,140,Aerial Solid,None,3902
3,Till,15-Apr,28:10:10,280,1-Feb,140,Aerial Solid,None,3903
5,Till,15-Apr,28:10:10,280,1-Feb,140,Aerial Solid,None,3904
0,Till,1-Apr,Dairy Manure,280,1-Feb,140,Aerial Solid,None,3905
1,Till,1-Apr,Dairy Manure,280,1-Feb,140,Aerial Solid,None,3906
3,Till,1-Apr,Dairy Manure,280,1-Feb,140,Aerial Solid,None,3907
5,Till,1-Apr,Dairy Manure,280,1-Feb,140,Aerial Solid,None,3908
0,Till,15-Apr,Dairy Manure,280,1-Feb,140,Aerial Solid,None,3909
1,Till,15-Apr,Dairy Manure,280,1-Feb,140,Aerial Solid,None,3910
3,Till,15-Apr,Dairy Manure,280,1-Feb,140,Aerial Solid,None,3911
5,Till,15-Apr,Dairy Manure,280,1-Feb,140,Aerial Solid,None,3912
0,Till,1-Apr,26:13:00,560,1-Feb,140,Aerial Solid,None,3913
1,Till,1-Apr,26:13:00,560,1-Feb,140,Aerial Solid,None,3914
3,Till,1-Apr,26:13:00,560,1-Feb,140,Aerial Solid,None,3915
5,Till,1-Apr,26:13:00,560,1-Feb,140,Aerial Solid,None,3916
0,Till,15-Apr,26:13:00,560,1-Feb,140,Aerial Solid,None,3917
1,Till,15-Apr,26:13:00,560,1-Feb,140,Aerial Solid,None,3918
3,Till,15-Apr,26:13:00,560,1-Feb,140,Aerial Solid,None,3919
5,Till,15-Apr,26:13:00,560,1-Feb,140,Aerial Solid,None,3920
0,Till,1-Apr,28:10:10,560,1-Feb,140,Aerial Solid,None,3921
1,Till,1-Apr,28:10:10,560,1-Feb,140,Aerial Solid,None,3922
3,Till,1-Apr,28:10:10,560,1-Feb,140,Aerial Solid,None,3923
5,Till,1-Apr,28:10:10,560,1-Feb,140,Aerial Solid,None,3924
0,Till,15-Apr,28:10:10,560,1-Feb,140,Aerial Solid,None,3925
1,Till,15-Apr,28:10:10,560,1-Feb,140,Aerial Solid,None,3926
3,Till,15-Apr,28:10:10,560,1-Feb,140,Aerial Solid,None,3927
5,Till,15-Apr,28:10:10,560,1-Feb,140,Aerial Solid,None,3928
0,Till,1-Apr,Dairy Manure,560,1-Feb,140,Aerial Solid,None,3929
1,Till,1-Apr,Dairy Manure,560,1-Feb,140,Aerial Solid,None,3930
3,Till,1-Apr,Dairy Manure,560,1-Feb,140,Aerial Solid,None,3931
5,Till,1-Apr,Dairy Manure,560,1-Feb,140,Aerial Solid,None,3932
0,Till,15-Apr,Dairy Manure,560,1-Feb,140,Aerial Solid,None,3933
1,Till,15-Apr,Dairy Manure,560,1-Feb,140,Aerial Solid,None,3934
3,Till,15-Apr,Dairy Manure,560,1-Feb,140,Aerial Solid,None,3935
5,Till,15-Apr,Dairy Manure,560,1-Feb,140,Aerial Solid,None,3936
0,Till,1-Apr,26:13:00,1120,1-Feb,140,Aerial Solid,None,3937
1,Till,1-Apr,26:13:00,1120,1-Feb,140,Aerial Solid,None,3938
3,Till,1-Apr,26:13:00,1120,1-Feb,140,Aerial Solid,None,3939
5,Till,1-Apr,26:13:00,1120,1-Feb,140,Aerial Solid,None,3940
0,Till,15-Apr,26:13:00,1120,1-Feb,140,Aerial Solid,None,3941
1,Till,15-Apr,26:13:00,1120,1-Feb,140,Aerial Solid,None,3942
3,Till,15-Apr,26:13:00,1120,1-Feb,140,Aerial Solid,None,3943
5,Till,15-Apr,26:13:00,1120,1-Feb,140,Aerial Solid,None,3944
0,Till,1-Apr,28:10:10,1120,1-Feb,140,Aerial Solid,None,3945
1,Till,1-Apr,28:10:10,1120,1-Feb,140,Aerial Solid,None,3946
3,Till,1-Apr,28:10:10,1120,1-Feb,140,Aerial Solid,None,3947
5,Till,1-Apr,28:10:10,1120,1-Feb,140,Aerial Solid,None,3948
0,Till,15-Apr,28:10:10,1120,1-Feb,140,Aerial Solid,None,3949
1,Till,15-Apr,28:10:10,1120,1-Feb,140,Aerial Solid,None,3950
3,Till,15-Apr,28:10:10,1120,1-Feb,140,Aerial Solid,None,3951
5,Till,15-Apr,28:10:10,1120,1-Feb,140,Aerial Solid,None,3952
0,Till,1-Apr,Dairy Manure,1120,1-Feb,140,Aerial Solid,None,3953
1,Till,1-Apr,Dairy Manure,1120,1-Feb,140,Aerial Solid,None,3954
3,Till,1-Apr,Dairy Manure,1120,1-Feb,140,Aerial Solid,None,3955
5,Till,1-Apr,Dairy Manure,1120,1-Feb,140,Aerial Solid,None,3956
0,Till,15-Apr,Dairy Manure,1120,1-Feb,140,Aerial Solid,None,3957
1,Till,15-Apr,Dairy Manure,1120,1-Feb,140,Aerial Solid,None,3958
3,Till,15-Apr,Dairy Manure,1120,1-Feb,140,Aerial Solid,None,3959
5,Till,15-Apr,Dairy Manure,1120,1-Feb,140,Aerial Solid,None,3960
0,Till,1-Apr,26:13:00,0,1-May,140,Aerial Solid,None,3961
1,Till,1-Apr,26:13:00,0,1-May,140,Aerial Solid,None,3962
3,Till,1-Apr,26:13:00,0,1-May,140,Aerial Solid,None,3963
5,Till,1-Apr,26:13:00,0,1-May,140,Aerial Solid,None,3964
0,Till,15-Apr,26:13:00,0,1-May,140,Aerial Solid,None,3965
1,Till,15-Apr,26:13:00,0,1-May,140,Aerial Solid,None,3966
3,Till,15-Apr,26:13:00,0,1-May,140,Aerial Solid,None,3967
5,Till,15-Apr,26:13:00,0,1-May,140,Aerial Solid,None,3968
0,Till,1-Apr,28:10:10,0,1-May,140,Aerial Solid,None,3969
1,Till,1-Apr,28:10:10,0,1-May,140,Aerial Solid,None,3970
3,Till,1-Apr,28:10:10,0,1-May,140,Aerial Solid,None,3971
5,Till,1-Apr,28:10:10,0,1-May,140,Aerial Solid,None,3972
0,Till,15-Apr,28:10:10,0,1-May,140,Aerial Solid,None,3973
1,Till,15-Apr,28:10:10,0,1-May,140,Aerial Solid,None,3974
3,Till,15-Apr,28:10:10,0,1-May,140,Aerial Solid,None,3975
5,Till,15-Apr,28:10:10,0,1-May,140,Aerial Solid,None,3976
0,Till,1-Apr,Dairy Manure,0,1-May,140,Aerial Solid,None,3977
1,Till,1-Apr,Dairy Manure,0,1-May,140,Aerial Solid,None,3978
3,Till,1-Apr,Dairy Manure,0,1-May,140,Aerial Solid,None,3979
5,Till,1-Apr,Dairy Manure,0,1-May,140,Aerial Solid,None,3980
0,Till,15-Apr,Dairy Manure,0,1-May,140,Aerial Solid,None,3981
1,Till,15-Apr,Dairy Manure,0,1-May,140,Aerial Solid,None,3982
3,Till,15-Apr,Dairy Manure,0,1-May,140,Aerial Solid,None,3983
5,Till,15-Apr,Dairy Manure,0,1-May,140,Aerial Solid,None,3984
0,Till,1-Apr,26:13:00,140,1-May,140,Aerial Solid,None,3985
1,Till,1-Apr,26:13:00,140,1-May,140,Aerial Solid,None,3986
3,Till,1-Apr,26:13:00,140,1-May,140,Aerial Solid,None,3987
5,Till,1-Apr,26:13:00,140,1-May,140,Aerial Solid,None,3988
0,Till,15-Apr,26:13:00,140,1-May,140,Aerial Solid,None,3989
1,Till,15-Apr,26:13:00,140,1-May,140,Aerial Solid,None,3990
3,Till,15-Apr,26:13:00,140,1-May,140,Aerial Solid,None,3991
5,Till,15-Apr,26:13:00,140,1-May,140,Aerial Solid,None,3992
0,Till,1-Apr,28:10:10,140,1-May,140,Aerial Solid,None,3993
1,Till,1-Apr,28:10:10,140,1-May,140,Aerial Solid,None,3994
3,Till,1-Apr,28:10:10,140,1-May,140,Aerial Solid,None,3995
5,Till,1-Apr,28:10:10,140,1-May,140,Aerial Solid,None,3996
0,Till,15-Apr,28:10:10,140,1-May,140,Aerial Solid,None,3997
1,Till,15-Apr,28:10:10,140,1-May,140,Aerial Solid,None,3998
3,Till,15-Apr,28:10:10,140,1-May,140,Aerial Solid,None,3999
5,Till,15-Apr,28:10:10,140,1-May,140,Aerial Solid,None,4000
0,Till,1-Apr,Dairy Manure,140,1-May,140,Aerial Solid,None,4001
1,Till,1-Apr,Dairy Manure,140,1-May,140,Aerial Solid,None,4002
3,Till,1-Apr,Dairy Manure,140,1-May,140,Aerial Solid,None,4003
5,Till,1-Apr,Dairy Manure,140,1-May,140,Aerial Solid,None,4004
0,Till,15-Apr,Dairy Manure,140,1-May,140,Aerial Solid,None,4005
1,Till,15-Apr,Dairy Manure,140,1-May,140,Aerial Solid,None,4006
3,Till,15-Apr,Dairy Manure,140,1-May,140,Aerial Solid,None,4007
5,Till,15-Apr,Dairy Manure,140,1-May,140,Aerial Solid,None,4008
0,Till,1-Apr,26:13:00,280,1-May,140,Aerial Solid,None,4009
1,Till,1-Apr,26:13:00,280,1-May,140,Aerial Solid,None,4010
3,Till,1-Apr,26:13:00,280,1-May,140,Aerial Solid,None,4011
5,Till,1-Apr,26:13:00,280,1-May,140,Aerial Solid,None,4012
0,Till,15-Apr,26:13:00,280,1-May,140,Aerial Solid,None,4013
1,Till,15-Apr,26:13:00,280,1-May,140,Aerial Solid,None,4014
3,Till,15-Apr,26:13:00,280,1-May,140,Aerial Solid,None,4015
5,Till,15-Apr,26:13:00,280,1-May,140,Aerial Solid,None,4016
0,Till,1-Apr,28:10:10,280,1-May,140,Aerial Solid,None,4017
1,Till,1-Apr,28:10:10,280,1-May,140,Aerial Solid,None,4018
3,Till,1-Apr,28:10:10,280,1-May,140,Aerial Solid,None,4019
5,Till,1-Apr,28:10:10,280,1-May,140,Aerial Solid,None,4020
0,Till,15-Apr,28:10:10,280,1-May,140,Aerial Solid,None,4021
1,Till,15-Apr,28:10:10,280,1-May,140,Aerial Solid,None,4022
3,Till,15-Apr,28:10:10,280,1-May,140,Aerial Solid,None,4023
5,Till,15-Apr,28:10:10,280,1-May,140,Aerial Solid,None,4024
0,Till,1-Apr,Dairy Manure,280,1-May,140,Aerial Solid,None,4025
1,Till,1-Apr,Dairy Manure,280,1-May,140,Aerial Solid,None,4026
3,Till,1-Apr,Dairy Manure,280,1-May,140,Aerial Solid,None,4027
5,Till,1-Apr,Dairy Manure,280,1-May,140,Aerial Solid,None,4028
0,Till,15-Apr,Dairy Manure,280,1-May,140,Aerial Solid,None,4029
1,Till,15-Apr,Dairy Manure,280,1-May,140,Aerial Solid,None,4030
3,Till,15-Apr,Dairy Manure,280,1-May,140,Aerial Solid,None,4031
5,Till,15-Apr,Dairy Manure,280,1-May,140,Aerial Solid,None,4032
0,Till,1-Apr,26:13:00,560,1-May,140,Aerial Solid,None,4033
1,Till,1-Apr,26:13:00,560,1-May,140,Aerial Solid,None,4034
3,Till,1-Apr,26:13:00,560,1-May,140,Aerial Solid,None,4035
5,Till,1-Apr,26:13:00,560,1-May,140,Aerial Solid,None,4036
0,Till,15-Apr,26:13:00,560,1-May,140,Aerial Solid,None,4037
1,Till,15-Apr,26:13:00,560,1-May,140,Aerial Solid,None,4038
3,Till,15-Apr,26:13:00,560,1-May,140,Aerial Solid,None,4039
5,Till,15-Apr,26:13:00,560,1-May,140,Aerial Solid,None,4040
0,Till,1-Apr,28:10:10,560,1-May,140,Aerial Solid,None,4041
1,Till,1-Apr,28:10:10,560,1-May,140,Aerial Solid,None,4042
3,Till,1-Apr,28:10:10,560,1-May,140,Aerial Solid,None,4043
5,Till,1-Apr,28:10:10,560,1-May,140,Aerial Solid,None,4044
0,Till,15-Apr,28:10:10,560,1-May,140,Aerial Solid,None,4045
1,Till,15-Apr,28:10:10,560,1-May,140,Aerial Solid,None,4046
3,Till,15-Apr,28:10:10,560,1-May,140,Aerial Solid,None,4047
5,Till,15-Apr,28:10:10,560,1-May,140,Aerial Solid,None,4048
0,Till,1-Apr,Dairy Manure,560,1-May,140,Aerial Solid,None,4049
1,Till,1-Apr,Dairy Manure,560,1-May,140,Aerial Solid,None,4050
3,Till,1-Apr,Dairy Manure,560,1-May,140,Aerial Solid,None,4051
5,Till,1-Apr,Dairy Manure,560,1-May,140,Aerial Solid,None,4052
0,Till,15-Apr,Dairy Manure,560,1-May,140,Aerial Solid,None,4053
1,Till,15-Apr,Dairy Manure,560,1-May,140,Aerial Solid,None,4054
3,Till,15-Apr,Dairy Manure,560,1-May,140,Aerial Solid,None,4055
5,Till,15-Apr,Dairy Manure,560,1-May,140,Aerial Solid,None,4056
0,Till,1-Apr,26:13:00,1120,1-May,140,Aerial Solid,None,4057
1,Till,1-Apr,26:13:00,1120,1-May,140,Aerial Solid,None,4058
3,Till,1-Apr,26:13:00,1120,1-May,140,Aerial Solid,None,4059
5,Till,1-Apr,26:13:00,1120,1-May,140,Aerial Solid,None,4060
0,Till,15-Apr,26:13:00,1120,1-May,140,Aerial Solid,None,4061
1,Till,15-Apr,26:13:00,1120,1-May,140,Aerial Solid,None,4062
3,Till,15-Apr,26:13:00,1120,1-May,140,Aerial Solid,None,4063
5,Till,15-Apr,26:13:00,1120,1-May,140,Aerial Solid,None,4064
0,Till,1-Apr,28:10:10,1120,1-May,140,Aerial Solid,None,4065
1,Till,1-Apr,28:10:10,1120,1-May,140,Aerial Solid,None,4066
3,Till,1-Apr,28:10:10,1120,1-May,140,Aerial Solid,None,4067
5,Till,1-Apr,28:10:10,1120,1-May,140,Aerial Solid,None,4068
0,Till,15-Apr,28:10:10,1120,1-May,140,Aerial Solid,None,4069
1,Till,15-Apr,28:10:10,1120,1-May,140,Aerial Solid,None,4070
3,Till,15-Apr,28:10:10,1120,1-May,140,Aerial Solid,None,4071
5,Till,15-Apr,28:10:10,1120,1-May,140,Aerial Solid,None,4072
0,Till,1-Apr,Dairy Manure,1120,1-May,140,Aerial Solid,None,4073
1,Till,1-Apr,Dairy Manure,1120,1-May,140,Aerial Solid,None,4074
3,Till,1-Apr,Dairy Manure,1120,1-May,140,Aerial Solid,None,4075
5,Till,1-Apr,Dairy Manure,1120,1-May,140,Aerial Solid,None,4076
0,Till,15-Apr,Dairy Manure,1120,1-May,140,Aerial Solid,None,4077
1,Till,15-Apr,Dairy Manure,1120,1-May,140,Aerial Solid,None,4078
3,Till,15-Apr,Dairy Manure,1120,1-May,140,Aerial Solid,None,4079
5,Till,15-Apr,Dairy Manure,1120,1-May,140,Aerial Solid,None,4080
0,Till,1-Apr,26:13:00,0,1-Feb,280,Aerial Solid,None,4081
1,Till,1-Apr,26:13:00,0,1-Feb,280,Aerial Solid,None,4082
3,Till,1-Apr,26:13:00,0,1-Feb,280,Aerial Solid,None,4083
5,Till,1-Apr,26:13:00,0,1-Feb,280,Aerial Solid,None,4084
0,Till,15-Apr,26:13:00,0,1-Feb,280,Aerial Solid,None,4085
1,Till,15-Apr,26:13:00,0,1-Feb,280,Aerial Solid,None,4086
3,Till,15-Apr,26:13:00,0,1-Feb,280,Aerial Solid,None,4087
5,Till,15-Apr,26:13:00,0,1-Feb,280,Aerial Solid,None,4088
0,Till,1-Apr,28:10:10,0,1-Feb,280,Aerial Solid,None,4089
1,Till,1-Apr,28:10:10,0,1-Feb,280,Aerial Solid,None,4090
3,Till,1-Apr,28:10:10,0,1-Feb,280,Aerial Solid,None,4091
5,Till,1-Apr,28:10:10,0,1-Feb,280,Aerial Solid,None,4092
0,Till,15-Apr,28:10:10,0,1-Feb,280,Aerial Solid,None,4093
1,Till,15-Apr,28:10:10,0,1-Feb,280,Aerial Solid,None,4094
3,Till,15-Apr,28:10:10,0,1-Feb,280,Aerial Solid,None,4095
5,Till,15-Apr,28:10:10,0,1-Feb,280,Aerial Solid,None,4096
0,Till,1-Apr,Dairy Manure,0,1-Feb,280,Aerial Solid,None,4097
1,Till,1-Apr,Dairy Manure,0,1-Feb,280,Aerial Solid,None,4098
3,Till,1-Apr,Dairy Manure,0,1-Feb,280,Aerial Solid,None,4099
5,Till,1-Apr,Dairy Manure,0,1-Feb,280,Aerial Solid,None,4100
0,Till,15-Apr,Dairy Manure,0,1-Feb,280,Aerial Solid,None,4101
1,Till,15-Apr,Dairy Manure,0,1-Feb,280,Aerial Solid,None,4102
3,Till,15-Apr,Dairy Manure,0,1-Feb,280,Aerial Solid,None,4103
5,Till,15-Apr,Dairy Manure,0,1-Feb,280,Aerial Solid,None,4104
0,Till,1-Apr,26:13:00,140,1-Feb,280,Aerial Solid,None,4105
1,Till,1-Apr,26:13:00,140,1-Feb,280,Aerial Solid,None,4106
3,Till,1-Apr,26:13:00,140,1-Feb,280,Aerial Solid,None,4107
5,Till,1-Apr,26:13:00,140,1-Feb,280,Aerial Solid,None,4108
0,Till,15-Apr,26:13:00,140,1-Feb,280,Aerial Solid,None,4109
1,Till,15-Apr,26:13:00,140,1-Feb,280,Aerial Solid,None,4110
3,Till,15-Apr,26:13:00,140,1-Feb,280,Aerial Solid,None,4111
5,Till,15-Apr,26:13:00,140,1-Feb,280,Aerial Solid,None,4112
0,Till,1-Apr,28:10:10,140,1-Feb,280,Aerial Solid,None,4113
1,Till,1-Apr,28:10:10,140,1-Feb,280,Aerial Solid,None,4114
3,Till,1-Apr,28:10:10,140,1-Feb,280,Aerial Solid,None,4115
5,Till,1-Apr,28:10:10,140,1-Feb,280,Aerial Solid,None,4116
0,Till,15-Apr,28:10:10,140,1-Feb,280,Aerial Solid,None,4117
1,Till,15-Apr,28:10:10,140,1-Feb,280,Aerial Solid,None,4118
3,Till,15-Apr,28:10:10,140,1-Feb,280,Aerial Solid,None,4119
5,Till,15-Apr,28:10:10,140,1-Feb,280,Aerial Solid,None,4120
0,Till,1-Apr,Dairy Manure,140,1-Feb,280,Aerial Solid,None,4121
1,Till,1-Apr,Dairy Manure,140,1-Feb,280,Aerial Solid,None,4122
3,Till,1-Apr,Dairy Manure,140,1-Feb,280,Aerial Solid,None,4123
5,Till,1-Apr,Dairy Manure,140,1-Feb,280,Aerial Solid,None,4124
0,Till,15-Apr,Dairy Manure,140,1-Feb,280,Aerial Solid,None,4125
1,Till,15-Apr,Dairy Manure,140,1-Feb,280,Aerial Solid,None,4126
3,Till,15-Apr,Dairy Manure,140,1-Feb,280,Aerial Solid,None,4127
5,Till,15-Apr,Dairy Manure,140,1-Feb,280,Aerial Solid,None,4128
0,Till,1-Apr,26:13:00,280,1-Feb,280,Aerial Solid,None,4129
1,Till,1-Apr,26:13:00,280,1-Feb,280,Aerial Solid,None,4130
3,Till,1-Apr,26:13:00,280,1-Feb,280,Aerial Solid,None,4131
5,Till,1-Apr,26:13:00,280,1-Feb,280,Aerial Solid,None,4132
0,Till,15-Apr,26:13:00,280,1-Feb,280,Aerial Solid,None,4133
1,Till,15-Apr,26:13:00,280,1-Feb,280,Aerial Solid,None,4134
3,Till,15-Apr,26:13:00,280,1-Feb,280,Aerial Solid,None,4135
5,Till,15-Apr,26:13:00,280,1-Feb,280,Aerial Solid,None,4136
0,Till,1-Apr,28:10:10,280,1-Feb,280,Aerial Solid,None,4137
1,Till,1-Apr,28:10:10,280,1-Feb,280,Aerial Solid,None,4138
3,Till,1-Apr,28:10:10,280,1-Feb,280,Aerial Solid,None,4139
5,Till,1-Apr,28:10:10,280,1-Feb,280,Aerial Solid,None,4140
0,Till,15-Apr,28:10:10,280,1-Feb,280,Aerial Solid,None,4141
1,Till,15-Apr,28:10:10,280,1-Feb,280,Aerial Solid,None,4142
3,Till,15-Apr,28:10:10,280,1-Feb,280,Aerial Solid,None,4143
5,Till,15-Apr,28:10:10,280,1-Feb,280,Aerial Solid,None,4144
0,Till,1-Apr,Dairy Manure,280,1-Feb,280,Aerial Solid,None,4145
1,Till,1-Apr,Dairy Manure,280,1-Feb,280,Aerial Solid,None,4146
3,Till,1-Apr,Dairy Manure,280,1-Feb,280,Aerial Solid,None,4147
5,Till,1-Apr,Dairy Manure,280,1-Feb,280,Aerial Solid,None,4148
0,Till,15-Apr,Dairy Manure,280,1-Feb,280,Aerial Solid,None,4149
1,Till,15-Apr,Dairy Manure,280,1-Feb,280,Aerial Solid,None,4150
3,Till,15-Apr,Dairy Manure,280,1-Feb,280,Aerial Solid,None,4151
5,Till,15-Apr,Dairy Manure,280,1-Feb,280,Aerial Solid,None,4152
0,Till,1-Apr,26:13:00,560,1-Feb,280,Aerial Solid,None,4153
1,Till,1-Apr,26:13:00,560,1-Feb,280,Aerial Solid,None,4154
3,Till,1-Apr,26:13:00,560,1-Feb,280,Aerial Solid,None,4155
5,Till,1-Apr,26:13:00,560,1-Feb,280,Aerial Solid,None,4156
0,Till,15-Apr,26:13:00,560,1-Feb,280,Aerial Solid,None,4157
1,Till,15-Apr,26:13:00,560,1-Feb,280,Aerial Solid,None,4158
3,Till,15-Apr,26:13:00,560,1-Feb,280,Aerial Solid,None,4159
5,Till,15-Apr,26:13:00,560,1-Feb,280,Aerial Solid,None,4160
0,Till,1-Apr,28:10:10,560,1-Feb,280,Aerial Solid,None,4161
1,Till,1-Apr,28:10:10,560,1-Feb,280,Aerial Solid,None,4162
3,Till,1-Apr,28:10:10,560,1-Feb,280,Aerial Solid,None,4163
5,Till,1-Apr,28:10:10,560,1-Feb,280,Aerial Solid,None,4164
0,Till,15-Apr,28:10:10,560,1-Feb,280,Aerial Solid,None,4165
1,Till,15-Apr,28:10:10,560,1-Feb,280,Aerial Solid,None,4166
3,Till,15-Apr,28:10:10,560,1-Feb,280,Aerial Solid,None,4167
5,Till,15-Apr,28:10:10,560,1-Feb,280,Aerial Solid,None,4168
0,Till,1-Apr,Dairy Manure,560,1-Feb,280,Aerial Solid,None,4169
1,Till,1-Apr,Dairy Manure,560,1-Feb,280,Aerial Solid,None,4170
3,Till,1-Apr,Dairy Manure,560,1-Feb,280,Aerial Solid,None,4171
5,Till,1-Apr,Dairy Manure,560,1-Feb,280,Aerial Solid,None,4172
0,Till,15-Apr,Dairy Manure,560,1-Feb,280,Aerial Solid,None,4173
1,Till,15-Apr,Dairy Manure,560,1-Feb,280,Aerial Solid,None,4174
3,Till,15-Apr,Dairy Manure,560,1-Feb,280,Aerial Solid,None,4175
5,Till,15-Apr,Dairy Manure,560,1-Feb,280,Aerial Solid,None,4176
0,Till,1-Apr,26:13:00,1120,1-Feb,280,Aerial Solid,None,4177
1,Till,1-Apr,26:13:00,1120,1-Feb,280,Aerial Solid,None,4178
3,Till,1-Apr,26:13:00,1120,1-Feb,280,Aerial Solid,None,4179
5,Till,1-Apr,26:13:00,1120,1-Feb,280,Aerial Solid,None,4180
0,Till,15-Apr,26:13:00,1120,1-Feb,280,Aerial Solid,None,4181
1,Till,15-Apr,26:13:00,1120,1-Feb,280,Aerial Solid,None,4182
3,Till,15-Apr,26:13:00,1120,1-Feb,280,Aerial Solid,None,4183
5,Till,15-Apr,26:13:00,1120,1-Feb,280,Aerial Solid,None,4184
0,Till,1-Apr,28:10:10,1120,1-Feb,280,Aerial Solid,None,4185
1,Till,1-Apr,28:10:10,1120,1-Feb,280,Aerial Solid,None,4186
3,Till,1-Apr,28:10:10,1120,1-Feb,280,Aerial Solid,None,4187
5,Till,1-Apr,28:10:10,1120,1-Feb,280,Aerial Solid,None,4188
0,Till,15-Apr,28:10:10,1120,1-Feb,280,Aerial Solid,None,4189
1,Till,15-Apr,28:10:10,1120,1-Feb,280,Aerial Solid,None,4190
3,Till,15-Apr,28:10:10,1120,1-Feb,280,Aerial Solid,None,4191
5,Till,15-Apr,28:10:10,1120,1-Feb,280,Aerial Solid,None,4192
0,Till,1-Apr,Dairy Manure,1120,1-Feb,280,Aerial Solid,None,4193
1,Till,1-Apr,Dairy Manure,1120,1-Feb,280,Aerial Solid,None,4194
3,Till,1-Apr,Dairy Manure,1120,1-Feb,280,Aerial Solid,None,4195
5,Till,1-Apr,Dairy Manure,1120,1-Feb,280,Aerial Solid,None,4196
0,Till,15-Apr,Dairy Manure,1120,1-Feb,280,Aerial Solid,None,4197
1,Till,15-Apr,Dairy Manure,1120,1-Feb,280,Aerial Solid,None,4198
3,Till,15-Apr,Dairy Manure,1120,1-Feb,280,Aerial Solid,None,4199
5,Till,15-Apr,Dairy Manure,1120,1-Feb,280,Aerial Solid,None,4200
0,Till,1-Apr,26:13:00,0,1-May,280,Aerial Solid,None,4201
1,Till,1-Apr,26:13:00,0,1-May,280,Aerial Solid,None,4202
3,Till,1-Apr,26:13:00,0,1-May,280,Aerial Solid,None,4203
5,Till,1-Apr,26:13:00,0,1-May,280,Aerial Solid,None,4204
0,Till,15-Apr,26:13:00,0,1-May,280,Aerial Solid,None,4205
1,Till,15-Apr,26:13:00,0,1-May,280,Aerial Solid,None,4206
3,Till,15-Apr,26:13:00,0,1-May,280,Aerial Solid,None,4207
5,Till,15-Apr,26:13:00,0,1-May,280,Aerial Solid,None,4208
0,Till,1-Apr,28:10:10,0,1-May,280,Aerial Solid,None,4209
1,Till,1-Apr,28:10:10,0,1-May,280,Aerial Solid,None,4210
3,Till,1-Apr,28:10:10,0,1-May,280,Aerial Solid,None,4211
5,Till,1-Apr,28:10:10,0,1-May,280,Aerial Solid,None,4212
0,Till,15-Apr,28:10:10,0,1-May,280,Aerial Solid,None,4213
1,Till,15-Apr,28:10:10,0,1-May,280,Aerial Solid,None,4214
3,Till,15-Apr,28:10:10,0,1-May,280,Aerial Solid,None,4215
5,Till,15-Apr,28:10:10,0,1-May,280,Aerial Solid,None,4216
0,Till,1-Apr,Dairy Manure,0,1-May,280,Aerial Solid,None,4217
1,Till,1-Apr,Dairy Manure,0,1-May,280,Aerial Solid,None,4218
3,Till,1-Apr,Dairy Manure,0,1-May,280,Aerial Solid,None,4219
5,Till,1-Apr,Dairy Manure,0,1-May,280,Aerial Solid,None,4220
0,Till,15-Apr,Dairy Manure,0,1-May,280,Aerial Solid,None,4221
1,Till,15-Apr,Dairy Manure,0,1-May,280,Aerial Solid,None,4222
3,Till,15-Apr,Dairy Manure,0,1-May,280,Aerial Solid,None,4223
5,Till,15-Apr,Dairy Manure,0,1-May,280,Aerial Solid,None,4224
0,Till,1-Apr,26:13:00,140,1-May,280,Aerial Solid,None,4225
1,Till,1-Apr,26:13:00,140,1-May,280,Aerial Solid,None,4226
3,Till,1-Apr,26:13:00,140,1-May,280,Aerial Solid,None,4227
5,Till,1-Apr,26:13:00,140,1-May,280,Aerial Solid,None,4228
0,Till,15-Apr,26:13:00,140,1-May,280,Aerial Solid,None,4229
1,Till,15-Apr,26:13:00,140,1-May,280,Aerial Solid,None,4230
3,Till,15-Apr,26:13:00,140,1-May,280,Aerial Solid,None,4231
5,Till,15-Apr,26:13:00,140,1-May,280,Aerial Solid,None,4232
0,Till,1-Apr,28:10:10,140,1-May,280,Aerial Solid,None,4233
1,Till,1-Apr,28:10:10,140,1-May,280,Aerial Solid,None,4234
3,Till,1-Apr,28:10:10,140,1-May,280,Aerial Solid,None,4235
5,Till,1-Apr,28:10:10,140,1-May,280,Aerial Solid,None,4236
0,Till,15-Apr,28:10:10,140,1-May,280,Aerial Solid,None,4237
1,Till,15-Apr,28:10:10,140,1-May,280,Aerial Solid,None,4238
3,Till,15-Apr,28:10:10,140,1-May,280,Aerial Solid,None,4239
5,Till,15-Apr,28:10:10,140,1-May,280,Aerial Solid,None,4240
0,Till,1-Apr,Dairy Manure,140,1-May,280,Aerial Solid,None,4241
1,Till,1-Apr,Dairy Manure,140,1-May,280,Aerial Solid,None,4242
3,Till,1-Apr,Dairy Manure,140,1-May,280,Aerial Solid,None,4243
5,Till,1-Apr,Dairy Manure,140,1-May,280,Aerial Solid,None,4244
0,Till,15-Apr,Dairy Manure,140,1-May,280,Aerial Solid,None,4245
1,Till,15-Apr,Dairy Manure,140,1-May,280,Aerial Solid,None,4246
3,Till,15-Apr,Dairy Manure,140,1-May,280,Aerial Solid,None,4247
5,Till,15-Apr,Dairy Manure,140,1-May,280,Aerial Solid,None,4248
0,Till,1-Apr,26:13:00,280,1-May,280,Aerial Solid,None,4249
1,Till,1-Apr,26:13:00,280,1-May,280,Aerial Solid,None,4250
3,Till,1-Apr,26:13:00,280,1-May,280,Aerial Solid,None,4251
5,Till,1-Apr,26:13:00,280,1-May,280,Aerial Solid,None,4252
0,Till,15-Apr,26:13:00,280,1-May,280,Aerial Solid,None,4253
1,Till,15-Apr,26:13:00,280,1-May,280,Aerial Solid,None,4254
3,Till,15-Apr,26:13:00,280,1-May,280,Aerial Solid,None,4255
5,Till,15-Apr,26:13:00,280,1-May,280,Aerial Solid,None,4256
0,Till,1-Apr,28:10:10,280,1-May,280,Aerial Solid,None,4257
1,Till,1-Apr,28:10:10,280,1-May,280,Aerial Solid,None,4258
3,Till,1-Apr,28:10:10,280,1-May,280,Aerial Solid,None,4259
5,Till,1-Apr,28:10:10,280,1-May,280,Aerial Solid,None,4260
0,Till,15-Apr,28:10:10,280,1-May,280,Aerial Solid,None,4261
1,Till,15-Apr,28:10:10,280,1-May,280,Aerial Solid,None,4262
3,Till,15-Apr,28:10:10,280,1-May,280,Aerial Solid,None,4263
5,Till,15-Apr,28:10:10,280,1-May,280,Aerial Solid,None,4264
0,Till,1-Apr,Dairy Manure,280,1-May,280,Aerial Solid,None,4265
1,Till,1-Apr,Dairy Manure,280,1-May,280,Aerial Solid,None,4266
3,Till,1-Apr,Dairy Manure,280,1-May,280,Aerial Solid,None,4267
5,Till,1-Apr,Dairy Manure,280,1-May,280,Aerial Solid,None,4268
0,Till,15-Apr,Dairy Manure,280,1-May,280,Aerial Solid,None,4269
1,Till,15-Apr,Dairy Manure,280,1-May,280,Aerial Solid,None,4270
3,Till,15-Apr,Dairy Manure,280,1-May,280,Aerial Solid,None,4271
5,Till,15-Apr,Dairy Manure,280,1-May,280,Aerial Solid,None,4272
0,Till,1-Apr,26:13:00,560,1-May,280,Aerial Solid,None,4273
1,Till,1-Apr,26:13:00,560,1-May,280,Aerial Solid,None,4274
3,Till,1-Apr,26:13:00,560,1-May,280,Aerial Solid,None,4275
5,Till,1-Apr,26:13:00,560,1-May,280,Aerial Solid,None,4276
0,Till,15-Apr,26:13:00,560,1-May,280,Aerial Solid,None,4277
1,Till,15-Apr,26:13:00,560,1-May,280,Aerial Solid,None,4278
3,Till,15-Apr,26:13:00,560,1-May,280,Aerial Solid,None,4279
5,Till,15-Apr,26:13:00,560,1-May,280,Aerial Solid,None,4280
0,Till,1-Apr,28:10:10,560,1-May,280,Aerial Solid,None,4281
1,Till,1-Apr,28:10:10,560,1-May,280,Aerial Solid,None,4282
3,Till,1-Apr,28:10:10,560,1-May,280,Aerial Solid,None,4283
5,Till,1-Apr,28:10:10,560,1-May,280,Aerial Solid,None,4284
0,Till,15-Apr,28:10:10,560,1-May,280,Aerial Solid,None,4285
1,Till,15-Apr,28:10:10,560,1-May,280,Aerial Solid,None,4286
3,Till,15-Apr,28:10:10,560,1-May,280,Aerial Solid,None,4287
5,Till,15-Apr,28:10:10,560,1-May,280,Aerial Solid,None,4288
0,Till,1-Apr,Dairy Manure,560,1-May,280,Aerial Solid,None,4289
1,Till,1-Apr,Dairy Manure,560,1-May,280,Aerial Solid,None,4290
3,Till,1-Apr,Dairy Manure,560,1-May,280,Aerial Solid,None,4291
5,Till,1-Apr,Dairy Manure,560,1-May,280,Aerial Solid,None,4292
0,Till,15-Apr,Dairy Manure,560,1-May,280,Aerial Solid,None,4293
1,Till,15-Apr,Dairy Manure,560,1-May,280,Aerial Solid,None,4294
3,Till,15-Apr,Dairy Manure,560,1-May,280,Aerial Solid,None,4295
5,Till,15-Apr,Dairy Manure,560,1-May,280,Aerial Solid,None,4296
0,Till,1-Apr,26:13:00,1120,1-May,280,Aerial Solid,None,4297
1,Till,1-Apr,26:13:00,1120,1-May,280,Aerial Solid,None,4298
3,Till,1-Apr,26:13:00,1120,1-May,280,Aerial Solid,None,4299
5,Till,1-Apr,26:13:00,1120,1-May,280,Aerial Solid,None,4300
0,Till,15-Apr,26:13:00,1120,1-May,280,Aerial Solid,None,4301
1,Till,15-Apr,26:13:00,1120,1-May,280,Aerial Solid,None,4302
3,Till,15-Apr,26:13:00,1120,1-May,280,Aerial Solid,None,4303
5,Till,15-Apr,26:13:00,1120,1-May,280,Aerial Solid,None,4304
0,Till,1-Apr,28:10:10,1120,1-May,280,Aerial Solid,None,4305
1,Till,1-Apr,28:10:10,1120,1-May,280,Aerial Solid,None,4306
3,Till,1-Apr,28:10:10,1120,1-May,280,Aerial Solid,None,4307
5,Till,1-Apr,28:10:10,1120,1-May,280,Aerial Solid,None,4308
0,Till,15-Apr,28:10:10,1120,1-May,280,Aerial Solid,None,4309
1,Till,15-Apr,28:10:10,1120,1-May,280,Aerial Solid,None,4310
3,Till,15-Apr,28:10:10,1120,1-May,280,Aerial Solid,None,4311
5,Till,15-Apr,28:10:10,1120,1-May,280,Aerial Solid,None,4312
0,Till,1-Apr,Dairy Manure,1120,1-May,280,Aerial Solid,None,4313
1,Till,1-Apr,Dairy Manure,1120,1-May,280,Aerial Solid,None,4314
3,Till,1-Apr,Dairy Manure,1120,1-May,280,Aerial Solid,None,4315
5,Till,1-Apr,Dairy Manure,1120,1-May,280,Aerial Solid,None,4316
0,Till,15-Apr,Dairy Manure,1120,1-May,280,Aerial Solid,None,4317
1,Till,15-Apr,Dairy Manure,1120,1-May,280,Aerial Solid,None,4318
3,Till,15-Apr,Dairy Manure,1120,1-May,280,Aerial Solid,None,4319
5,Till,15-Apr,Dairy Manure,1120,1-May,280,Aerial Solid,None,4320
0,Till,1-Apr,26:13:00,0,1-Feb,560,Aerial Solid,None,4321
1,Till,1-Apr,26:13:00,0,1-Feb,560,Aerial Solid,None,4322
3,Till,1-Apr,26:13:00,0,1-Feb,560,Aerial Solid,None,4323
5,Till,1-Apr,26:13:00,0,1-Feb,560,Aerial Solid,None,4324
0,Till,15-Apr,26:13:00,0,1-Feb,560,Aerial Solid,None,4325
1,Till,15-Apr,26:13:00,0,1-Feb,560,Aerial Solid,None,4326
3,Till,15-Apr,26:13:00,0,1-Feb,560,Aerial Solid,None,4327
5,Till,15-Apr,26:13:00,0,1-Feb,560,Aerial Solid,None,4328
0,Till,1-Apr,28:10:10,0,1-Feb,560,Aerial Solid,None,4329
1,Till,1-Apr,28:10:10,0,1-Feb,560,Aerial Solid,None,4330
3,Till,1-Apr,28:10:10,0,1-Feb,560,Aerial Solid,None,4331
5,Till,1-Apr,28:10:10,0,1-Feb,560,Aerial Solid,None,4332
0,Till,15-Apr,28:10:10,0,1-Feb,560,Aerial Solid,None,4333
1,Till,15-Apr,28:10:10,0,1-Feb,560,Aerial Solid,None,4334
3,Till,15-Apr,28:10:10,0,1-Feb,560,Aerial Solid,None,4335
5,Till,15-Apr,28:10:10,0,1-Feb,560,Aerial Solid,None,4336
0,Till,1-Apr,Dairy Manure,0,1-Feb,560,Aerial Solid,None,4337
1,Till,1-Apr,Dairy Manure,0,1-Feb,560,Aerial Solid,None,4338
3,Till,1-Apr,Dairy Manure,0,1-Feb,560,Aerial Solid,None,4339
5,Till,1-Apr,Dairy Manure,0,1-Feb,560,Aerial Solid,None,4340
0,Till,15-Apr,Dairy Manure,0,1-Feb,560,Aerial Solid,None,4341
1,Till,15-Apr,Dairy Manure,0,1-Feb,560,Aerial Solid,None,4342
3,Till,15-Apr,Dairy Manure,0,1-Feb,560,Aerial Solid,None,4343
5,Till,15-Apr,Dairy Manure,0,1-Feb,560,Aerial Solid,None,4344
0,Till,1-Apr,26:13:00,140,1-Feb,560,Aerial Solid,None,4345
1,Till,1-Apr,26:13:00,140,1-Feb,560,Aerial Solid,None,4346
3,Till,1-Apr,26:13:00,140,1-Feb,560,Aerial Solid,None,4347
5,Till,1-Apr,26:13:00,140,1-Feb,560,Aerial Solid,None,4348
0,Till,15-Apr,26:13:00,140,1-Feb,560,Aerial Solid,None,4349
1,Till,15-Apr,26:13:00,140,1-Feb,560,Aerial Solid,None,4350
3,Till,15-Apr,26:13:00,140,1-Feb,560,Aerial Solid,None,4351
5,Till,15-Apr,26:13:00,140,1-Feb,560,Aerial Solid,None,4352
0,Till,1-Apr,28:10:10,140,1-Feb,560,Aerial Solid,None,4353
1,Till,1-Apr,28:10:10,140,1-Feb,560,Aerial Solid,None,4354
3,Till,1-Apr,28:10:10,140,1-Feb,560,Aerial Solid,None,4355
5,Till,1-Apr,28:10:10,140,1-Feb,560,Aerial Solid,None,4356
0,Till,15-Apr,28:10:10,140,1-Feb,560,Aerial Solid,None,4357
1,Till,15-Apr,28:10:10,140,1-Feb,560,Aerial Solid,None,4358
3,Till,15-Apr,28:10:10,140,1-Feb,560,Aerial Solid,None,4359
5,Till,15-Apr,28:10:10,140,1-Feb,560,Aerial Solid,None,4360
0,Till,1-Apr,Dairy Manure,140,1-Feb,560,Aerial Solid,None,4361
1,Till,1-Apr,Dairy Manure,140,1-Feb,560,Aerial Solid,None,4362
3,Till,1-Apr,Dairy Manure,140,1-Feb,560,Aerial Solid,None,4363
5,Till,1-Apr,Dairy Manure,140,1-Feb,560,Aerial Solid,None,4364
0,Till,15-Apr,Dairy Manure,140,1-Feb,560,Aerial Solid,None,4365
1,Till,15-Apr,Dairy Manure,140,1-Feb,560,Aerial Solid,None,4366
3,Till,15-Apr,Dairy Manure,140,1-Feb,560,Aerial Solid,None,4367
5,Till,15-Apr,Dairy Manure,140,1-Feb,560,Aerial Solid,None,4368
0,Till,1-Apr,26:13:00,280,1-Feb,560,Aerial Solid,None,4369
1,Till,1-Apr,26:13:00,280,1-Feb,560,Aerial Solid,None,4370
3,Till,1-Apr,26:13:00,280,1-Feb,560,Aerial Solid,None,4371
5,Till,1-Apr,26:13:00,280,1-Feb,560,Aerial Solid,None,4372
0,Till,15-Apr,26:13:00,280,1-Feb,560,Aerial Solid,None,4373
1,Till,15-Apr,26:13:00,280,1-Feb,560,Aerial Solid,None,4374
3,Till,15-Apr,26:13:00,280,1-Feb,560,Aerial Solid,None,4375
5,Till,15-Apr,26:13:00,280,1-Feb,560,Aerial Solid,None,4376
0,Till,1-Apr,28:10:10,280,1-Feb,560,Aerial Solid,None,4377
1,Till,1-Apr,28:10:10,280,1-Feb,560,Aerial Solid,None,4378
3,Till,1-Apr,28:10:10,280,1-Feb,560,Aerial Solid,None,4379
5,Till,1-Apr,28:10:10,280,1-Feb,560,Aerial Solid,None,4380
0,Till,15-Apr,28:10:10,280,1-Feb,560,Aerial Solid,None,4381
1,Till,15-Apr,28:10:10,280,1-Feb,560,Aerial Solid,None,4382
3,Till,15-Apr,28:10:10,280,1-Feb,560,Aerial Solid,None,4383
5,Till,15-Apr,28:10:10,280,1-Feb,560,Aerial Solid,None,4384
0,Till,1-Apr,Dairy Manure,280,1-Feb,560,Aerial Solid,None,4385
1,Till,1-Apr,Dairy Manure,280,1-Feb,560,Aerial Solid,None,4386
3,Till,1-Apr,Dairy Manure,280,1-Feb,560,Aerial Solid,None,4387
5,Till,1-Apr,Dairy Manure,280,1-Feb,560,Aerial Solid,None,4388
0,Till,15-Apr,Dairy Manure,280,1-Feb,560,Aerial Solid,None,4389
1,Till,15-Apr,Dairy Manure,280,1-Feb,560,Aerial Solid,None,4390
3,Till,15-Apr,Dairy Manure,280,1-Feb,560,Aerial Solid,None,4391
5,Till,15-Apr,Dairy Manure,280,1-Feb,560,Aerial Solid,None,4392
0,Till,1-Apr,26:13:00,560,1-Feb,560,Aerial Solid,None,4393
1,Till,1-Apr,26:13:00,560,1-Feb,560,Aerial Solid,None,4394
3,Till,1-Apr,26:13:00,560,1-Feb,560,Aerial Solid,None,4395
5,Till,1-Apr,26:13:00,560,1-Feb,560,Aerial Solid,None,4396
0,Till,15-Apr,26:13:00,560,1-Feb,560,Aerial Solid,None,4397
1,Till,15-Apr,26:13:00,560,1-Feb,560,Aerial Solid,None,4398
3,Till,15-Apr,26:13:00,560,1-Feb,560,Aerial Solid,None,4399
5,Till,15-Apr,26:13:00,560,1-Feb,560,Aerial Solid,None,4400
0,Till,1-Apr,28:10:10,560,1-Feb,560,Aerial Solid,None,4401
1,Till,1-Apr,28:10:10,560,1-Feb,560,Aerial Solid,None,4402
3,Till,1-Apr,28:10:10,560,1-Feb,560,Aerial Solid,None,4403
5,Till,1-Apr,28:10:10,560,1-Feb,560,Aerial Solid,None,4404
0,Till,15-Apr,28:10:10,560,1-Feb,560,Aerial Solid,None,4405
1,Till,15-Apr,28:10:10,560,1-Feb,560,Aerial Solid,None,4406
3,Till,15-Apr,28:10:10,560,1-Feb,560,Aerial Solid,None,4407
5,Till,15-Apr,28:10:10,560,1-Feb,560,Aerial Solid,None,4408
0,Till,1-Apr,Dairy Manure,560,1-Feb,560,Aerial Solid,None,4409
1,Till,1-Apr,Dairy Manure,560,1-Feb,560,Aerial Solid,None,4410
3,Till,1-Apr,Dairy Manure,560,1-Feb,560,Aerial Solid,None,4411
5,Till,1-Apr,Dairy Manure,560,1-Feb,560,Aerial Solid,None,4412
0,Till,15-Apr,Dairy Manure,560,1-Feb,560,Aerial Solid,None,4413
1,Till,15-Apr,Dairy Manure,560,1-Feb,560,Aerial Solid,None,4414
3,Till,15-Apr,Dairy Manure,560,1-Feb,560,Aerial Solid,None,4415
5,Till,15-Apr,Dairy Manure,560,1-Feb,560,Aerial Solid,None,4416
0,Till,1-Apr,26:13:00,1120,1-Feb,560,Aerial Solid,None,4417
1,Till,1-Apr,26:13:00,1120,1-Feb,560,Aerial Solid,None,4418
3,Till,1-Apr,26:13:00,1120,1-Feb,560,Aerial Solid,None,4419
5,Till,1-Apr,26:13:00,1120,1-Feb,560,Aerial Solid,None,4420
0,Till,15-Apr,26:13:00,1120,1-Feb,560,Aerial Solid,None,4421
1,Till,15-Apr,26:13:00,1120,1-Feb,560,Aerial Solid,None,4422
3,Till,15-Apr,26:13:00,1120,1-Feb,560,Aerial Solid,None,4423
5,Till,15-Apr,26:13:00,1120,1-Feb,560,Aerial Solid,None,4424
0,Till,1-Apr,28:10:10,1120,1-Feb,560,Aerial Solid,None,4425
1,Till,1-Apr,28:10:10,1120,1-Feb,560,Aerial Solid,None,4426
3,Till,1-Apr,28:10:10,1120,1-Feb,560,Aerial Solid,None,4427
5,Till,1-Apr,28:10:10,1120,1-Feb,560,Aerial Solid,None,4428
0,Till,15-Apr,28:10:10,1120,1-Feb,560,Aerial Solid,None,4429
1,Till,15-Apr,28:10:10,1120,1-Feb,560,Aerial Solid,None,4430
3,Till,15-Apr,28:10:10,1120,1-Feb,560,Aerial Solid,None,4431
5,Till,15-Apr,28:10:10,1120,1-Feb,560,Aerial Solid,None,4432
0,Till,1-Apr,Dairy Manure,1120,1-Feb,560,Aerial Solid,None,4433
1,Till,1-Apr,Dairy Manure,1120,1-Feb,560,Aerial Solid,None,4434
3,Till,1-Apr,Dairy Manure,1120,1-Feb,560,Aerial Solid,None,4435
5,Till,1-Apr,Dairy Manure,1120,1-Feb,560,Aerial Solid,None,4436
0,Till,15-Apr,Dairy Manure,1120,1-Feb,560,Aerial Solid,None,4437
1,Till,15-Apr,Dairy Manure,1120,1-Feb,560,Aerial Solid,None,4438
3,Till,15-Apr,Dairy Manure,1120,1-Feb,560,Aerial Solid,None,4439
5,Till,15-Apr,Dairy Manure,1120,1-Feb,560,Aerial Solid,None,4440
0,Till,1-Apr,26:13:00,0,1-May,560,Aerial Solid,None,4441
1,Till,1-Apr,26:13:00,0,1-May,560,Aerial Solid,None,4442
3,Till,1-Apr,26:13:00,0,1-May,560,Aerial Solid,None,4443
5,Till,1-Apr,26:13:00,0,1-May,560,Aerial Solid,None,4444
0,Till,15-Apr,26:13:00,0,1-May,560,Aerial Solid,None,4445
1,Till,15-Apr,26:13:00,0,1-May,560,Aerial Solid,None,4446
3,Till,15-Apr,26:13:00,0,1-May,560,Aerial Solid,None,4447
5,Till,15-Apr,26:13:00,0,1-May,560,Aerial Solid,None,4448
0,Till,1-Apr,28:10:10,0,1-May,560,Aerial Solid,None,4449
1,Till,1-Apr,28:10:10,0,1-May,560,Aerial Solid,None,4450
3,Till,1-Apr,28:10:10,0,1-May,560,Aerial Solid,None,4451
5,Till,1-Apr,28:10:10,0,1-May,560,Aerial Solid,None,4452
0,Till,15-Apr,28:10:10,0,1-May,560,Aerial Solid,None,4453
1,Till,15-Apr,28:10:10,0,1-May,560,Aerial Solid,None,4454
3,Till,15-Apr,28:10:10,0,1-May,560,Aerial Solid,None,4455
5,Till,15-Apr,28:10:10,0,1-May,560,Aerial Solid,None,4456
0,Till,1-Apr,Dairy Manure,0,1-May,560,Aerial Solid,None,4457
1,Till,1-Apr,Dairy Manure,0,1-May,560,Aerial Solid,None,4458
3,Till,1-Apr,Dairy Manure,0,1-May,560,Aerial Solid,None,4459
5,Till,1-Apr,Dairy Manure,0,1-May,560,Aerial Solid,None,4460
0,Till,15-Apr,Dairy Manure,0,1-May,560,Aerial Solid,None,4461
1,Till,15-Apr,Dairy Manure,0,1-May,560,Aerial Solid,None,4462
3,Till,15-Apr,Dairy Manure,0,1-May,560,Aerial Solid,None,4463
5,Till,15-Apr,Dairy Manure,0,1-May,560,Aerial Solid,None,4464
0,Till,1-Apr,26:13:00,140,1-May,560,Aerial Solid,None,4465
1,Till,1-Apr,26:13:00,140,1-May,560,Aerial Solid,None,4466
3,Till,1-Apr,26:13:00,140,1-May,560,Aerial Solid,None,4467
5,Till,1-Apr,26:13:00,140,1-May,560,Aerial Solid,None,4468
0,Till,15-Apr,26:13:00,140,1-May,560,Aerial Solid,None,4469
1,Till,15-Apr,26:13:00,140,1-May,560,Aerial Solid,None,4470
3,Till,15-Apr,26:13:00,140,1-May,560,Aerial Solid,None,4471
5,Till,15-Apr,26:13:00,140,1-May,560,Aerial Solid,None,4472
0,Till,1-Apr,28:10:10,140,1-May,560,Aerial Solid,None,4473
1,Till,1-Apr,28:10:10,140,1-May,560,Aerial Solid,None,4474
3,Till,1-Apr,28:10:10,140,1-May,560,Aerial Solid,None,4475
5,Till,1-Apr,28:10:10,140,1-May,560,Aerial Solid,None,4476
0,Till,15-Apr,28:10:10,140,1-May,560,Aerial Solid,None,4477
1,Till,15-Apr,28:10:10,140,1-May,560,Aerial Solid,None,4478
3,Till,15-Apr,28:10:10,140,1-May,560,Aerial Solid,None,4479
5,Till,15-Apr,28:10:10,140,1-May,560,Aerial Solid,None,4480
0,Till,1-Apr,Dairy Manure,140,1-May,560,Aerial Solid,None,4481
1,Till,1-Apr,Dairy Manure,140,1-May,560,Aerial Solid,None,4482
3,Till,1-Apr,Dairy Manure,140,1-May,560,Aerial Solid,None,4483
5,Till,1-Apr,Dairy Manure,140,1-May,560,Aerial Solid,None,4484
0,Till,15-Apr,Dairy Manure,140,1-May,560,Aerial Solid,None,4485
1,Till,15-Apr,Dairy Manure,140,1-May,560,Aerial Solid,None,4486
3,Till,15-Apr,Dairy Manure,140,1-May,560,Aerial Solid,None,4487
5,Till,15-Apr,Dairy Manure,140,1-May,560,Aerial Solid,None,4488
0,Till,1-Apr,26:13:00,280,1-May,560,Aerial Solid,None,4489
1,Till,1-Apr,26:13:00,280,1-May,560,Aerial Solid,None,4490
3,Till,1-Apr,26:13:00,280,1-May,560,Aerial Solid,None,4491
5,Till,1-Apr,26:13:00,280,1-May,560,Aerial Solid,None,4492
0,Till,15-Apr,26:13:00,280,1-May,560,Aerial Solid,None,4493
1,Till,15-Apr,26:13:00,280,1-May,560,Aerial Solid,None,4494
3,Till,15-Apr,26:13:00,280,1-May,560,Aerial Solid,None,4495
5,Till,15-Apr,26:13:00,280,1-May,560,Aerial Solid,None,4496
0,Till,1-Apr,28:10:10,280,1-May,560,Aerial Solid,None,4497
1,Till,1-Apr,28:10:10,280,1-May,560,Aerial Solid,None,4498
3,Till,1-Apr,28:10:10,280,1-May,560,Aerial Solid,None,4499
5,Till,1-Apr,28:10:10,280,1-May,560,Aerial Solid,None,4500
0,Till,15-Apr,28:10:10,280,1-May,560,Aerial Solid,None,4501
1,Till,15-Apr,28:10:10,280,1-May,560,Aerial Solid,None,4502
3,Till,15-Apr,28:10:10,280,1-May,560,Aerial Solid,None,4503
5,Till,15-Apr,28:10:10,280,1-May,560,Aerial Solid,None,4504
0,Till,1-Apr,Dairy Manure,280,1-May,560,Aerial Solid,None,4505
1,Till,1-Apr,Dairy Manure,280,1-May,560,Aerial Solid,None,4506
3,Till,1-Apr,Dairy Manure,280,1-May,560,Aerial Solid,None,4507
5,Till,1-Apr,Dairy Manure,280,1-May,560,Aerial Solid,None,4508
0,Till,15-Apr,Dairy Manure,280,1-May,560,Aerial Solid,None,4509
1,Till,15-Apr,Dairy Manure,280,1-May,560,Aerial Solid,None,4510
3,Till,15-Apr,Dairy Manure,280,1-May,560,Aerial Solid,None,4511
5,Till,15-Apr,Dairy Manure,280,1-May,560,Aerial Solid,None,4512
0,Till,1-Apr,26:13:00,560,1-May,560,Aerial Solid,None,4513
1,Till,1-Apr,26:13:00,560,1-May,560,Aerial Solid,None,4514
3,Till,1-Apr,26:13:00,560,1-May,560,Aerial Solid,None,4515
5,Till,1-Apr,26:13:00,560,1-May,560,Aerial Solid,None,4516
0,Till,15-Apr,26:13:00,560,1-May,560,Aerial Solid,None,4517
1,Till,15-Apr,26:13:00,560,1-May,560,Aerial Solid,None,4518
3,Till,15-Apr,26:13:00,560,1-May,560,Aerial Solid,None,4519
5,Till,15-Apr,26:13:00,560,1-May,560,Aerial Solid,None,4520
0,Till,1-Apr,28:10:10,560,1-May,560,Aerial Solid,None,4521
1,Till,1-Apr,28:10:10,560,1-May,560,Aerial Solid,None,4522
3,Till,1-Apr,28:10:10,560,1-May,560,Aerial Solid,None,4523
5,Till,1-Apr,28:10:10,560,1-May,560,Aerial Solid,None,4524
0,Till,15-Apr,28:10:10,560,1-May,560,Aerial Solid,None,4525
1,Till,15-Apr,28:10:10,560,1-May,560,Aerial Solid,None,4526
3,Till,15-Apr,28:10:10,560,1-May,560,Aerial Solid,None,4527
5,Till,15-Apr,28:10:10,560,1-May,560,Aerial Solid,None,4528
0,Till,1-Apr,Dairy Manure,560,1-May,560,Aerial Solid,None,4529
1,Till,1-Apr,Dairy Manure,560,1-May,560,Aerial Solid,None,4530
3,Till,1-Apr,Dairy Manure,560,1-May,560,Aerial Solid,None,4531
5,Till,1-Apr,Dairy Manure,560,1-May,560,Aerial Solid,None,4532
0,Till,15-Apr,Dairy Manure,560,1-May,560,Aerial Solid,None,4533
1,Till,15-Apr,Dairy Manure,560,1-May,560,Aerial Solid,None,4534
3,Till,15-Apr,Dairy Manure,560,1-May,560,Aerial Solid,None,4535
5,Till,15-Apr,Dairy Manure,560,1-May,560,Aerial Solid,None,4536
0,Till,1-Apr,26:13:00,1120,1-May,560,Aerial Solid,None,4537
1,Till,1-Apr,26:13:00,1120,1-May,560,Aerial Solid,None,4538
3,Till,1-Apr,26:13:00,1120,1-May,560,Aerial Solid,None,4539
5,Till,1-Apr,26:13:00,1120,1-May,560,Aerial Solid,None,4540
0,Till,15-Apr,26:13:00,1120,1-May,560,Aerial Solid,None,4541
1,Till,15-Apr,26:13:00,1120,1-May,560,Aerial Solid,None,4542
3,Till,15-Apr,26:13:00,1120,1-May,560,Aerial Solid,None,4543
5,Till,15-Apr,26:13:00,1120,1-May,560,Aerial Solid,None,4544
0,Till,1-Apr,28:10:10,1120,1-May,560,Aerial Solid,None,4545
1,Till,1-Apr,28:10:10,1120,1-May,560,Aerial Solid,None,4546
3,Till,1-Apr,28:10:10,1120,1-May,560,Aerial Solid,None,4547
5,Till,1-Apr,28:10:10,1120,1-May,560,Aerial Solid,None,4548
0,Till,15-Apr,28:10:10,1120,1-May,560,Aerial Solid,None,4549
1,Till,15-Apr,28:10:10,1120,1-May,560,Aerial Solid,None,4550
3,Till,15-Apr,28:10:10,1120,1-May,560,Aerial Solid,None,4551
5,Till,15-Apr,28:10:10,1120,1-May,560,Aerial Solid,None,4552
0,Till,1-Apr,Dairy Manure,1120,1-May,560,Aerial Solid,None,4553
1,Till,1-Apr,Dairy Manure,1120,1-May,560,Aerial Solid,None,4554
3,Till,1-Apr,Dairy Manure,1120,1-May,560,Aerial Solid,None,4555
5,Till,1-Apr,Dairy Manure,1120,1-May,560,Aerial Solid,None,4556
0,Till,15-Apr,Dairy Manure,1120,1-May,560,Aerial Solid,None,4557
1,Till,15-Apr,Dairy Manure,1120,1-May,560,Aerial Solid,None,4558
3,Till,15-Apr,Dairy Manure,1120,1-May,560,Aerial Solid,None,4559
5,Till,15-Apr,Dairy Manure,1120,1-May,560,Aerial Solid,None,4560
0,Till,1-Apr,26:13:00,0,1-Feb,1120,Aerial Solid,None,4561
1,Till,1-Apr,26:13:00,0,1-Feb,1120,Aerial Solid,None,4562
3,Till,1-Apr,26:13:00,0,1-Feb,1120,Aerial Solid,None,4563
5,Till,1-Apr,26:13:00,0,1-Feb,1120,Aerial Solid,None,4564
0,Till,15-Apr,26:13:00,0,1-Feb,1120,Aerial Solid,None,4565
1,Till,15-Apr,26:13:00,0,1-Feb,1120,Aerial Solid,None,4566
3,Till,15-Apr,26:13:00,0,1-Feb,1120,Aerial Solid,None,4567
5,Till,15-Apr,26:13:00,0,1-Feb,1120,Aerial Solid,None,4568
0,Till,1-Apr,28:10:10,0,1-Feb,1120,Aerial Solid,None,4569
1,Till,1-Apr,28:10:10,0,1-Feb,1120,Aerial Solid,None,4570
3,Till,1-Apr,28:10:10,0,1-Feb,1120,Aerial Solid,None,4571
5,Till,1-Apr,28:10:10,0,1-Feb,1120,Aerial Solid,None,4572
0,Till,15-Apr,28:10:10,0,1-Feb,1120,Aerial Solid,None,4573
1,Till,15-Apr,28:10:10,0,1-Feb,1120,Aerial Solid,None,4574
3,Till,15-Apr,28:10:10,0,1-Feb,1120,Aerial Solid,None,4575
5,Till,15-Apr,28:10:10,0,1-Feb,1120,Aerial Solid,None,4576
0,Till,1-Apr,Dairy Manure,0,1-Feb,1120,Aerial Solid,None,4577
1,Till,1-Apr,Dairy Manure,0,1-Feb,1120,Aerial Solid,None,4578
3,Till,1-Apr,Dairy Manure,0,1-Feb,1120,Aerial Solid,None,4579
5,Till,1-Apr,Dairy Manure,0,1-Feb,1120,Aerial Solid,None,4580
0,Till,15-Apr,Dairy Manure,0,1-Feb,1120,Aerial Solid,None,4581
1,Till,15-Apr,Dairy Manure,0,1-Feb,1120,Aerial Solid,None,4582
3,Till,15-Apr,Dairy Manure,0,1-Feb,1120,Aerial Solid,None,4583
5,Till,15-Apr,Dairy Manure,0,1-Feb,1120,Aerial Solid,None,4584
0,Till,1-Apr,26:13:00,140,1-Feb,1120,Aerial Solid,None,4585
1,Till,1-Apr,26:13:00,140,1-Feb,1120,Aerial Solid,None,4586
3,Till,1-Apr,26:13:00,140,1-Feb,1120,Aerial Solid,None,4587
5,Till,1-Apr,26:13:00,140,1-Feb,1120,Aerial Solid,None,4588
0,Till,15-Apr,26:13:00,140,1-Feb,1120,Aerial Solid,None,4589
1,Till,15-Apr,26:13:00,140,1-Feb,1120,Aerial Solid,None,4590
3,Till,15-Apr,26:13:00,140,1-Feb,1120,Aerial Solid,None,4591
5,Till,15-Apr,26:13:00,140,1-Feb,1120,Aerial Solid,None,4592
0,Till,1-Apr,28:10:10,140,1-Feb,1120,Aerial Solid,None,4593
1,Till,1-Apr,28:10:10,140,1-Feb,1120,Aerial Solid,None,4594
3,Till,1-Apr,28:10:10,140,1-Feb,1120,Aerial Solid,None,4595
5,Till,1-Apr,28:10:10,140,1-Feb,1120,Aerial Solid,None,4596
0,Till,15-Apr,28:10:10,140,1-Feb,1120,Aerial Solid,None,4597
1,Till,15-Apr,28:10:10,140,1-Feb,1120,Aerial Solid,None,4598
3,Till,15-Apr,28:10:10,140,1-Feb,1120,Aerial Solid,None,4599
5,Till,15-Apr,28:10:10,140,1-Feb,1120,Aerial Solid,None,4600
0,Till,1-Apr,Dairy Manure,140,1-Feb,1120,Aerial Solid,None,4601
1,Till,1-Apr,Dairy Manure,140,1-Feb,1120,Aerial Solid,None,4602
3,Till,1-Apr,Dairy Manure,140,1-Feb,1120,Aerial Solid,None,4603
5,Till,1-Apr,Dairy Manure,140,1-Feb,1120,Aerial Solid,None,4604
0,Till,15-Apr,Dairy Manure,140,1-Feb,1120,Aerial Solid,None,4605
1,Till,15-Apr,Dairy Manure,140,1-Feb,1120,Aerial Solid,None,4606
3,Till,15-Apr,Dairy Manure,140,1-Feb,1120,Aerial Solid,None,4607
5,Till,15-Apr,Dairy Manure,140,1-Feb,1120,Aerial Solid,None,4608
0,Till,1-Apr,26:13:00,280,1-Feb,1120,Aerial Solid,None,4609
1,Till,1-Apr,26:13:00,280,1-Feb,1120,Aerial Solid,None,4610
3,Till,1-Apr,26:13:00,280,1-Feb,1120,Aerial Solid,None,4611
5,Till,1-Apr,26:13:00,280,1-Feb,1120,Aerial Solid,None,4612
0,Till,15-Apr,26:13:00,280,1-Feb,1120,Aerial Solid,None,4613
1,Till,15-Apr,26:13:00,280,1-Feb,1120,Aerial Solid,None,4614
3,Till,15-Apr,26:13:00,280,1-Feb,1120,Aerial Solid,None,4615
5,Till,15-Apr,26:13:00,280,1-Feb,1120,Aerial Solid,None,4616
0,Till,1-Apr,28:10:10,280,1-Feb,1120,Aerial Solid,None,4617
1,Till,1-Apr,28:10:10,280,1-Feb,1120,Aerial Solid,None,4618
3,Till,1-Apr,28:10:10,280,1-Feb,1120,Aerial Solid,None,4619
5,Till,1-Apr,28:10:10,280,1-Feb,1120,Aerial Solid,None,4620
0,Till,15-Apr,28:10:10,280,1-Feb,1120,Aerial Solid,None,4621
1,Till,15-Apr,28:10:10,280,1-Feb,1120,Aerial Solid,None,4622
3,Till,15-Apr,28:10:10,280,1-Feb,1120,Aerial Solid,None,4623
5,Till,15-Apr,28:10:10,280,1-Feb,1120,Aerial Solid,None,4624
0,Till,1-Apr,Dairy Manure,280,1-Feb,1120,Aerial Solid,None,4625
1,Till,1-Apr,Dairy Manure,280,1-Feb,1120,Aerial Solid,None,4626
3,Till,1-Apr,Dairy Manure,280,1-Feb,1120,Aerial Solid,None,4627
5,Till,1-Apr,Dairy Manure,280,1-Feb,1120,Aerial Solid,None,4628
0,Till,15-Apr,Dairy Manure,280,1-Feb,1120,Aerial Solid,None,4629
1,Till,15-Apr,Dairy Manure,280,1-Feb,1120,Aerial Solid,None,4630
3,Till,15-Apr,Dairy Manure,280,1-Feb,1120,Aerial Solid,None,4631
5,Till,15-Apr,Dairy Manure,280,1-Feb,1120,Aerial Solid,None,4632
0,Till,1-Apr,26:13:00,560,1-Feb,1120,Aerial Solid,None,4633
1,Till,1-Apr,26:13:00,560,1-Feb,1120,Aerial Solid,None,4634
3,Till,1-Apr,26:13:00,560,1-Feb,1120,Aerial Solid,None,4635
5,Till,1-Apr,26:13:00,560,1-Feb,1120,Aerial Solid,None,4636
0,Till,15-Apr,26:13:00,560,1-Feb,1120,Aerial Solid,None,4637
1,Till,15-Apr,26:13:00,560,1-Feb,1120,Aerial Solid,None,4638
3,Till,15-Apr,26:13:00,560,1-Feb,1120,Aerial Solid,None,4639
5,Till,15-Apr,26:13:00,560,1-Feb,1120,Aerial Solid,None,4640
0,Till,1-Apr,28:10:10,560,1-Feb,1120,Aerial Solid,None,4641
1,Till,1-Apr,28:10:10,560,1-Feb,1120,Aerial Solid,None,4642
3,Till,1-Apr,28:10:10,560,1-Feb,1120,Aerial Solid,None,4643
5,Till,1-Apr,28:10:10,560,1-Feb,1120,Aerial Solid,None,4644
0,Till,15-Apr,28:10:10,560,1-Feb,1120,Aerial Solid,None,4645
1,Till,15-Apr,28:10:10,560,1-Feb,1120,Aerial Solid,None,4646
3,Till,15-Apr,28:10:10,560,1-Feb,1120,Aerial Solid,None,4647
5,Till,15-Apr,28:10:10,560,1-Feb,1120,Aerial Solid,None,4648
0,Till,1-Apr,Dairy Manure,560,1-Feb,1120,Aerial Solid,None,4649
1,Till,1-Apr,Dairy Manure,560,1-Feb,1120,Aerial Solid,None,4650
3,Till,1-Apr,Dairy Manure,560,1-Feb,1120,Aerial Solid,None,4651
5,Till,1-Apr,Dairy Manure,560,1-Feb,1120,Aerial Solid,None,4652
0,Till,15-Apr,Dairy Manure,560,1-Feb,1120,Aerial Solid,None,4653
1,Till,15-Apr,Dairy Manure,560,1-Feb,1120,Aerial Solid,None,4654
3,Till,15-Apr,Dairy Manure,560,1-Feb,1120,Aerial Solid,None,4655
5,Till,15-Apr,Dairy Manure,560,1-Feb,1120,Aerial Solid,None,4656
0,Till,1-Apr,26:13:00,1120,1-Feb,1120,Aerial Solid,None,4657
1,Till,1-Apr,26:13:00,1120,1-Feb,1120,Aerial Solid,None,4658
3,Till,1-Apr,26:13:00,1120,1-Feb,1120,Aerial Solid,None,4659
5,Till,1-Apr,26:13:00,1120,1-Feb,1120,Aerial Solid,None,4660
0,Till,15-Apr,26:13:00,1120,1-Feb,1120,Aerial Solid,None,4661
1,Till,15-Apr,26:13:00,1120,1-Feb,1120,Aerial Solid,None,4662
3,Till,15-Apr,26:13:00,1120,1-Feb,1120,Aerial Solid,None,4663
5,Till,15-Apr,26:13:00,1120,1-Feb,1120,Aerial Solid,None,4664
0,Till,1-Apr,28:10:10,1120,1-Feb,1120,Aerial Solid,None,4665
1,Till,1-Apr,28:10:10,1120,1-Feb,1120,Aerial Solid,None,4666
3,Till,1-Apr,28:10:10,1120,1-Feb,1120,Aerial Solid,None,4667
5,Till,1-Apr,28:10:10,1120,1-Feb,1120,Aerial Solid,None,4668
0,Till,15-Apr,28:10:10,1120,1-Feb,1120,Aerial Solid,None,4669
1,Till,15-Apr,28:10:10,1120,1-Feb,1120,Aerial Solid,None,4670
3,Till,15-Apr,28:10:10,1120,1-Feb,1120,Aerial Solid,None,4671
5,Till,15-Apr,28:10:10,1120,1-Feb,1120,Aerial Solid,None,4672
0,Till,1-Apr,Dairy Manure,1120,1-Feb,1120,Aerial Solid,None,4673
1,Till,1-Apr,Dairy Manure,1120,1-Feb,1120,Aerial Solid,None,4674
3,Till,1-Apr,Dairy Manure,1120,1-Feb,1120,Aerial Solid,None,4675
5,Till,1-Apr,Dairy Manure,1120,1-Feb,1120,Aerial Solid,None,4676
0,Till,15-Apr,Dairy Manure,1120,1-Feb,1120,Aerial Solid,None,4677
1,Till,15-Apr,Dairy Manure,1120,1-Feb,1120,Aerial Solid,None,4678
3,Till,15-Apr,Dairy Manure,1120,1-Feb,1120,Aerial Solid,None,4679
5,Till,15-Apr,Dairy Manure,1120,1-Feb,1120,Aerial Solid,None,4680
0,Till,1-Apr,26:13:00,0,1-May,1120,Aerial Solid,None,4681
1,Till,1-Apr,26:13:00,0,1-May,1120,Aerial Solid,None,4682
3,Till,1-Apr,26:13:00,0,1-May,1120,Aerial Solid,None,4683
5,Till,1-Apr,26:13:00,0,1-May,1120,Aerial Solid,None,4684
0,Till,15-Apr,26:13:00,0,1-May,1120,Aerial Solid,None,4685
1,Till,15-Apr,26:13:00,0,1-May,1120,Aerial Solid,None,4686
3,Till,15-Apr,26:13:00,0,1-May,1120,Aerial Solid,None,4687
5,Till,15-Apr,26:13:00,0,1-May,1120,Aerial Solid,None,4688
0,Till,1-Apr,28:10:10,0,1-May,1120,Aerial Solid,None,4689
1,Till,1-Apr,28:10:10,0,1-May,1120,Aerial Solid,None,4690
3,Till,1-Apr,28:10:10,0,1-May,1120,Aerial Solid,None,4691
5,Till,1-Apr,28:10:10,0,1-May,1120,Aerial Solid,None,4692
0,Till,15-Apr,28:10:10,0,1-May,1120,Aerial Solid,None,4693
1,Till,15-Apr,28:10:10,0,1-May,1120,Aerial Solid,None,4694
3,Till,15-Apr,28:10:10,0,1-May,1120,Aerial Solid,None,4695
5,Till,15-Apr,28:10:10,0,1-May,1120,Aerial Solid,None,4696
0,Till,1-Apr,Dairy Manure,0,1-May,1120,Aerial Solid,None,4697
1,Till,1-Apr,Dairy Manure,0,1-May,1120,Aerial Solid,None,4698
3,Till,1-Apr,Dairy Manure,0,1-May,1120,Aerial Solid,None,4699
5,Till,1-Apr,Dairy Manure,0,1-May,1120,Aerial Solid,None,4700
0,Till,15-Apr,Dairy Manure,0,1-May,1120,Aerial Solid,None,4701
1,Till,15-Apr,Dairy Manure,0,1-May,1120,Aerial Solid,None,4702
3,Till,15-Apr,Dairy Manure,0,1-May,1120,Aerial Solid,None,4703
5,Till,15-Apr,Dairy Manure,0,1-May,1120,Aerial Solid,None,4704
0,Till,1-Apr,26:13:00,140,1-May,1120,Aerial Solid,None,4705
1,Till,1-Apr,26:13:00,140,1-May,1120,Aerial Solid,None,4706
3,Till,1-Apr,26:13:00,140,1-May,1120,Aerial Solid,None,4707
5,Till,1-Apr,26:13:00,140,1-May,1120,Aerial Solid,None,4708
0,Till,15-Apr,26:13:00,140,1-May,1120,Aerial Solid,None,4709
1,Till,15-Apr,26:13:00,140,1-May,1120,Aerial Solid,None,4710
3,Till,15-Apr,26:13:00,140,1-May,1120,Aerial Solid,None,4711
5,Till,15-Apr,26:13:00,140,1-May,1120,Aerial Solid,None,4712
0,Till,1-Apr,28:10:10,140,1-May,1120,Aerial Solid,None,4713
1,Till,1-Apr,28:10:10,140,1-May,1120,Aerial Solid,None,4714
3,Till,1-Apr,28:10:10,140,1-May,1120,Aerial Solid,None,4715
5,Till,1-Apr,28:10:10,140,1-May,1120,Aerial Solid,None,4716
0,Till,15-Apr,28:10:10,140,1-May,1120,Aerial Solid,None,4717
1,Till,15-Apr,28:10:10,140,1-May,1120,Aerial Solid,None,4718
3,Till,15-Apr,28:10:10,140,1-May,1120,Aerial Solid,None,4719
5,Till,15-Apr,28:10:10,140,1-May,1120,Aerial Solid,None,4720
0,Till,1-Apr,Dairy Manure,140,1-May,1120,Aerial Solid,None,4721
1,Till,1-Apr,Dairy Manure,140,1-May,1120,Aerial Solid,None,4722
3,Till,1-Apr,Dairy Manure,140,1-May,1120,Aerial Solid,None,4723
5,Till,1-Apr,Dairy Manure,140,1-May,1120,Aerial Solid,None,4724
0,Till,15-Apr,Dairy Manure,140,1-May,1120,Aerial Solid,None,4725
1,Till,15-Apr,Dairy Manure,140,1-May,1120,Aerial Solid,None,4726
3,Till,15-Apr,Dairy Manure,140,1-May,1120,Aerial Solid,None,4727
5,Till,15-Apr,Dairy Manure,140,1-May,1120,Aerial Solid,None,4728
0,Till,1-Apr,26:13:00,280,1-May,1120,Aerial Solid,None,4729
1,Till,1-Apr,26:13:00,280,1-May,1120,Aerial Solid,None,4730
3,Till,1-Apr,26:13:00,280,1-May,1120,Aerial Solid,None,4731
5,Till,1-Apr,26:13:00,280,1-May,1120,Aerial Solid,None,4732
0,Till,15-Apr,26:13:00,280,1-May,1120,Aerial Solid,None,4733
1,Till,15-Apr,26:13:00,280,1-May,1120,Aerial Solid,None,4734
3,Till,15-Apr,26:13:00,280,1-May,1120,Aerial Solid,None,4735
5,Till,15-Apr,26:13:00,280,1-May,1120,Aerial Solid,None,4736
0,Till,1-Apr,28:10:10,280,1-May,1120,Aerial Solid,None,4737
1,Till,1-Apr,28:10:10,280,1-May,1120,Aerial Solid,None,4738
3,Till,1-Apr,28:10:10,280,1-May,1120,Aerial Solid,None,4739
5,Till,1-Apr,28:10:10,280,1-May,1120,Aerial Solid,None,4740
0,Till,15-Apr,28:10:10,280,1-May,1120,Aerial Solid,None,4741
1,Till,15-Apr,28:10:10,280,1-May,1120,Aerial Solid,None,4742
3,Till,15-Apr,28:10:10,280,1-May,1120,Aerial Solid,None,4743
5,Till,15-Apr,28:10:10,280,1-May,1120,Aerial Solid,None,4744
0,Till,1-Apr,Dairy Manure,280,1-May,1120,Aerial Solid,None,4745
1,Till,1-Apr,Dairy Manure,280,1-May,1120,Aerial Solid,None,4746
3,Till,1-Apr,Dairy Manure,280,1-May,1120,Aerial Solid,None,4747
5,Till,1-Apr,Dairy Manure,280,1-May,1120,Aerial Solid,None,4748
0,Till,15-Apr,Dairy Manure,280,1-May,1120,Aerial Solid,None,4749
1,Till,15-Apr,Dairy Manure,280,1-May,1120,Aerial Solid,None,4750
3,Till,15-Apr,Dairy Manure,280,1-May,1120,Aerial Solid,None,4751
5,Till,15-Apr,Dairy Manure,280,1-May,1120,Aerial Solid,None,4752
0,Till,1-Apr,26:13:00,560,1-May,1120,Aerial Solid,None,4753
1,Till,1-Apr,26:13:00,560,1-May,1120,Aerial Solid,None,4754
3,Till,1-Apr,26:13:00,560,1-May,1120,Aerial Solid,None,4755
5,Till,1-Apr,26:13:00,560,1-May,1120,Aerial Solid,None,4756
0,Till,15-Apr,26:13:00,560,1-May,1120,Aerial Solid,None,4757
1,Till,15-Apr,26:13:00,560,1-May,1120,Aerial Solid,None,4758
3,Till,15-Apr,26:13:00,560,1-May,1120,Aerial Solid,None,4759
5,Till,15-Apr,26:13:00,560,1-May,1120,Aerial Solid,None,4760
0,Till,1-Apr,28:10:10,560,1-May,1120,Aerial Solid,None,4761
1,Till,1-Apr,28:10:10,560,1-May,1120,Aerial Solid,None,4762
3,Till,1-Apr,28:10:10,560,1-May,1120,Aerial Solid,None,4763
5,Till,1-Apr,28:10:10,560,1-May,1120,Aerial Solid,None,4764
0,Till,15-Apr,28:10:10,560,1-May,1120,Aerial Solid,None,4765
1,Till,15-Apr,28:10:10,560,1-May,1120,Aerial Solid,None,4766
3,Till,15-Apr,28:10:10,560,1-May,1120,Aerial Solid,None,4767
5,Till,15-Apr,28:10:10,560,1-May,1120,Aerial Solid,None,4768
0,Till,1-Apr,Dairy Manure,560,1-May,1120,Aerial Solid,None,4769
1,Till,1-Apr,Dairy Manure,560,1-May,1120,Aerial Solid,None,4770
3,Till,1-Apr,Dairy Manure,560,1-May,1120,Aerial Solid,None,4771
5,Till,1-Apr,Dairy Manure,560,1-May,1120,Aerial Solid,None,4772
0,Till,15-Apr,Dairy Manure,560,1-May,1120,Aerial Solid,None,4773
1,Till,15-Apr,Dairy Manure,560,1-May,1120,Aerial Solid,None,4774
3,Till,15-Apr,Dairy Manure,560,1-May,1120,Aerial Solid,None,4775
5,Till,15-Apr,Dairy Manure,560,1-May,1120,Aerial Solid,None,4776
0,Till,1-Apr,26:13:00,1120,1-May,1120,Aerial Solid,None,4777
1,Till,1-Apr,26:13:00,1120,1-May,1120,Aerial Solid,None,4778
3,Till,1-Apr,26:13:00,1120,1-May,1120,Aerial Solid,None,4779
5,Till,1-Apr,26:13:00,1120,1-May,1120,Aerial Solid,None,4780
0,Till,15-Apr,26:13:00,1120,1-May,1120,Aerial Solid,None,4781
1,Till,15-Apr,26:13:00,1120,1-May,1120,Aerial Solid,None,4782
3,Till,15-Apr,26:13:00,1120,1-May,1120,Aerial Solid,None,4783
5,Till,15-Apr,26:13:00,1120,1-May,1120,Aerial Solid,None,4784
0,Till,1-Apr,28:10:10,1120,1-May,1120,Aerial Solid,None,4785
1,Till,1-Apr,28:10:10,1120,1-May,1120,Aerial Solid,None,4786
3,Till,1-Apr,28:10:10,1120,1-May,1120,Aerial Solid,None,4787
5,Till,1-Apr,28:10:10,1120,1-May,1120,Aerial Solid,None,4788
0,Till,15-Apr,28:10:10,1120,1-May,1120,Aerial Solid,None,4789
1,Till,15-Apr,28:10:10,1120,1-May,1120,Aerial Solid,None,4790
3,Till,15-Apr,28:10:10,1120,1-May,1120,Aerial Solid,None,4791
5,Till,15-Apr,28:10:10,1120,1-May,1120,Aerial Solid,None,4792
0,Till,1-Apr,Dairy Manure,1120,1-May,1120,Aerial Solid,None,4793
1,Till,1-Apr,Dairy Manure,1120,1-May,1120,Aerial Solid,None,4794
3,Till,1-Apr,Dairy Manure,1120,1-May,1120,Aerial Solid,None,4795
5,Till,1-Apr,Dairy Manure,1120,1-May,1120,Aerial Solid,None,4796
0,Till,15-Apr,Dairy Manure,1120,1-May,1120,Aerial Solid,None,4797
1,Till,15-Apr,Dairy Manure,1120,1-May,1120,Aerial Solid,None,4798
3,Till,15-Apr,Dairy Manure,1120,1-May,1120,Aerial Solid,None,4799
5,Till,15-Apr,Dairy Manure,1120,1-May,1120,Aerial Solid,None,4800
0,No Till,NA,26:13:00,0,1-Feb,0,Injection,Winter Rye,4801
1,No Till,NA,26:13:00,0,1-Feb,0,Injection,Winter Rye,4802
3,No Till,NA,26:13:00,0,1-Feb,0,Injection,Winter Rye,4803
5,No Till,NA,26:13:00,0,1-Feb,0,Injection,Winter Rye,4804
0,No Till,NA,28:10:10,0,1-Feb,0,Injection,Winter Rye,4805
1,No Till,NA,28:10:10,0,1-Feb,0,Injection,Winter Rye,4806
3,No Till,NA,28:10:10,0,1-Feb,0,Injection,Winter Rye,4807
5,No Till,NA,28:10:10,0,1-Feb,0,Injection,Winter Rye,4808
0,No Till,NA,Dairy Manure,0,1-Feb,0,Injection,Winter Rye,4809
1,No Till,NA,Dairy Manure,0,1-Feb,0,Injection,Winter Rye,4810
3,No Till,NA,Dairy Manure,0,1-Feb,0,Injection,Winter Rye,4811
5,No Till,NA,Dairy Manure,0,1-Feb,0,Injection,Winter Rye,4812
0,No Till,NA,26:13:00,140,1-Feb,0,Injection,Winter Rye,4813
1,No Till,NA,26:13:00,140,1-Feb,0,Injection,Winter Rye,4814
3,No Till,NA,26:13:00,140,1-Feb,0,Injection,Winter Rye,4815
5,No Till,NA,26:13:00,140,1-Feb,0,Injection,Winter Rye,4816
0,No Till,NA,28:10:10,140,1-Feb,0,Injection,Winter Rye,4817
1,No Till,NA,28:10:10,140,1-Feb,0,Injection,Winter Rye,4818
3,No Till,NA,28:10:10,140,1-Feb,0,Injection,Winter Rye,4819
5,No Till,NA,28:10:10,140,1-Feb,0,Injection,Winter Rye,4820
0,No Till,NA,Dairy Manure,140,1-Feb,0,Injection,Winter Rye,4821
1,No Till,NA,Dairy Manure,140,1-Feb,0,Injection,Winter Rye,4822
3,No Till,NA,Dairy Manure,140,1-Feb,0,Injection,Winter Rye,4823
5,No Till,NA,Dairy Manure,140,1-Feb,0,Injection,Winter Rye,4824
0,No Till,NA,26:13:00,280,1-Feb,0,Injection,Winter Rye,4825
1,No Till,NA,26:13:00,280,1-Feb,0,Injection,Winter Rye,4826
3,No Till,NA,26:13:00,280,1-Feb,0,Injection,Winter Rye,4827
5,No Till,NA,26:13:00,280,1-Feb,0,Injection,Winter Rye,4828
0,No Till,NA,28:10:10,280,1-Feb,0,Injection,Winter Rye,4829
1,No Till,NA,28:10:10,280,1-Feb,0,Injection,Winter Rye,4830
3,No Till,NA,28:10:10,280,1-Feb,0,Injection,Winter Rye,4831
5,No Till,NA,28:10:10,280,1-Feb,0,Injection,Winter Rye,4832
0,No Till,NA,Dairy Manure,280,1-Feb,0,Injection,Winter Rye,4833
1,No Till,NA,Dairy Manure,280,1-Feb,0,Injection,Winter Rye,4834
3,No Till,NA,Dairy Manure,280,1-Feb,0,Injection,Winter Rye,4835
5,No Till,NA,Dairy Manure,280,1-Feb,0,Injection,Winter Rye,4836
0,No Till,NA,26:13:00,560,1-Feb,0,Injection,Winter Rye,4837
1,No Till,NA,26:13:00,560,1-Feb,0,Injection,Winter Rye,4838
3,No Till,NA,26:13:00,560,1-Feb,0,Injection,Winter Rye,4839
5,No Till,NA,26:13:00,560,1-Feb,0,Injection,Winter Rye,4840
0,No Till,NA,28:10:10,560,1-Feb,0,Injection,Winter Rye,4841
1,No Till,NA,28:10:10,560,1-Feb,0,Injection,Winter Rye,4842
3,No Till,NA,28:10:10,560,1-Feb,0,Injection,Winter Rye,4843
5,No Till,NA,28:10:10,560,1-Feb,0,Injection,Winter Rye,4844
0,No Till,NA,Dairy Manure,560,1-Feb,0,Injection,Winter Rye,4845
1,No Till,NA,Dairy Manure,560,1-Feb,0,Injection,Winter Rye,4846
3,No Till,NA,Dairy Manure,560,1-Feb,0,Injection,Winter Rye,4847
5,No Till,NA,Dairy Manure,560,1-Feb,0,Injection,Winter Rye,4848
0,No Till,NA,26:13:00,1120,1-Feb,0,Injection,Winter Rye,4849
1,No Till,NA,26:13:00,1120,1-Feb,0,Injection,Winter Rye,4850
3,No Till,NA,26:13:00,1120,1-Feb,0,Injection,Winter Rye,4851
5,No Till,NA,26:13:00,1120,1-Feb,0,Injection,Winter Rye,4852
0,No Till,NA,28:10:10,1120,1-Feb,0,Injection,Winter Rye,4853
1,No Till,NA,28:10:10,1120,1-Feb,0,Injection,Winter Rye,4854
3,No Till,NA,28:10:10,1120,1-Feb,0,Injection,Winter Rye,4855
5,No Till,NA,28:10:10,1120,1-Feb,0,Injection,Winter Rye,4856
0,No Till,NA,Dairy Manure,1120,1-Feb,0,Injection,Winter Rye,4857
1,No Till,NA,Dairy Manure,1120,1-Feb,0,Injection,Winter Rye,4858
3,No Till,NA,Dairy Manure,1120,1-Feb,0,Injection,Winter Rye,4859
5,No Till,NA,Dairy Manure,1120,1-Feb,0,Injection,Winter Rye,4860
0,No Till,NA,26:13:00,0,1-May,0,Injection,Winter Rye,4861
1,No Till,NA,26:13:00,0,1-May,0,Injection,Winter Rye,4862
3,No Till,NA,26:13:00,0,1-May,0,Injection,Winter Rye,4863
5,No Till,NA,26:13:00,0,1-May,0,Injection,Winter Rye,4864
0,No Till,NA,28:10:10,0,1-May,0,Injection,Winter Rye,4865
1,No Till,NA,28:10:10,0,1-May,0,Injection,Winter Rye,4866
3,No Till,NA,28:10:10,0,1-May,0,Injection,Winter Rye,4867
5,No Till,NA,28:10:10,0,1-May,0,Injection,Winter Rye,4868
0,No Till,NA,Dairy Manure,0,1-May,0,Injection,Winter Rye,4869
1,No Till,NA,Dairy Manure,0,1-May,0,Injection,Winter Rye,4870
3,No Till,NA,Dairy Manure,0,1-May,0,Injection,Winter Rye,4871
5,No Till,NA,Dairy Manure,0,1-May,0,Injection,Winter Rye,4872
0,No Till,NA,26:13:00,140,1-May,0,Injection,Winter Rye,4873
1,No Till,NA,26:13:00,140,1-May,0,Injection,Winter Rye,4874
3,No Till,NA,26:13:00,140,1-May,0,Injection,Winter Rye,4875
5,No Till,NA,26:13:00,140,1-May,0,Injection,Winter Rye,4876
0,No Till,NA,28:10:10,140,1-May,0,Injection,Winter Rye,4877
1,No Till,NA,28:10:10,140,1-May,0,Injection,Winter Rye,4878
3,No Till,NA,28:10:10,140,1-May,0,Injection,Winter Rye,4879
5,No Till,NA,28:10:10,140,1-May,0,Injection,Winter Rye,4880
0,No Till,NA,Dairy Manure,140,1-May,0,Injection,Winter Rye,4881
1,No Till,NA,Dairy Manure,140,1-May,0,Injection,Winter Rye,4882
3,No Till,NA,Dairy Manure,140,1-May,0,Injection,Winter Rye,4883
5,No Till,NA,Dairy Manure,140,1-May,0,Injection,Winter Rye,4884
0,No Till,NA,26:13:00,280,1-May,0,Injection,Winter Rye,4885
1,No Till,NA,26:13:00,280,1-May,0,Injection,Winter Rye,4886
3,No Till,NA,26:13:00,280,1-May,0,Injection,Winter Rye,4887
5,No Till,NA,26:13:00,280,1-May,0,Injection,Winter Rye,4888
0,No Till,NA,28:10:10,280,1-May,0,Injection,Winter Rye,4889
1,No Till,NA,28:10:10,280,1-May,0,Injection,Winter Rye,4890
3,No Till,NA,28:10:10,280,1-May,0,Injection,Winter Rye,4891
5,No Till,NA,28:10:10,280,1-May,0,Injection,Winter Rye,4892
0,No Till,NA,Dairy Manure,280,1-May,0,Injection,Winter Rye,4893
1,No Till,NA,Dairy Manure,280,1-May,0,Injection,Winter Rye,4894
3,No Till,NA,Dairy Manure,280,1-May,0,Injection,Winter Rye,4895
5,No Till,NA,Dairy Manure,280,1-May,0,Injection,Winter Rye,4896
0,No Till,NA,26:13:00,560,1-May,0,Injection,Winter Rye,4897
1,No Till,NA,26:13:00,560,1-May,0,Injection,Winter Rye,4898
3,No Till,NA,26:13:00,560,1-May,0,Injection,Winter Rye,4899
5,No Till,NA,26:13:00,560,1-May,0,Injection,Winter Rye,4900
0,No Till,NA,28:10:10,560,1-May,0,Injection,Winter Rye,4901
1,No Till,NA,28:10:10,560,1-May,0,Injection,Winter Rye,4902
3,No Till,NA,28:10:10,560,1-May,0,Injection,Winter Rye,4903
5,No Till,NA,28:10:10,560,1-May,0,Injection,Winter Rye,4904
0,No Till,NA,Dairy Manure,560,1-May,0,Injection,Winter Rye,4905
1,No Till,NA,Dairy Manure,560,1-May,0,Injection,Winter Rye,4906
3,No Till,NA,Dairy Manure,560,1-May,0,Injection,Winter Rye,4907
5,No Till,NA,Dairy Manure,560,1-May,0,Injection,Winter Rye,4908
0,No Till,NA,26:13:00,1120,1-May,0,Injection,Winter Rye,4909
1,No Till,NA,26:13:00,1120,1-May,0,Injection,Winter Rye,4910
3,No Till,NA,26:13:00,1120,1-May,0,Injection,Winter Rye,4911
5,No Till,NA,26:13:00,1120,1-May,0,Injection,Winter Rye,4912
0,No Till,NA,28:10:10,1120,1-May,0,Injection,Winter Rye,4913
1,No Till,NA,28:10:10,1120,1-May,0,Injection,Winter Rye,4914
3,No Till,NA,28:10:10,1120,1-May,0,Injection,Winter Rye,4915
5,No Till,NA,28:10:10,1120,1-May,0,Injection,Winter Rye,4916
0,No Till,NA,Dairy Manure,1120,1-May,0,Injection,Winter Rye,4917
1,No Till,NA,Dairy Manure,1120,1-May,0,Injection,Winter Rye,4918
3,No Till,NA,Dairy Manure,1120,1-May,0,Injection,Winter Rye,4919
5,No Till,NA,Dairy Manure,1120,1-May,0,Injection,Winter Rye,4920
0,No Till,NA,26:13:00,0,1-Feb,140,Injection,Winter Rye,4921
1,No Till,NA,26:13:00,0,1-Feb,140,Injection,Winter Rye,4922
3,No Till,NA,26:13:00,0,1-Feb,140,Injection,Winter Rye,4923
5,No Till,NA,26:13:00,0,1-Feb,140,Injection,Winter Rye,4924
0,No Till,NA,28:10:10,0,1-Feb,140,Injection,Winter Rye,4925
1,No Till,NA,28:10:10,0,1-Feb,140,Injection,Winter Rye,4926
3,No Till,NA,28:10:10,0,1-Feb,140,Injection,Winter Rye,4927
5,No Till,NA,28:10:10,0,1-Feb,140,Injection,Winter Rye,4928
0,No Till,NA,Dairy Manure,0,1-Feb,140,Injection,Winter Rye,4929
1,No Till,NA,Dairy Manure,0,1-Feb,140,Injection,Winter Rye,4930
3,No Till,NA,Dairy Manure,0,1-Feb,140,Injection,Winter Rye,4931
5,No Till,NA,Dairy Manure,0,1-Feb,140,Injection,Winter Rye,4932
0,No Till,NA,26:13:00,140,1-Feb,140,Injection,Winter Rye,4933
1,No Till,NA,26:13:00,140,1-Feb,140,Injection,Winter Rye,4934
3,No Till,NA,26:13:00,140,1-Feb,140,Injection,Winter Rye,4935
5,No Till,NA,26:13:00,140,1-Feb,140,Injection,Winter Rye,4936
0,No Till,NA,28:10:10,140,1-Feb,140,Injection,Winter Rye,4937
1,No Till,NA,28:10:10,140,1-Feb,140,Injection,Winter Rye,4938
3,No Till,NA,28:10:10,140,1-Feb,140,Injection,Winter Rye,4939
5,No Till,NA,28:10:10,140,1-Feb,140,Injection,Winter Rye,4940
0,No Till,NA,Dairy Manure,140,1-Feb,140,Injection,Winter Rye,4941
1,No Till,NA,Dairy Manure,140,1-Feb,140,Injection,Winter Rye,4942
3,No Till,NA,Dairy Manure,140,1-Feb,140,Injection,Winter Rye,4943
5,No Till,NA,Dairy Manure,140,1-Feb,140,Injection,Winter Rye,4944
0,No Till,NA,26:13:00,280,1-Feb,140,Injection,Winter Rye,4945
1,No Till,NA,26:13:00,280,1-Feb,140,Injection,Winter Rye,4946
3,No Till,NA,26:13:00,280,1-Feb,140,Injection,Winter Rye,4947
5,No Till,NA,26:13:00,280,1-Feb,140,Injection,Winter Rye,4948
0,No Till,NA,28:10:10,280,1-Feb,140,Injection,Winter Rye,4949
1,No Till,NA,28:10:10,280,1-Feb,140,Injection,Winter Rye,4950
3,No Till,NA,28:10:10,280,1-Feb,140,Injection,Winter Rye,4951
5,No Till,NA,28:10:10,280,1-Feb,140,Injection,Winter Rye,4952
0,No Till,NA,Dairy Manure,280,1-Feb,140,Injection,Winter Rye,4953
1,No Till,NA,Dairy Manure,280,1-Feb,140,Injection,Winter Rye,4954
3,No Till,NA,Dairy Manure,280,1-Feb,140,Injection,Winter Rye,4955
5,No Till,NA,Dairy Manure,280,1-Feb,140,Injection,Winter Rye,4956
0,No Till,NA,26:13:00,560,1-Feb,140,Injection,Winter Rye,4957
1,No Till,NA,26:13:00,560,1-Feb,140,Injection,Winter Rye,4958
3,No Till,NA,26:13:00,560,1-Feb,140,Injection,Winter Rye,4959
5,No Till,NA,26:13:00,560,1-Feb,140,Injection,Winter Rye,4960
0,No Till,NA,28:10:10,560,1-Feb,140,Injection,Winter Rye,4961
1,No Till,NA,28:10:10,560,1-Feb,140,Injection,Winter Rye,4962
3,No Till,NA,28:10:10,560,1-Feb,140,Injection,Winter Rye,4963
5,No Till,NA,28:10:10,560,1-Feb,140,Injection,Winter Rye,4964
0,No Till,NA,Dairy Manure,560,1-Feb,140,Injection,Winter Rye,4965
1,No Till,NA,Dairy Manure,560,1-Feb,140,Injection,Winter Rye,4966
3,No Till,NA,Dairy Manure,560,1-Feb,140,Injection,Winter Rye,4967
5,No Till,NA,Dairy Manure,560,1-Feb,140,Injection,Winter Rye,4968
0,No Till,NA,26:13:00,1120,1-Feb,140,Injection,Winter Rye,4969
1,No Till,NA,26:13:00,1120,1-Feb,140,Injection,Winter Rye,4970
3,No Till,NA,26:13:00,1120,1-Feb,140,Injection,Winter Rye,4971
5,No Till,NA,26:13:00,1120,1-Feb,140,Injection,Winter Rye,4972
0,No Till,NA,28:10:10,1120,1-Feb,140,Injection,Winter Rye,4973
1,No Till,NA,28:10:10,1120,1-Feb,140,Injection,Winter Rye,4974
3,No Till,NA,28:10:10,1120,1-Feb,140,Injection,Winter Rye,4975
5,No Till,NA,28:10:10,1120,1-Feb,140,Injection,Winter Rye,4976
0,No Till,NA,Dairy Manure,1120,1-Feb,140,Injection,Winter Rye,4977
1,No Till,NA,Dairy Manure,1120,1-Feb,140,Injection,Winter Rye,4978
3,No Till,NA,Dairy Manure,1120,1-Feb,140,Injection,Winter Rye,4979
5,No Till,NA,Dairy Manure,1120,1-Feb,140,Injection,Winter Rye,4980
0,No Till,NA,26:13:00,0,1-May,140,Injection,Winter Rye,4981
1,No Till,NA,26:13:00,0,1-May,140,Injection,Winter Rye,4982
3,No Till,NA,26:13:00,0,1-May,140,Injection,Winter Rye,4983
5,No Till,NA,26:13:00,0,1-May,140,Injection,Winter Rye,4984
0,No Till,NA,28:10:10,0,1-May,140,Injection,Winter Rye,4985
1,No Till,NA,28:10:10,0,1-May,140,Injection,Winter Rye,4986
3,No Till,NA,28:10:10,0,1-May,140,Injection,Winter Rye,4987
5,No Till,NA,28:10:10,0,1-May,140,Injection,Winter Rye,4988
0,No Till,NA,Dairy Manure,0,1-May,140,Injection,Winter Rye,4989
1,No Till,NA,Dairy Manure,0,1-May,140,Injection,Winter Rye,4990
3,No Till,NA,Dairy Manure,0,1-May,140,Injection,Winter Rye,4991
5,No Till,NA,Dairy Manure,0,1-May,140,Injection,Winter Rye,4992
0,No Till,NA,26:13:00,140,1-May,140,Injection,Winter Rye,4993
1,No Till,NA,26:13:00,140,1-May,140,Injection,Winter Rye,4994
3,No Till,NA,26:13:00,140,1-May,140,Injection,Winter Rye,4995
5,No Till,NA,26:13:00,140,1-May,140,Injection,Winter Rye,4996
0,No Till,NA,28:10:10,140,1-May,140,Injection,Winter Rye,4997
1,No Till,NA,28:10:10,140,1-May,140,Injection,Winter Rye,4998
3,No Till,NA,28:10:10,140,1-May,140,Injection,Winter Rye,4999
5,No Till,NA,28:10:10,140,1-May,140,Injection,Winter Rye,5000
0,No Till,NA,Dairy Manure,140,1-May,140,Injection,Winter Rye,5001
1,No Till,NA,Dairy Manure,140,1-May,140,Injection,Winter Rye,5002
3,No Till,NA,Dairy Manure,140,1-May,140,Injection,Winter Rye,5003
5,No Till,NA,Dairy Manure,140,1-May,140,Injection,Winter Rye,5004
0,No Till,NA,26:13:00,280,1-May,140,Injection,Winter Rye,5005
1,No Till,NA,26:13:00,280,1-May,140,Injection,Winter Rye,5006
3,No Till,NA,26:13:00,280,1-May,140,Injection,Winter Rye,5007
5,No Till,NA,26:13:00,280,1-May,140,Injection,Winter Rye,5008
0,No Till,NA,28:10:10,280,1-May,140,Injection,Winter Rye,5009
1,No Till,NA,28:10:10,280,1-May,140,Injection,Winter Rye,5010
3,No Till,NA,28:10:10,280,1-May,140,Injection,Winter Rye,5011
5,No Till,NA,28:10:10,280,1-May,140,Injection,Winter Rye,5012
0,No Till,NA,Dairy Manure,280,1-May,140,Injection,Winter Rye,5013
1,No Till,NA,Dairy Manure,280,1-May,140,Injection,Winter Rye,5014
3,No Till,NA,Dairy Manure,280,1-May,140,Injection,Winter Rye,5015
5,No Till,NA,Dairy Manure,280,1-May,140,Injection,Winter Rye,5016
0,No Till,NA,26:13:00,560,1-May,140,Injection,Winter Rye,5017
1,No Till,NA,26:13:00,560,1-May,140,Injection,Winter Rye,5018
3,No Till,NA,26:13:00,560,1-May,140,Injection,Winter Rye,5019
5,No Till,NA,26:13:00,560,1-May,140,Injection,Winter Rye,5020
0,No Till,NA,28:10:10,560,1-May,140,Injection,Winter Rye,5021
1,No Till,NA,28:10:10,560,1-May,140,Injection,Winter Rye,5022
3,No Till,NA,28:10:10,560,1-May,140,Injection,Winter Rye,5023
5,No Till,NA,28:10:10,560,1-May,140,Injection,Winter Rye,5024
0,No Till,NA,Dairy Manure,560,1-May,140,Injection,Winter Rye,5025
1,No Till,NA,Dairy Manure,560,1-May,140,Injection,Winter Rye,5026
3,No Till,NA,Dairy Manure,560,1-May,140,Injection,Winter Rye,5027
5,No Till,NA,Dairy Manure,560,1-May,140,Injection,Winter Rye,5028
0,No Till,NA,26:13:00,1120,1-May,140,Injection,Winter Rye,5029
1,No Till,NA,26:13:00,1120,1-May,140,Injection,Winter Rye,5030
3,No Till,NA,26:13:00,1120,1-May,140,Injection,Winter Rye,5031
5,No Till,NA,26:13:00,1120,1-May,140,Injection,Winter Rye,5032
0,No Till,NA,28:10:10,1120,1-May,140,Injection,Winter Rye,5033
1,No Till,NA,28:10:10,1120,1-May,140,Injection,Winter Rye,5034
3,No Till,NA,28:10:10,1120,1-May,140,Injection,Winter Rye,5035
5,No Till,NA,28:10:10,1120,1-May,140,Injection,Winter Rye,5036
0,No Till,NA,Dairy Manure,1120,1-May,140,Injection,Winter Rye,5037
1,No Till,NA,Dairy Manure,1120,1-May,140,Injection,Winter Rye,5038
3,No Till,NA,Dairy Manure,1120,1-May,140,Injection,Winter Rye,5039
5,No Till,NA,Dairy Manure,1120,1-May,140,Injection,Winter Rye,5040
0,No Till,NA,26:13:00,0,1-Feb,280,Injection,Winter Rye,5041
1,No Till,NA,26:13:00,0,1-Feb,280,Injection,Winter Rye,5042
3,No Till,NA,26:13:00,0,1-Feb,280,Injection,Winter Rye,5043
5,No Till,NA,26:13:00,0,1-Feb,280,Injection,Winter Rye,5044
0,No Till,NA,28:10:10,0,1-Feb,280,Injection,Winter Rye,5045
1,No Till,NA,28:10:10,0,1-Feb,280,Injection,Winter Rye,5046
3,No Till,NA,28:10:10,0,1-Feb,280,Injection,Winter Rye,5047
5,No Till,NA,28:10:10,0,1-Feb,280,Injection,Winter Rye,5048
0,No Till,NA,Dairy Manure,0,1-Feb,280,Injection,Winter Rye,5049
1,No Till,NA,Dairy Manure,0,1-Feb,280,Injection,Winter Rye,5050
3,No Till,NA,Dairy Manure,0,1-Feb,280,Injection,Winter Rye,5051
5,No Till,NA,Dairy Manure,0,1-Feb,280,Injection,Winter Rye,5052
0,No Till,NA,26:13:00,140,1-Feb,280,Injection,Winter Rye,5053
1,No Till,NA,26:13:00,140,1-Feb,280,Injection,Winter Rye,5054
3,No Till,NA,26:13:00,140,1-Feb,280,Injection,Winter Rye,5055
5,No Till,NA,26:13:00,140,1-Feb,280,Injection,Winter Rye,5056
0,No Till,NA,28:10:10,140,1-Feb,280,Injection,Winter Rye,5057
1,No Till,NA,28:10:10,140,1-Feb,280,Injection,Winter Rye,5058
3,No Till,NA,28:10:10,140,1-Feb,280,Injection,Winter Rye,5059
5,No Till,NA,28:10:10,140,1-Feb,280,Injection,Winter Rye,5060
0,No Till,NA,Dairy Manure,140,1-Feb,280,Injection,Winter Rye,5061
1,No Till,NA,Dairy Manure,140,1-Feb,280,Injection,Winter Rye,5062
3,No Till,NA,Dairy Manure,140,1-Feb,280,Injection,Winter Rye,5063
5,No Till,NA,Dairy Manure,140,1-Feb,280,Injection,Winter Rye,5064
0,No Till,NA,26:13:00,280,1-Feb,280,Injection,Winter Rye,5065
1,No Till,NA,26:13:00,280,1-Feb,280,Injection,Winter Rye,5066
3,No Till,NA,26:13:00,280,1-Feb,280,Injection,Winter Rye,5067
5,No Till,NA,26:13:00,280,1-Feb,280,Injection,Winter Rye,5068
0,No Till,NA,28:10:10,280,1-Feb,280,Injection,Winter Rye,5069
1,No Till,NA,28:10:10,280,1-Feb,280,Injection,Winter Rye,5070
3,No Till,NA,28:10:10,280,1-Feb,280,Injection,Winter Rye,5071
5,No Till,NA,28:10:10,280,1-Feb,280,Injection,Winter Rye,5072
0,No Till,NA,Dairy Manure,280,1-Feb,280,Injection,Winter Rye,5073
1,No Till,NA,Dairy Manure,280,1-Feb,280,Injection,Winter Rye,5074
3,No Till,NA,Dairy Manure,280,1-Feb,280,Injection,Winter Rye,5075
5,No Till,NA,Dairy Manure,280,1-Feb,280,Injection,Winter Rye,5076
0,No Till,NA,26:13:00,560,1-Feb,280,Injection,Winter Rye,5077
1,No Till,NA,26:13:00,560,1-Feb,280,Injection,Winter Rye,5078
3,No Till,NA,26:13:00,560,1-Feb,280,Injection,Winter Rye,5079
5,No Till,NA,26:13:00,560,1-Feb,280,Injection,Winter Rye,5080
0,No Till,NA,28:10:10,560,1-Feb,280,Injection,Winter Rye,5081
1,No Till,NA,28:10:10,560,1-Feb,280,Injection,Winter Rye,5082
3,No Till,NA,28:10:10,560,1-Feb,280,Injection,Winter Rye,5083
5,No Till,NA,28:10:10,560,1-Feb,280,Injection,Winter Rye,5084
0,No Till,NA,Dairy Manure,560,1-Feb,280,Injection,Winter Rye,5085
1,No Till,NA,Dairy Manure,560,1-Feb,280,Injection,Winter Rye,5086
3,No Till,NA,Dairy Manure,560,1-Feb,280,Injection,Winter Rye,5087
5,No Till,NA,Dairy Manure,560,1-Feb,280,Injection,Winter Rye,5088
0,No Till,NA,26:13:00,1120,1-Feb,280,Injection,Winter Rye,5089
1,No Till,NA,26:13:00,1120,1-Feb,280,Injection,Winter Rye,5090
3,No Till,NA,26:13:00,1120,1-Feb,280,Injection,Winter Rye,5091
5,No Till,NA,26:13:00,1120,1-Feb,280,Injection,Winter Rye,5092
0,No Till,NA,28:10:10,1120,1-Feb,280,Injection,Winter Rye,5093
1,No Till,NA,28:10:10,1120,1-Feb,280,Injection,Winter Rye,5094
3,No Till,NA,28:10:10,1120,1-Feb,280,Injection,Winter Rye,5095
5,No Till,NA,28:10:10,1120,1-Feb,280,Injection,Winter Rye,5096
0,No Till,NA,Dairy Manure,1120,1-Feb,280,Injection,Winter Rye,5097
1,No Till,NA,Dairy Manure,1120,1-Feb,280,Injection,Winter Rye,5098
3,No Till,NA,Dairy Manure,1120,1-Feb,280,Injection,Winter Rye,5099
5,No Till,NA,Dairy Manure,1120,1-Feb,280,Injection,Winter Rye,5100
0,No Till,NA,26:13:00,0,1-May,280,Injection,Winter Rye,5101
1,No Till,NA,26:13:00,0,1-May,280,Injection,Winter Rye,5102
3,No Till,NA,26:13:00,0,1-May,280,Injection,Winter Rye,5103
5,No Till,NA,26:13:00,0,1-May,280,Injection,Winter Rye,5104
0,No Till,NA,28:10:10,0,1-May,280,Injection,Winter Rye,5105
1,No Till,NA,28:10:10,0,1-May,280,Injection,Winter Rye,5106
3,No Till,NA,28:10:10,0,1-May,280,Injection,Winter Rye,5107
5,No Till,NA,28:10:10,0,1-May,280,Injection,Winter Rye,5108
0,No Till,NA,Dairy Manure,0,1-May,280,Injection,Winter Rye,5109
1,No Till,NA,Dairy Manure,0,1-May,280,Injection,Winter Rye,5110
3,No Till,NA,Dairy Manure,0,1-May,280,Injection,Winter Rye,5111
5,No Till,NA,Dairy Manure,0,1-May,280,Injection,Winter Rye,5112
0,No Till,NA,26:13:00,140,1-May,280,Injection,Winter Rye,5113
1,No Till,NA,26:13:00,140,1-May,280,Injection,Winter Rye,5114
3,No Till,NA,26:13:00,140,1-May,280,Injection,Winter Rye,5115
5,No Till,NA,26:13:00,140,1-May,280,Injection,Winter Rye,5116
0,No Till,NA,28:10:10,140,1-May,280,Injection,Winter Rye,5117
1,No Till,NA,28:10:10,140,1-May,280,Injection,Winter Rye,5118
3,No Till,NA,28:10:10,140,1-May,280,Injection,Winter Rye,5119
5,No Till,NA,28:10:10,140,1-May,280,Injection,Winter Rye,5120
0,No Till,NA,Dairy Manure,140,1-May,280,Injection,Winter Rye,5121
1,No Till,NA,Dairy Manure,140,1-May,280,Injection,Winter Rye,5122
3,No Till,NA,Dairy Manure,140,1-May,280,Injection,Winter Rye,5123
5,No Till,NA,Dairy Manure,140,1-May,280,Injection,Winter Rye,5124
0,No Till,NA,26:13:00,280,1-May,280,Injection,Winter Rye,5125
1,No Till,NA,26:13:00,280,1-May,280,Injection,Winter Rye,5126
3,No Till,NA,26:13:00,280,1-May,280,Injection,Winter Rye,5127
5,No Till,NA,26:13:00,280,1-May,280,Injection,Winter Rye,5128
0,No Till,NA,28:10:10,280,1-May,280,Injection,Winter Rye,5129
1,No Till,NA,28:10:10,280,1-May,280,Injection,Winter Rye,5130
3,No Till,NA,28:10:10,280,1-May,280,Injection,Winter Rye,5131
5,No Till,NA,28:10:10,280,1-May,280,Injection,Winter Rye,5132
0,No Till,NA,Dairy Manure,280,1-May,280,Injection,Winter Rye,5133
1,No Till,NA,Dairy Manure,280,1-May,280,Injection,Winter Rye,5134
3,No Till,NA,Dairy Manure,280,1-May,280,Injection,Winter Rye,5135
5,No Till,NA,Dairy Manure,280,1-May,280,Injection,Winter Rye,5136
0,No Till,NA,26:13:00,560,1-May,280,Injection,Winter Rye,5137
1,No Till,NA,26:13:00,560,1-May,280,Injection,Winter Rye,5138
3,No Till,NA,26:13:00,560,1-May,280,Injection,Winter Rye,5139
5,No Till,NA,26:13:00,560,1-May,280,Injection,Winter Rye,5140
0,No Till,NA,28:10:10,560,1-May,280,Injection,Winter Rye,5141
1,No Till,NA,28:10:10,560,1-May,280,Injection,Winter Rye,5142
3,No Till,NA,28:10:10,560,1-May,280,Injection,Winter Rye,5143
5,No Till,NA,28:10:10,560,1-May,280,Injection,Winter Rye,5144
0,No Till,NA,Dairy Manure,560,1-May,280,Injection,Winter Rye,5145
1,No Till,NA,Dairy Manure,560,1-May,280,Injection,Winter Rye,5146
3,No Till,NA,Dairy Manure,560,1-May,280,Injection,Winter Rye,5147
5,No Till,NA,Dairy Manure,560,1-May,280,Injection,Winter Rye,5148
0,No Till,NA,26:13:00,1120,1-May,280,Injection,Winter Rye,5149
1,No Till,NA,26:13:00,1120,1-May,280,Injection,Winter Rye,5150
3,No Till,NA,26:13:00,1120,1-May,280,Injection,Winter Rye,5151
5,No Till,NA,26:13:00,1120,1-May,280,Injection,Winter Rye,5152
0,No Till,NA,28:10:10,1120,1-May,280,Injection,Winter Rye,5153
1,No Till,NA,28:10:10,1120,1-May,280,Injection,Winter Rye,5154
3,No Till,NA,28:10:10,1120,1-May,280,Injection,Winter Rye,5155
5,No Till,NA,28:10:10,1120,1-May,280,Injection,Winter Rye,5156
0,No Till,NA,Dairy Manure,1120,1-May,280,Injection,Winter Rye,5157
1,No Till,NA,Dairy Manure,1120,1-May,280,Injection,Winter Rye,5158
3,No Till,NA,Dairy Manure,1120,1-May,280,Injection,Winter Rye,5159
5,No Till,NA,Dairy Manure,1120,1-May,280,Injection,Winter Rye,5160
0,No Till,NA,26:13:00,0,1-Feb,560,Injection,Winter Rye,5161
1,No Till,NA,26:13:00,0,1-Feb,560,Injection,Winter Rye,5162
3,No Till,NA,26:13:00,0,1-Feb,560,Injection,Winter Rye,5163
5,No Till,NA,26:13:00,0,1-Feb,560,Injection,Winter Rye,5164
0,No Till,NA,28:10:10,0,1-Feb,560,Injection,Winter Rye,5165
1,No Till,NA,28:10:10,0,1-Feb,560,Injection,Winter Rye,5166
3,No Till,NA,28:10:10,0,1-Feb,560,Injection,Winter Rye,5167
5,No Till,NA,28:10:10,0,1-Feb,560,Injection,Winter Rye,5168
0,No Till,NA,Dairy Manure,0,1-Feb,560,Injection,Winter Rye,5169
1,No Till,NA,Dairy Manure,0,1-Feb,560,Injection,Winter Rye,5170
3,No Till,NA,Dairy Manure,0,1-Feb,560,Injection,Winter Rye,5171
5,No Till,NA,Dairy Manure,0,1-Feb,560,Injection,Winter Rye,5172
0,No Till,NA,26:13:00,140,1-Feb,560,Injection,Winter Rye,5173
1,No Till,NA,26:13:00,140,1-Feb,560,Injection,Winter Rye,5174
3,No Till,NA,26:13:00,140,1-Feb,560,Injection,Winter Rye,5175
5,No Till,NA,26:13:00,140,1-Feb,560,Injection,Winter Rye,5176
0,No Till,NA,28:10:10,140,1-Feb,560,Injection,Winter Rye,5177
1,No Till,NA,28:10:10,140,1-Feb,560,Injection,Winter Rye,5178
3,No Till,NA,28:10:10,140,1-Feb,560,Injection,Winter Rye,5179
5,No Till,NA,28:10:10,140,1-Feb,560,Injection,Winter Rye,5180
0,No Till,NA,Dairy Manure,140,1-Feb,560,Injection,Winter Rye,5181
1,No Till,NA,Dairy Manure,140,1-Feb,560,Injection,Winter Rye,5182
3,No Till,NA,Dairy Manure,140,1-Feb,560,Injection,Winter Rye,5183
5,No Till,NA,Dairy Manure,140,1-Feb,560,Injection,Winter Rye,5184
0,No Till,NA,26:13:00,280,1-Feb,560,Injection,Winter Rye,5185
1,No Till,NA,26:13:00,280,1-Feb,560,Injection,Winter Rye,5186
3,No Till,NA,26:13:00,280,1-Feb,560,Injection,Winter Rye,5187
5,No Till,NA,26:13:00,280,1-Feb,560,Injection,Winter Rye,5188
0,No Till,NA,28:10:10,280,1-Feb,560,Injection,Winter Rye,5189
1,No Till,NA,28:10:10,280,1-Feb,560,Injection,Winter Rye,5190
3,No Till,NA,28:10:10,280,1-Feb,560,Injection,Winter Rye,5191
5,No Till,NA,28:10:10,280,1-Feb,560,Injection,Winter Rye,5192
0,No Till,NA,Dairy Manure,280,1-Feb,560,Injection,Winter Rye,5193
1,No Till,NA,Dairy Manure,280,1-Feb,560,Injection,Winter Rye,5194
3,No Till,NA,Dairy Manure,280,1-Feb,560,Injection,Winter Rye,5195
5,No Till,NA,Dairy Manure,280,1-Feb,560,Injection,Winter Rye,5196
0,No Till,NA,26:13:00,560,1-Feb,560,Injection,Winter Rye,5197
1,No Till,NA,26:13:00,560,1-Feb,560,Injection,Winter Rye,5198
3,No Till,NA,26:13:00,560,1-Feb,560,Injection,Winter Rye,5199
5,No Till,NA,26:13:00,560,1-Feb,560,Injection,Winter Rye,5200
0,No Till,NA,28:10:10,560,1-Feb,560,Injection,Winter Rye,5201
1,No Till,NA,28:10:10,560,1-Feb,560,Injection,Winter Rye,5202
3,No Till,NA,28:10:10,560,1-Feb,560,Injection,Winter Rye,5203
5,No Till,NA,28:10:10,560,1-Feb,560,Injection,Winter Rye,5204
0,No Till,NA,Dairy Manure,560,1-Feb,560,Injection,Winter Rye,5205
1,No Till,NA,Dairy Manure,560,1-Feb,560,Injection,Winter Rye,5206
3,No Till,NA,Dairy Manure,560,1-Feb,560,Injection,Winter Rye,5207
5,No Till,NA,Dairy Manure,560,1-Feb,560,Injection,Winter Rye,5208
0,No Till,NA,26:13:00,1120,1-Feb,560,Injection,Winter Rye,5209
1,No Till,NA,26:13:00,1120,1-Feb,560,Injection,Winter Rye,5210
3,No Till,NA,26:13:00,1120,1-Feb,560,Injection,Winter Rye,5211
5,No Till,NA,26:13:00,1120,1-Feb,560,Injection,Winter Rye,5212
0,No Till,NA,28:10:10,1120,1-Feb,560,Injection,Winter Rye,5213
1,No Till,NA,28:10:10,1120,1-Feb,560,Injection,Winter Rye,5214
3,No Till,NA,28:10:10,1120,1-Feb,560,Injection,Winter Rye,5215
5,No Till,NA,28:10:10,1120,1-Feb,560,Injection,Winter Rye,5216
0,No Till,NA,Dairy Manure,1120,1-Feb,560,Injection,Winter Rye,5217
1,No Till,NA,Dairy Manure,1120,1-Feb,560,Injection,Winter Rye,5218
3,No Till,NA,Dairy Manure,1120,1-Feb,560,Injection,Winter Rye,5219
5,No Till,NA,Dairy Manure,1120,1-Feb,560,Injection,Winter Rye,5220
0,No Till,NA,26:13:00,0,1-May,560,Injection,Winter Rye,5221
1,No Till,NA,26:13:00,0,1-May,560,Injection,Winter Rye,5222
3,No Till,NA,26:13:00,0,1-May,560,Injection,Winter Rye,5223
5,No Till,NA,26:13:00,0,1-May,560,Injection,Winter Rye,5224
0,No Till,NA,28:10:10,0,1-May,560,Injection,Winter Rye,5225
1,No Till,NA,28:10:10,0,1-May,560,Injection,Winter Rye,5226
3,No Till,NA,28:10:10,0,1-May,560,Injection,Winter Rye,5227
5,No Till,NA,28:10:10,0,1-May,560,Injection,Winter Rye,5228
0,No Till,NA,Dairy Manure,0,1-May,560,Injection,Winter Rye,5229
1,No Till,NA,Dairy Manure,0,1-May,560,Injection,Winter Rye,5230
3,No Till,NA,Dairy Manure,0,1-May,560,Injection,Winter Rye,5231
5,No Till,NA,Dairy Manure,0,1-May,560,Injection,Winter Rye,5232
0,No Till,NA,26:13:00,140,1-May,560,Injection,Winter Rye,5233
1,No Till,NA,26:13:00,140,1-May,560,Injection,Winter Rye,5234
3,No Till,NA,26:13:00,140,1-May,560,Injection,Winter Rye,5235
5,No Till,NA,26:13:00,140,1-May,560,Injection,Winter Rye,5236
0,No Till,NA,28:10:10,140,1-May,560,Injection,Winter Rye,5237
1,No Till,NA,28:10:10,140,1-May,560,Injection,Winter Rye,5238
3,No Till,NA,28:10:10,140,1-May,560,Injection,Winter Rye,5239
5,No Till,NA,28:10:10,140,1-May,560,Injection,Winter Rye,5240
0,No Till,NA,Dairy Manure,140,1-May,560,Injection,Winter Rye,5241
1,No Till,NA,Dairy Manure,140,1-May,560,Injection,Winter Rye,5242
3,No Till,NA,Dairy Manure,140,1-May,560,Injection,Winter Rye,5243
5,No Till,NA,Dairy Manure,140,1-May,560,Injection,Winter Rye,5244
0,No Till,NA,26:13:00,280,1-May,560,Injection,Winter Rye,5245
1,No Till,NA,26:13:00,280,1-May,560,Injection,Winter Rye,5246
3,No Till,NA,26:13:00,280,1-May,560,Injection,Winter Rye,5247
5,No Till,NA,26:13:00,280,1-May,560,Injection,Winter Rye,5248
0,No Till,NA,28:10:10,280,1-May,560,Injection,Winter Rye,5249
1,No Till,NA,28:10:10,280,1-May,560,Injection,Winter Rye,5250
3,No Till,NA,28:10:10,280,1-May,560,Injection,Winter Rye,5251
5,No Till,NA,28:10:10,280,1-May,560,Injection,Winter Rye,5252
0,No Till,NA,Dairy Manure,280,1-May,560,Injection,Winter Rye,5253
1,No Till,NA,Dairy Manure,280,1-May,560,Injection,Winter Rye,5254
3,No Till,NA,Dairy Manure,280,1-May,560,Injection,Winter Rye,5255
5,No Till,NA,Dairy Manure,280,1-May,560,Injection,Winter Rye,5256
0,No Till,NA,26:13:00,560,1-May,560,Injection,Winter Rye,5257
1,No Till,NA,26:13:00,560,1-May,560,Injection,Winter Rye,5258
3,No Till,NA,26:13:00,560,1-May,560,Injection,Winter Rye,5259
5,No Till,NA,26:13:00,560,1-May,560,Injection,Winter Rye,5260
0,No Till,NA,28:10:10,560,1-May,560,Injection,Winter Rye,5261
1,No Till,NA,28:10:10,560,1-May,560,Injection,Winter Rye,5262
3,No Till,NA,28:10:10,560,1-May,560,Injection,Winter Rye,5263
5,No Till,NA,28:10:10,560,1-May,560,Injection,Winter Rye,5264
0,No Till,NA,Dairy Manure,560,1-May,560,Injection,Winter Rye,5265
1,No Till,NA,Dairy Manure,560,1-May,560,Injection,Winter Rye,5266
3,No Till,NA,Dairy Manure,560,1-May,560,Injection,Winter Rye,5267
5,No Till,NA,Dairy Manure,560,1-May,560,Injection,Winter Rye,5268
0,No Till,NA,26:13:00,1120,1-May,560,Injection,Winter Rye,5269
1,No Till,NA,26:13:00,1120,1-May,560,Injection,Winter Rye,5270
3,No Till,NA,26:13:00,1120,1-May,560,Injection,Winter Rye,5271
5,No Till,NA,26:13:00,1120,1-May,560,Injection,Winter Rye,5272
0,No Till,NA,28:10:10,1120,1-May,560,Injection,Winter Rye,5273
1,No Till,NA,28:10:10,1120,1-May,560,Injection,Winter Rye,5274
3,No Till,NA,28:10:10,1120,1-May,560,Injection,Winter Rye,5275
5,No Till,NA,28:10:10,1120,1-May,560,Injection,Winter Rye,5276
0,No Till,NA,Dairy Manure,1120,1-May,560,Injection,Winter Rye,5277
1,No Till,NA,Dairy Manure,1120,1-May,560,Injection,Winter Rye,5278
3,No Till,NA,Dairy Manure,1120,1-May,560,Injection,Winter Rye,5279
5,No Till,NA,Dairy Manure,1120,1-May,560,Injection,Winter Rye,5280
0,No Till,NA,26:13:00,0,1-Feb,1120,Injection,Winter Rye,5281
1,No Till,NA,26:13:00,0,1-Feb,1120,Injection,Winter Rye,5282
3,No Till,NA,26:13:00,0,1-Feb,1120,Injection,Winter Rye,5283
5,No Till,NA,26:13:00,0,1-Feb,1120,Injection,Winter Rye,5284
0,No Till,NA,28:10:10,0,1-Feb,1120,Injection,Winter Rye,5285
1,No Till,NA,28:10:10,0,1-Feb,1120,Injection,Winter Rye,5286
3,No Till,NA,28:10:10,0,1-Feb,1120,Injection,Winter Rye,5287
5,No Till,NA,28:10:10,0,1-Feb,1120,Injection,Winter Rye,5288
0,No Till,NA,Dairy Manure,0,1-Feb,1120,Injection,Winter Rye,5289
1,No Till,NA,Dairy Manure,0,1-Feb,1120,Injection,Winter Rye,5290
3,No Till,NA,Dairy Manure,0,1-Feb,1120,Injection,Winter Rye,5291
5,No Till,NA,Dairy Manure,0,1-Feb,1120,Injection,Winter Rye,5292
0,No Till,NA,26:13:00,140,1-Feb,1120,Injection,Winter Rye,5293
1,No Till,NA,26:13:00,140,1-Feb,1120,Injection,Winter Rye,5294
3,No Till,NA,26:13:00,140,1-Feb,1120,Injection,Winter Rye,5295
5,No Till,NA,26:13:00,140,1-Feb,1120,Injection,Winter Rye,5296
0,No Till,NA,28:10:10,140,1-Feb,1120,Injection,Winter Rye,5297
1,No Till,NA,28:10:10,140,1-Feb,1120,Injection,Winter Rye,5298
3,No Till,NA,28:10:10,140,1-Feb,1120,Injection,Winter Rye,5299
5,No Till,NA,28:10:10,140,1-Feb,1120,Injection,Winter Rye,5300
0,No Till,NA,Dairy Manure,140,1-Feb,1120,Injection,Winter Rye,5301
1,No Till,NA,Dairy Manure,140,1-Feb,1120,Injection,Winter Rye,5302
3,No Till,NA,Dairy Manure,140,1-Feb,1120,Injection,Winter Rye,5303
5,No Till,NA,Dairy Manure,140,1-Feb,1120,Injection,Winter Rye,5304
0,No Till,NA,26:13:00,280,1-Feb,1120,Injection,Winter Rye,5305
1,No Till,NA,26:13:00,280,1-Feb,1120,Injection,Winter Rye,5306
3,No Till,NA,26:13:00,280,1-Feb,1120,Injection,Winter Rye,5307
5,No Till,NA,26:13:00,280,1-Feb,1120,Injection,Winter Rye,5308
0,No Till,NA,28:10:10,280,1-Feb,1120,Injection,Winter Rye,5309
1,No Till,NA,28:10:10,280,1-Feb,1120,Injection,Winter Rye,5310
3,No Till,NA,28:10:10,280,1-Feb,1120,Injection,Winter Rye,5311
5,No Till,NA,28:10:10,280,1-Feb,1120,Injection,Winter Rye,5312
0,No Till,NA,Dairy Manure,280,1-Feb,1120,Injection,Winter Rye,5313
1,No Till,NA,Dairy Manure,280,1-Feb,1120,Injection,Winter Rye,5314
3,No Till,NA,Dairy Manure,280,1-Feb,1120,Injection,Winter Rye,5315
5,No Till,NA,Dairy Manure,280,1-Feb,1120,Injection,Winter Rye,5316
0,No Till,NA,26:13:00,560,1-Feb,1120,Injection,Winter Rye,5317
1,No Till,NA,26:13:00,560,1-Feb,1120,Injection,Winter Rye,5318
3,No Till,NA,26:13:00,560,1-Feb,1120,Injection,Winter Rye,5319
5,No Till,NA,26:13:00,560,1-Feb,1120,Injection,Winter Rye,5320
0,No Till,NA,28:10:10,560,1-Feb,1120,Injection,Winter Rye,5321
1,No Till,NA,28:10:10,560,1-Feb,1120,Injection,Winter Rye,5322
3,No Till,NA,28:10:10,560,1-Feb,1120,Injection,Winter Rye,5323
5,No Till,NA,28:10:10,560,1-Feb,1120,Injection,Winter Rye,5324
0,No Till,NA,Dairy Manure,560,1-Feb,1120,Injection,Winter Rye,5325
1,No Till,NA,Dairy Manure,560,1-Feb,1120,Injection,Winter Rye,5326
3,No Till,NA,Dairy Manure,560,1-Feb,1120,Injection,Winter Rye,5327
5,No Till,NA,Dairy Manure,560,1-Feb,1120,Injection,Winter Rye,5328
0,No Till,NA,26:13:00,1120,1-Feb,1120,Injection,Winter Rye,5329
1,No Till,NA,26:13:00,1120,1-Feb,1120,Injection,Winter Rye,5330
3,No Till,NA,26:13:00,1120,1-Feb,1120,Injection,Winter Rye,5331
5,No Till,NA,26:13:00,1120,1-Feb,1120,Injection,Winter Rye,5332
0,No Till,NA,28:10:10,1120,1-Feb,1120,Injection,Winter Rye,5333
1,No Till,NA,28:10:10,1120,1-Feb,1120,Injection,Winter Rye,5334
3,No Till,NA,28:10:10,1120,1-Feb,1120,Injection,Winter Rye,5335
5,No Till,NA,28:10:10,1120,1-Feb,1120,Injection,Winter Rye,5336
0,No Till,NA,Dairy Manure,1120,1-Feb,1120,Injection,Winter Rye,5337
1,No Till,NA,Dairy Manure,1120,1-Feb,1120,Injection,Winter Rye,5338
3,No Till,NA,Dairy Manure,1120,1-Feb,1120,Injection,Winter Rye,5339
5,No Till,NA,Dairy Manure,1120,1-Feb,1120,Injection,Winter Rye,5340
0,No Till,NA,26:13:00,0,1-May,1120,Injection,Winter Rye,5341
1,No Till,NA,26:13:00,0,1-May,1120,Injection,Winter Rye,5342
3,No Till,NA,26:13:00,0,1-May,1120,Injection,Winter Rye,5343
5,No Till,NA,26:13:00,0,1-May,1120,Injection,Winter Rye,5344
0,No Till,NA,28:10:10,0,1-May,1120,Injection,Winter Rye,5345
1,No Till,NA,28:10:10,0,1-May,1120,Injection,Winter Rye,5346
3,No Till,NA,28:10:10,0,1-May,1120,Injection,Winter Rye,5347
5,No Till,NA,28:10:10,0,1-May,1120,Injection,Winter Rye,5348
0,No Till,NA,Dairy Manure,0,1-May,1120,Injection,Winter Rye,5349
1,No Till,NA,Dairy Manure,0,1-May,1120,Injection,Winter Rye,5350
3,No Till,NA,Dairy Manure,0,1-May,1120,Injection,Winter Rye,5351
5,No Till,NA,Dairy Manure,0,1-May,1120,Injection,Winter Rye,5352
0,No Till,NA,26:13:00,140,1-May,1120,Injection,Winter Rye,5353
1,No Till,NA,26:13:00,140,1-May,1120,Injection,Winter Rye,5354
3,No Till,NA,26:13:00,140,1-May,1120,Injection,Winter Rye,5355
5,No Till,NA,26:13:00,140,1-May,1120,Injection,Winter Rye,5356
0,No Till,NA,28:10:10,140,1-May,1120,Injection,Winter Rye,5357
1,No Till,NA,28:10:10,140,1-May,1120,Injection,Winter Rye,5358
3,No Till,NA,28:10:10,140,1-May,1120,Injection,Winter Rye,5359
5,No Till,NA,28:10:10,140,1-May,1120,Injection,Winter Rye,5360
0,No Till,NA,Dairy Manure,140,1-May,1120,Injection,Winter Rye,5361
1,No Till,NA,Dairy Manure,140,1-May,1120,Injection,Winter Rye,5362
3,No Till,NA,Dairy Manure,140,1-May,1120,Injection,Winter Rye,5363
5,No Till,NA,Dairy Manure,140,1-May,1120,Injection,Winter Rye,5364
0,No Till,NA,26:13:00,280,1-May,1120,Injection,Winter Rye,5365
1,No Till,NA,26:13:00,280,1-May,1120,Injection,Winter Rye,5366
3,No Till,NA,26:13:00,280,1-May,1120,Injection,Winter Rye,5367
5,No Till,NA,26:13:00,280,1-May,1120,Injection,Winter Rye,5368
0,No Till,NA,28:10:10,280,1-May,1120,Injection,Winter Rye,5369
1,No Till,NA,28:10:10,280,1-May,1120,Injection,Winter Rye,5370
3,No Till,NA,28:10:10,280,1-May,1120,Injection,Winter Rye,5371
5,No Till,NA,28:10:10,280,1-May,1120,Injection,Winter Rye,5372
0,No Till,NA,Dairy Manure,280,1-May,1120,Injection,Winter Rye,5373
1,No Till,NA,Dairy Manure,280,1-May,1120,Injection,Winter Rye,5374
3,No Till,NA,Dairy Manure,280,1-May,1120,Injection,Winter Rye,5375
5,No Till,NA,Dairy Manure,280,1-May,1120,Injection,Winter Rye,5376
0,No Till,NA,26:13:00,560,1-May,1120,Injection,Winter Rye,5377
1,No Till,NA,26:13:00,560,1-May,1120,Injection,Winter Rye,5378
3,No Till,NA,26:13:00,560,1-May,1120,Injection,Winter Rye,5379
5,No Till,NA,26:13:00,560,1-May,1120,Injection,Winter Rye,5380
0,No Till,NA,28:10:10,560,1-May,1120,Injection,Winter Rye,5381
1,No Till,NA,28:10:10,560,1-May,1120,Injection,Winter Rye,5382
3,No Till,NA,28:10:10,560,1-May,1120,Injection,Winter Rye,5383
5,No Till,NA,28:10:10,560,1-May,1120,Injection,Winter Rye,5384
0,No Till,NA,Dairy Manure,560,1-May,1120,Injection,Winter Rye,5385
1,No Till,NA,Dairy Manure,560,1-May,1120,Injection,Winter Rye,5386
3,No Till,NA,Dairy Manure,560,1-May,1120,Injection,Winter Rye,5387
5,No Till,NA,Dairy Manure,560,1-May,1120,Injection,Winter Rye,5388
0,No Till,NA,26:13:00,1120,1-May,1120,Injection,Winter Rye,5389
1,No Till,NA,26:13:00,1120,1-May,1120,Injection,Winter Rye,5390
3,No Till,NA,26:13:00,1120,1-May,1120,Injection,Winter Rye,5391
5,No Till,NA,26:13:00,1120,1-May,1120,Injection,Winter Rye,5392
0,No Till,NA,28:10:10,1120,1-May,1120,Injection,Winter Rye,5393
1,No Till,NA,28:10:10,1120,1-May,1120,Injection,Winter Rye,5394
3,No Till,NA,28:10:10,1120,1-May,1120,Injection,Winter Rye,5395
5,No Till,NA,28:10:10,1120,1-May,1120,Injection,Winter Rye,5396
0,No Till,NA,Dairy Manure,1120,1-May,1120,Injection,Winter Rye,5397
1,No Till,NA,Dairy Manure,1120,1-May,1120,Injection,Winter Rye,5398
3,No Till,NA,Dairy Manure,1120,1-May,1120,Injection,Winter Rye,5399
5,No Till,NA,Dairy Manure,1120,1-May,1120,Injection,Winter Rye,5400
0,No Till,NA,26:13:00,0,1-Feb,0,Aerial Solid,Winter Rye,5401
1,No Till,NA,26:13:00,0,1-Feb,0,Aerial Solid,Winter Rye,5402
3,No Till,NA,26:13:00,0,1-Feb,0,Aerial Solid,Winter Rye,5403
5,No Till,NA,26:13:00,0,1-Feb,0,Aerial Solid,Winter Rye,5404
0,No Till,NA,28:10:10,0,1-Feb,0,Aerial Solid,Winter Rye,5405
1,No Till,NA,28:10:10,0,1-Feb,0,Aerial Solid,Winter Rye,5406
3,No Till,NA,28:10:10,0,1-Feb,0,Aerial Solid,Winter Rye,5407
5,No Till,NA,28:10:10,0,1-Feb,0,Aerial Solid,Winter Rye,5408
0,No Till,NA,Dairy Manure,0,1-Feb,0,Aerial Solid,Winter Rye,5409
1,No Till,NA,Dairy Manure,0,1-Feb,0,Aerial Solid,Winter Rye,5410
3,No Till,NA,Dairy Manure,0,1-Feb,0,Aerial Solid,Winter Rye,5411
5,No Till,NA,Dairy Manure,0,1-Feb,0,Aerial Solid,Winter Rye,5412
0,No Till,NA,26:13:00,140,1-Feb,0,Aerial Solid,Winter Rye,5413
1,No Till,NA,26:13:00,140,1-Feb,0,Aerial Solid,Winter Rye,5414
3,No Till,NA,26:13:00,140,1-Feb,0,Aerial Solid,Winter Rye,5415
5,No Till,NA,26:13:00,140,1-Feb,0,Aerial Solid,Winter Rye,5416
0,No Till,NA,28:10:10,140,1-Feb,0,Aerial Solid,Winter Rye,5417
1,No Till,NA,28:10:10,140,1-Feb,0,Aerial Solid,Winter Rye,5418
3,No Till,NA,28:10:10,140,1-Feb,0,Aerial Solid,Winter Rye,5419
5,No Till,NA,28:10:10,140,1-Feb,0,Aerial Solid,Winter Rye,5420
0,No Till,NA,Dairy Manure,140,1-Feb,0,Aerial Solid,Winter Rye,5421
1,No Till,NA,Dairy Manure,140,1-Feb,0,Aerial Solid,Winter Rye,5422
3,No Till,NA,Dairy Manure,140,1-Feb,0,Aerial Solid,Winter Rye,5423
5,No Till,NA,Dairy Manure,140,1-Feb,0,Aerial Solid,Winter Rye,5424
0,No Till,NA,26:13:00,280,1-Feb,0,Aerial Solid,Winter Rye,5425
1,No Till,NA,26:13:00,280,1-Feb,0,Aerial Solid,Winter Rye,5426
3,No Till,NA,26:13:00,280,1-Feb,0,Aerial Solid,Winter Rye,5427
5,No Till,NA,26:13:00,280,1-Feb,0,Aerial Solid,Winter Rye,5428
0,No Till,NA,28:10:10,280,1-Feb,0,Aerial Solid,Winter Rye,5429
1,No Till,NA,28:10:10,280,1-Feb,0,Aerial Solid,Winter Rye,5430
3,No Till,NA,28:10:10,280,1-Feb,0,Aerial Solid,Winter Rye,5431
5,No Till,NA,28:10:10,280,1-Feb,0,Aerial Solid,Winter Rye,5432
0,No Till,NA,Dairy Manure,280,1-Feb,0,Aerial Solid,Winter Rye,5433
1,No Till,NA,Dairy Manure,280,1-Feb,0,Aerial Solid,Winter Rye,5434
3,No Till,NA,Dairy Manure,280,1-Feb,0,Aerial Solid,Winter Rye,5435
5,No Till,NA,Dairy Manure,280,1-Feb,0,Aerial Solid,Winter Rye,5436
0,No Till,NA,26:13:00,560,1-Feb,0,Aerial Solid,Winter Rye,5437
1,No Till,NA,26:13:00,560,1-Feb,0,Aerial Solid,Winter Rye,5438
3,No Till,NA,26:13:00,560,1-Feb,0,Aerial Solid,Winter Rye,5439
5,No Till,NA,26:13:00,560,1-Feb,0,Aerial Solid,Winter Rye,5440
0,No Till,NA,28:10:10,560,1-Feb,0,Aerial Solid,Winter Rye,5441
1,No Till,NA,28:10:10,560,1-Feb,0,Aerial Solid,Winter Rye,5442
3,No Till,NA,28:10:10,560,1-Feb,0,Aerial Solid,Winter Rye,5443
5,No Till,NA,28:10:10,560,1-Feb,0,Aerial Solid,Winter Rye,5444
0,No Till,NA,Dairy Manure,560,1-Feb,0,Aerial Solid,Winter Rye,5445
1,No Till,NA,Dairy Manure,560,1-Feb,0,Aerial Solid,Winter Rye,5446
3,No Till,NA,Dairy Manure,560,1-Feb,0,Aerial Solid,Winter Rye,5447
5,No Till,NA,Dairy Manure,560,1-Feb,0,Aerial Solid,Winter Rye,5448
0,No Till,NA,26:13:00,1120,1-Feb,0,Aerial Solid,Winter Rye,5449
1,No Till,NA,26:13:00,1120,1-Feb,0,Aerial Solid,Winter Rye,5450
3,No Till,NA,26:13:00,1120,1-Feb,0,Aerial Solid,Winter Rye,5451
5,No Till,NA,26:13:00,1120,1-Feb,0,Aerial Solid,Winter Rye,5452
0,No Till,NA,28:10:10,1120,1-Feb,0,Aerial Solid,Winter Rye,5453
1,No Till,NA,28:10:10,1120,1-Feb,0,Aerial Solid,Winter Rye,5454
3,No Till,NA,28:10:10,1120,1-Feb,0,Aerial Solid,Winter Rye,5455
5,No Till,NA,28:10:10,1120,1-Feb,0,Aerial Solid,Winter Rye,5456
0,No Till,NA,Dairy Manure,1120,1-Feb,0,Aerial Solid,Winter Rye,5457
1,No Till,NA,Dairy Manure,1120,1-Feb,0,Aerial Solid,Winter Rye,5458
3,No Till,NA,Dairy Manure,1120,1-Feb,0,Aerial Solid,Winter Rye,5459
5,No Till,NA,Dairy Manure,1120,1-Feb,0,Aerial Solid,Winter Rye,5460
0,No Till,NA,26:13:00,0,1-May,0,Aerial Solid,Winter Rye,5461
1,No Till,NA,26:13:00,0,1-May,0,Aerial Solid,Winter Rye,5462
3,No Till,NA,26:13:00,0,1-May,0,Aerial Solid,Winter Rye,5463
5,No Till,NA,26:13:00,0,1-May,0,Aerial Solid,Winter Rye,5464
0,No Till,NA,28:10:10,0,1-May,0,Aerial Solid,Winter Rye,5465
1,No Till,NA,28:10:10,0,1-May,0,Aerial Solid,Winter Rye,5466
3,No Till,NA,28:10:10,0,1-May,0,Aerial Solid,Winter Rye,5467
5,No Till,NA,28:10:10,0,1-May,0,Aerial Solid,Winter Rye,5468
0,No Till,NA,Dairy Manure,0,1-May,0,Aerial Solid,Winter Rye,5469
1,No Till,NA,Dairy Manure,0,1-May,0,Aerial Solid,Winter Rye,5470
3,No Till,NA,Dairy Manure,0,1-May,0,Aerial Solid,Winter Rye,5471
5,No Till,NA,Dairy Manure,0,1-May,0,Aerial Solid,Winter Rye,5472
0,No Till,NA,26:13:00,140,1-May,0,Aerial Solid,Winter Rye,5473
1,No Till,NA,26:13:00,140,1-May,0,Aerial Solid,Winter Rye,5474
3,No Till,NA,26:13:00,140,1-May,0,Aerial Solid,Winter Rye,5475
5,No Till,NA,26:13:00,140,1-May,0,Aerial Solid,Winter Rye,5476
0,No Till,NA,28:10:10,140,1-May,0,Aerial Solid,Winter Rye,5477
1,No Till,NA,28:10:10,140,1-May,0,Aerial Solid,Winter Rye,5478
3,No Till,NA,28:10:10,140,1-May,0,Aerial Solid,Winter Rye,5479
5,No Till,NA,28:10:10,140,1-May,0,Aerial Solid,Winter Rye,5480
0,No Till,NA,Dairy Manure,140,1-May,0,Aerial Solid,Winter Rye,5481
1,No Till,NA,Dairy Manure,140,1-May,0,Aerial Solid,Winter Rye,5482
3,No Till,NA,Dairy Manure,140,1-May,0,Aerial Solid,Winter Rye,5483
5,No Till,NA,Dairy Manure,140,1-May,0,Aerial Solid,Winter Rye,5484
0,No Till,NA,26:13:00,280,1-May,0,Aerial Solid,Winter Rye,5485
1,No Till,NA,26:13:00,280,1-May,0,Aerial Solid,Winter Rye,5486
3,No Till,NA,26:13:00,280,1-May,0,Aerial Solid,Winter Rye,5487
5,No Till,NA,26:13:00,280,1-May,0,Aerial Solid,Winter Rye,5488
0,No Till,NA,28:10:10,280,1-May,0,Aerial Solid,Winter Rye,5489
1,No Till,NA,28:10:10,280,1-May,0,Aerial Solid,Winter Rye,5490
3,No Till,NA,28:10:10,280,1-May,0,Aerial Solid,Winter Rye,5491
5,No Till,NA,28:10:10,280,1-May,0,Aerial Solid,Winter Rye,5492
0,No Till,NA,Dairy Manure,280,1-May,0,Aerial Solid,Winter Rye,5493
1,No Till,NA,Dairy Manure,280,1-May,0,Aerial Solid,Winter Rye,5494
3,No Till,NA,Dairy Manure,280,1-May,0,Aerial Solid,Winter Rye,5495
5,No Till,NA,Dairy Manure,280,1-May,0,Aerial Solid,Winter Rye,5496
0,No Till,NA,26:13:00,560,1-May,0,Aerial Solid,Winter Rye,5497
1,No Till,NA,26:13:00,560,1-May,0,Aerial Solid,Winter Rye,5498
3,No Till,NA,26:13:00,560,1-May,0,Aerial Solid,Winter Rye,5499
5,No Till,NA,26:13:00,560,1-May,0,Aerial Solid,Winter Rye,5500
0,No Till,NA,28:10:10,560,1-May,0,Aerial Solid,Winter Rye,5501
1,No Till,NA,28:10:10,560,1-May,0,Aerial Solid,Winter Rye,5502
3,No Till,NA,28:10:10,560,1-May,0,Aerial Solid,Winter Rye,5503
5,No Till,NA,28:10:10,560,1-May,0,Aerial Solid,Winter Rye,5504
0,No Till,NA,Dairy Manure,560,1-May,0,Aerial Solid,Winter Rye,5505
1,No Till,NA,Dairy Manure,560,1-May,0,Aerial Solid,Winter Rye,5506
3,No Till,NA,Dairy Manure,560,1-May,0,Aerial Solid,Winter Rye,5507
5,No Till,NA,Dairy Manure,560,1-May,0,Aerial Solid,Winter Rye,5508
0,No Till,NA,26:13:00,1120,1-May,0,Aerial Solid,Winter Rye,5509
1,No Till,NA,26:13:00,1120,1-May,0,Aerial Solid,Winter Rye,5510
3,No Till,NA,26:13:00,1120,1-May,0,Aerial Solid,Winter Rye,5511
5,No Till,NA,26:13:00,1120,1-May,0,Aerial Solid,Winter Rye,5512
0,No Till,NA,28:10:10,1120,1-May,0,Aerial Solid,Winter Rye,5513
1,No Till,NA,28:10:10,1120,1-May,0,Aerial Solid,Winter Rye,5514
3,No Till,NA,28:10:10,1120,1-May,0,Aerial Solid,Winter Rye,5515
5,No Till,NA,28:10:10,1120,1-May,0,Aerial Solid,Winter Rye,5516
0,No Till,NA,Dairy Manure,1120,1-May,0,Aerial Solid,Winter Rye,5517
1,No Till,NA,Dairy Manure,1120,1-May,0,Aerial Solid,Winter Rye,5518
3,No Till,NA,Dairy Manure,1120,1-May,0,Aerial Solid,Winter Rye,5519
5,No Till,NA,Dairy Manure,1120,1-May,0,Aerial Solid,Winter Rye,5520
0,No Till,NA,26:13:00,0,1-Feb,140,Aerial Solid,Winter Rye,5521
1,No Till,NA,26:13:00,0,1-Feb,140,Aerial Solid,Winter Rye,5522
3,No Till,NA,26:13:00,0,1-Feb,140,Aerial Solid,Winter Rye,5523
5,No Till,NA,26:13:00,0,1-Feb,140,Aerial Solid,Winter Rye,5524
0,No Till,NA,28:10:10,0,1-Feb,140,Aerial Solid,Winter Rye,5525
1,No Till,NA,28:10:10,0,1-Feb,140,Aerial Solid,Winter Rye,5526
3,No Till,NA,28:10:10,0,1-Feb,140,Aerial Solid,Winter Rye,5527
5,No Till,NA,28:10:10,0,1-Feb,140,Aerial Solid,Winter Rye,5528
0,No Till,NA,Dairy Manure,0,1-Feb,140,Aerial Solid,Winter Rye,5529
1,No Till,NA,Dairy Manure,0,1-Feb,140,Aerial Solid,Winter Rye,5530
3,No Till,NA,Dairy Manure,0,1-Feb,140,Aerial Solid,Winter Rye,5531
5,No Till,NA,Dairy Manure,0,1-Feb,140,Aerial Solid,Winter Rye,5532
0,No Till,NA,26:13:00,140,1-Feb,140,Aerial Solid,Winter Rye,5533
1,No Till,NA,26:13:00,140,1-Feb,140,Aerial Solid,Winter Rye,5534
3,No Till,NA,26:13:00,140,1-Feb,140,Aerial Solid,Winter Rye,5535
5,No Till,NA,26:13:00,140,1-Feb,140,Aerial Solid,Winter Rye,5536
0,No Till,NA,28:10:10,140,1-Feb,140,Aerial Solid,Winter Rye,5537
1,No Till,NA,28:10:10,140,1-Feb,140,Aerial Solid,Winter Rye,5538
3,No Till,NA,28:10:10,140,1-Feb,140,Aerial Solid,Winter Rye,5539
5,No Till,NA,28:10:10,140,1-Feb,140,Aerial Solid,Winter Rye,5540
0,No Till,NA,Dairy Manure,140,1-Feb,140,Aerial Solid,Winter Rye,5541
1,No Till,NA,Dairy Manure,140,1-Feb,140,Aerial Solid,Winter Rye,5542
3,No Till,NA,Dairy Manure,140,1-Feb,140,Aerial Solid,Winter Rye,5543
5,No Till,NA,Dairy Manure,140,1-Feb,140,Aerial Solid,Winter Rye,5544
0,No Till,NA,26:13:00,280,1-Feb,140,Aerial Solid,Winter Rye,5545
1,No Till,NA,26:13:00,280,1-Feb,140,Aerial Solid,Winter Rye,5546
3,No Till,NA,26:13:00,280,1-Feb,140,Aerial Solid,Winter Rye,5547
5,No Till,NA,26:13:00,280,1-Feb,140,Aerial Solid,Winter Rye,5548
0,No Till,NA,28:10:10,280,1-Feb,140,Aerial Solid,Winter Rye,5549
1,No Till,NA,28:10:10,280,1-Feb,140,Aerial Solid,Winter Rye,5550
3,No Till,NA,28:10:10,280,1-Feb,140,Aerial Solid,Winter Rye,5551
5,No Till,NA,28:10:10,280,1-Feb,140,Aerial Solid,Winter Rye,5552
0,No Till,NA,Dairy Manure,280,1-Feb,140,Aerial Solid,Winter Rye,5553
1,No Till,NA,Dairy Manure,280,1-Feb,140,Aerial Solid,Winter Rye,5554
3,No Till,NA,Dairy Manure,280,1-Feb,140,Aerial Solid,Winter Rye,5555
5,No Till,NA,Dairy Manure,280,1-Feb,140,Aerial Solid,Winter Rye,5556
0,No Till,NA,26:13:00,560,1-Feb,140,Aerial Solid,Winter Rye,5557
1,No Till,NA,26:13:00,560,1-Feb,140,Aerial Solid,Winter Rye,5558
3,No Till,NA,26:13:00,560,1-Feb,140,Aerial Solid,Winter Rye,5559
5,No Till,NA,26:13:00,560,1-Feb,140,Aerial Solid,Winter Rye,5560
0,No Till,NA,28:10:10,560,1-Feb,140,Aerial Solid,Winter Rye,5561
1,No Till,NA,28:10:10,560,1-Feb,140,Aerial Solid,Winter Rye,5562
3,No Till,NA,28:10:10,560,1-Feb,140,Aerial Solid,Winter Rye,5563
5,No Till,NA,28:10:10,560,1-Feb,140,Aerial Solid,Winter Rye,5564
0,No Till,NA,Dairy Manure,560,1-Feb,140,Aerial Solid,Winter Rye,5565
1,No Till,NA,Dairy Manure,560,1-Feb,140,Aerial Solid,Winter Rye,5566
3,No Till,NA,Dairy Manure,560,1-Feb,140,Aerial Solid,Winter Rye,5567
5,No Till,NA,Dairy Manure,560,1-Feb,140,Aerial Solid,Winter Rye,5568
0,No Till,NA,26:13:00,1120,1-Feb,140,Aerial Solid,Winter Rye,5569
1,No Till,NA,26:13:00,1120,1-Feb,140,Aerial Solid,Winter Rye,5570
3,No Till,NA,26:13:00,1120,1-Feb,140,Aerial Solid,Winter Rye,5571
5,No Till,NA,26:13:00,1120,1-Feb,140,Aerial Solid,Winter Rye,5572
0,No Till,NA,28:10:10,1120,1-Feb,140,Aerial Solid,Winter Rye,5573
1,No Till,NA,28:10:10,1120,1-Feb,140,Aerial Solid,Winter Rye,5574
3,No Till,NA,28:10:10,1120,1-Feb,140,Aerial Solid,Winter Rye,5575
5,No Till,NA,28:10:10,1120,1-Feb,140,Aerial Solid,Winter Rye,5576
0,No Till,NA,Dairy Manure,1120,1-Feb,140,Aerial Solid,Winter Rye,5577
1,No Till,NA,Dairy Manure,1120,1-Feb,140,Aerial Solid,Winter Rye,5578
3,No Till,NA,Dairy Manure,1120,1-Feb,140,Aerial Solid,Winter Rye,5579
5,No Till,NA,Dairy Manure,1120,1-Feb,140,Aerial Solid,Winter Rye,5580
0,No Till,NA,26:13:00,0,1-May,140,Aerial Solid,Winter Rye,5581
1,No Till,NA,26:13:00,0,1-May,140,Aerial Solid,Winter Rye,5582
3,No Till,NA,26:13:00,0,1-May,140,Aerial Solid,Winter Rye,5583
5,No Till,NA,26:13:00,0,1-May,140,Aerial Solid,Winter Rye,5584
0,No Till,NA,28:10:10,0,1-May,140,Aerial Solid,Winter Rye,5585
1,No Till,NA,28:10:10,0,1-May,140,Aerial Solid,Winter Rye,5586
3,No Till,NA,28:10:10,0,1-May,140,Aerial Solid,Winter Rye,5587
5,No Till,NA,28:10:10,0,1-May,140,Aerial Solid,Winter Rye,5588
0,No Till,NA,Dairy Manure,0,1-May,140,Aerial Solid,Winter Rye,5589
1,No Till,NA,Dairy Manure,0,1-May,140,Aerial Solid,Winter Rye,5590
3,No Till,NA,Dairy Manure,0,1-May,140,Aerial Solid,Winter Rye,5591
5,No Till,NA,Dairy Manure,0,1-May,140,Aerial Solid,Winter Rye,5592
0,No Till,NA,26:13:00,140,1-May,140,Aerial Solid,Winter Rye,5593
1,No Till,NA,26:13:00,140,1-May,140,Aerial Solid,Winter Rye,5594
3,No Till,NA,26:13:00,140,1-May,140,Aerial Solid,Winter Rye,5595
5,No Till,NA,26:13:00,140,1-May,140,Aerial Solid,Winter Rye,5596
0,No Till,NA,28:10:10,140,1-May,140,Aerial Solid,Winter Rye,5597
1,No Till,NA,28:10:10,140,1-May,140,Aerial Solid,Winter Rye,5598
3,No Till,NA,28:10:10,140,1-May,140,Aerial Solid,Winter Rye,5599
5,No Till,NA,28:10:10,140,1-May,140,Aerial Solid,Winter Rye,5600
0,No Till,NA,Dairy Manure,140,1-May,140,Aerial Solid,Winter Rye,5601
1,No Till,NA,Dairy Manure,140,1-May,140,Aerial Solid,Winter Rye,5602
3,No Till,NA,Dairy Manure,140,1-May,140,Aerial Solid,Winter Rye,5603
5,No Till,NA,Dairy Manure,140,1-May,140,Aerial Solid,Winter Rye,5604
0,No Till,NA,26:13:00,280,1-May,140,Aerial Solid,Winter Rye,5605
1,No Till,NA,26:13:00,280,1-May,140,Aerial Solid,Winter Rye,5606
3,No Till,NA,26:13:00,280,1-May,140,Aerial Solid,Winter Rye,5607
5,No Till,NA,26:13:00,280,1-May,140,Aerial Solid,Winter Rye,5608
0,No Till,NA,28:10:10,280,1-May,140,Aerial Solid,Winter Rye,5609
1,No Till,NA,28:10:10,280,1-May,140,Aerial Solid,Winter Rye,5610
3,No Till,NA,28:10:10,280,1-May,140,Aerial Solid,Winter Rye,5611
5,No Till,NA,28:10:10,280,1-May,140,Aerial Solid,Winter Rye,5612
0,No Till,NA,Dairy Manure,280,1-May,140,Aerial Solid,Winter Rye,5613
1,No Till,NA,Dairy Manure,280,1-May,140,Aerial Solid,Winter Rye,5614
3,No Till,NA,Dairy Manure,280,1-May,140,Aerial Solid,Winter Rye,5615
5,No Till,NA,Dairy Manure,280,1-May,140,Aerial Solid,Winter Rye,5616
0,No Till,NA,26:13:00,560,1-May,140,Aerial Solid,Winter Rye,5617
1,No Till,NA,26:13:00,560,1-May,140,Aerial Solid,Winter Rye,5618
3,No Till,NA,26:13:00,560,1-May,140,Aerial Solid,Winter Rye,5619
5,No Till,NA,26:13:00,560,1-May,140,Aerial Solid,Winter Rye,5620
0,No Till,NA,28:10:10,560,1-May,140,Aerial Solid,Winter Rye,5621
1,No Till,NA,28:10:10,560,1-May,140,Aerial Solid,Winter Rye,5622
3,No Till,NA,28:10:10,560,1-May,140,Aerial Solid,Winter Rye,5623
5,No Till,NA,28:10:10,560,1-May,140,Aerial Solid,Winter Rye,5624
0,No Till,NA,Dairy Manure,560,1-May,140,Aerial Solid,Winter Rye,5625
1,No Till,NA,Dairy Manure,560,1-May,140,Aerial Solid,Winter Rye,5626
3,No Till,NA,Dairy Manure,560,1-May,140,Aerial Solid,Winter Rye,5627
5,No Till,NA,Dairy Manure,560,1-May,140,Aerial Solid,Winter Rye,5628
0,No Till,NA,26:13:00,1120,1-May,140,Aerial Solid,Winter Rye,5629
1,No Till,NA,26:13:00,1120,1-May,140,Aerial Solid,Winter Rye,5630
3,No Till,NA,26:13:00,1120,1-May,140,Aerial Solid,Winter Rye,5631
5,No Till,NA,26:13:00,1120,1-May,140,Aerial Solid,Winter Rye,5632
0,No Till,NA,28:10:10,1120,1-May,140,Aerial Solid,Winter Rye,5633
1,No Till,NA,28:10:10,1120,1-May,140,Aerial Solid,Winter Rye,5634
3,No Till,NA,28:10:10,1120,1-May,140,Aerial Solid,Winter Rye,5635
5,No Till,NA,28:10:10,1120,1-May,140,Aerial Solid,Winter Rye,5636
0,No Till,NA,Dairy Manure,1120,1-May,140,Aerial Solid,Winter Rye,5637
1,No Till,NA,Dairy Manure,1120,1-May,140,Aerial Solid,Winter Rye,5638
3,No Till,NA,Dairy Manure,1120,1-May,140,Aerial Solid,Winter Rye,5639
5,No Till,NA,Dairy Manure,1120,1-May,140,Aerial Solid,Winter Rye,5640
0,No Till,NA,26:13:00,0,1-Feb,280,Aerial Solid,Winter Rye,5641
1,No Till,NA,26:13:00,0,1-Feb,280,Aerial Solid,Winter Rye,5642
3,No Till,NA,26:13:00,0,1-Feb,280,Aerial Solid,Winter Rye,5643
5,No Till,NA,26:13:00,0,1-Feb,280,Aerial Solid,Winter Rye,5644
0,No Till,NA,28:10:10,0,1-Feb,280,Aerial Solid,Winter Rye,5645
1,No Till,NA,28:10:10,0,1-Feb,280,Aerial Solid,Winter Rye,5646
3,No Till,NA,28:10:10,0,1-Feb,280,Aerial Solid,Winter Rye,5647
5,No Till,NA,28:10:10,0,1-Feb,280,Aerial Solid,Winter Rye,5648
0,No Till,NA,Dairy Manure,0,1-Feb,280,Aerial Solid,Winter Rye,5649
1,No Till,NA,Dairy Manure,0,1-Feb,280,Aerial Solid,Winter Rye,5650
3,No Till,NA,Dairy Manure,0,1-Feb,280,Aerial Solid,Winter Rye,5651
5,No Till,NA,Dairy Manure,0,1-Feb,280,Aerial Solid,Winter Rye,5652
0,No Till,NA,26:13:00,140,1-Feb,280,Aerial Solid,Winter Rye,5653
1,No Till,NA,26:13:00,140,1-Feb,280,Aerial Solid,Winter Rye,5654
3,No Till,NA,26:13:00,140,1-Feb,280,Aerial Solid,Winter Rye,5655
5,No Till,NA,26:13:00,140,1-Feb,280,Aerial Solid,Winter Rye,5656
0,No Till,NA,28:10:10,140,1-Feb,280,Aerial Solid,Winter Rye,5657
1,No Till,NA,28:10:10,140,1-Feb,280,Aerial Solid,Winter Rye,5658
3,No Till,NA,28:10:10,140,1-Feb,280,Aerial Solid,Winter Rye,5659
5,No Till,NA,28:10:10,140,1-Feb,280,Aerial Solid,Winter Rye,5660
0,No Till,NA,Dairy Manure,140,1-Feb,280,Aerial Solid,Winter Rye,5661
1,No Till,NA,Dairy Manure,140,1-Feb,280,Aerial Solid,Winter Rye,5662
3,No Till,NA,Dairy Manure,140,1-Feb,280,Aerial Solid,Winter Rye,5663
5,No Till,NA,Dairy Manure,140,1-Feb,280,Aerial Solid,Winter Rye,5664
0,No Till,NA,26:13:00,280,1-Feb,280,Aerial Solid,Winter Rye,5665
1,No Till,NA,26:13:00,280,1-Feb,280,Aerial Solid,Winter Rye,5666
3,No Till,NA,26:13:00,280,1-Feb,280,Aerial Solid,Winter Rye,5667
5,No Till,NA,26:13:00,280,1-Feb,280,Aerial Solid,Winter Rye,5668
0,No Till,NA,28:10:10,280,1-Feb,280,Aerial Solid,Winter Rye,5669
1,No Till,NA,28:10:10,280,1-Feb,280,Aerial Solid,Winter Rye,5670
3,No Till,NA,28:10:10,280,1-Feb,280,Aerial Solid,Winter Rye,5671
5,No Till,NA,28:10:10,280,1-Feb,280,Aerial Solid,Winter Rye,5672
0,No Till,NA,Dairy Manure,280,1-Feb,280,Aerial Solid,Winter Rye,5673
1,No Till,NA,Dairy Manure,280,1-Feb,280,Aerial Solid,Winter Rye,5674
3,No Till,NA,Dairy Manure,280,1-Feb,280,Aerial Solid,Winter Rye,5675
5,No Till,NA,Dairy Manure,280,1-Feb,280,Aerial Solid,Winter Rye,5676
0,No Till,NA,26:13:00,560,1-Feb,280,Aerial Solid,Winter Rye,5677
1,No Till,NA,26:13:00,560,1-Feb,280,Aerial Solid,Winter Rye,5678
3,No Till,NA,26:13:00,560,1-Feb,280,Aerial Solid,Winter Rye,5679
5,No Till,NA,26:13:00,560,1-Feb,280,Aerial Solid,Winter Rye,5680
0,No Till,NA,28:10:10,560,1-Feb,280,Aerial Solid,Winter Rye,5681
1,No Till,NA,28:10:10,560,1-Feb,280,Aerial Solid,Winter Rye,5682
3,No Till,NA,28:10:10,560,1-Feb,280,Aerial Solid,Winter Rye,5683
5,No Till,NA,28:10:10,560,1-Feb,280,Aerial Solid,Winter Rye,5684
0,No Till,NA,Dairy Manure,560,1-Feb,280,Aerial Solid,Winter Rye,5685
1,No Till,NA,Dairy Manure,560,1-Feb,280,Aerial Solid,Winter Rye,5686
3,No Till,NA,Dairy Manure,560,1-Feb,280,Aerial Solid,Winter Rye,5687
5,No Till,NA,Dairy Manure,560,1-Feb,280,Aerial Solid,Winter Rye,5688
0,No Till,NA,26:13:00,1120,1-Feb,280,Aerial Solid,Winter Rye,5689
1,No Till,NA,26:13:00,1120,1-Feb,280,Aerial Solid,Winter Rye,5690
3,No Till,NA,26:13:00,1120,1-Feb,280,Aerial Solid,Winter Rye,5691
5,No Till,NA,26:13:00,1120,1-Feb,280,Aerial Solid,Winter Rye,5692
0,No Till,NA,28:10:10,1120,1-Feb,280,Aerial Solid,Winter Rye,5693
1,No Till,NA,28:10:10,1120,1-Feb,280,Aerial Solid,Winter Rye,5694
3,No Till,NA,28:10:10,1120,1-Feb,280,Aerial Solid,Winter Rye,5695
5,No Till,NA,28:10:10,1120,1-Feb,280,Aerial Solid,Winter Rye,5696
0,No Till,NA,Dairy Manure,1120,1-Feb,280,Aerial Solid,Winter Rye,5697
1,No Till,NA,Dairy Manure,1120,1-Feb,280,Aerial Solid,Winter Rye,5698
3,No Till,NA,Dairy Manure,1120,1-Feb,280,Aerial Solid,Winter Rye,5699
5,No Till,NA,Dairy Manure,1120,1-Feb,280,Aerial Solid,Winter Rye,5700
0,No Till,NA,26:13:00,0,1-May,280,Aerial Solid,Winter Rye,5701
1,No Till,NA,26:13:00,0,1-May,280,Aerial Solid,Winter Rye,5702
3,No Till,NA,26:13:00,0,1-May,280,Aerial Solid,Winter Rye,5703
5,No Till,NA,26:13:00,0,1-May,280,Aerial Solid,Winter Rye,5704
0,No Till,NA,28:10:10,0,1-May,280,Aerial Solid,Winter Rye,5705
1,No Till,NA,28:10:10,0,1-May,280,Aerial Solid,Winter Rye,5706
3,No Till,NA,28:10:10,0,1-May,280,Aerial Solid,Winter Rye,5707
5,No Till,NA,28:10:10,0,1-May,280,Aerial Solid,Winter Rye,5708
0,No Till,NA,Dairy Manure,0,1-May,280,Aerial Solid,Winter Rye,5709
1,No Till,NA,Dairy Manure,0,1-May,280,Aerial Solid,Winter Rye,5710
3,No Till,NA,Dairy Manure,0,1-May,280,Aerial Solid,Winter Rye,5711
5,No Till,NA,Dairy Manure,0,1-May,280,Aerial Solid,Winter Rye,5712
0,No Till,NA,26:13:00,140,1-May,280,Aerial Solid,Winter Rye,5713
1,No Till,NA,26:13:00,140,1-May,280,Aerial Solid,Winter Rye,5714
3,No Till,NA,26:13:00,140,1-May,280,Aerial Solid,Winter Rye,5715
5,No Till,NA,26:13:00,140,1-May,280,Aerial Solid,Winter Rye,5716
0,No Till,NA,28:10:10,140,1-May,280,Aerial Solid,Winter Rye,5717
1,No Till,NA,28:10:10,140,1-May,280,Aerial Solid,Winter Rye,5718
3,No Till,NA,28:10:10,140,1-May,280,Aerial Solid,Winter Rye,5719
5,No Till,NA,28:10:10,140,1-May,280,Aerial Solid,Winter Rye,5720
0,No Till,NA,Dairy Manure,140,1-May,280,Aerial Solid,Winter Rye,5721
1,No Till,NA,Dairy Manure,140,1-May,280,Aerial Solid,Winter Rye,5722
3,No Till,NA,Dairy Manure,140,1-May,280,Aerial Solid,Winter Rye,5723
5,No Till,NA,Dairy Manure,140,1-May,280,Aerial Solid,Winter Rye,5724
0,No Till,NA,26:13:00,280,1-May,280,Aerial Solid,Winter Rye,5725
1,No Till,NA,26:13:00,280,1-May,280,Aerial Solid,Winter Rye,5726
3,No Till,NA,26:13:00,280,1-May,280,Aerial Solid,Winter Rye,5727
5,No Till,NA,26:13:00,280,1-May,280,Aerial Solid,Winter Rye,5728
0,No Till,NA,28:10:10,280,1-May,280,Aerial Solid,Winter Rye,5729
1,No Till,NA,28:10:10,280,1-May,280,Aerial Solid,Winter Rye,5730
3,No Till,NA,28:10:10,280,1-May,280,Aerial Solid,Winter Rye,5731
5,No Till,NA,28:10:10,280,1-May,280,Aerial Solid,Winter Rye,5732
0,No Till,NA,Dairy Manure,280,1-May,280,Aerial Solid,Winter Rye,5733
1,No Till,NA,Dairy Manure,280,1-May,280,Aerial Solid,Winter Rye,5734
3,No Till,NA,Dairy Manure,280,1-May,280,Aerial Solid,Winter Rye,5735
5,No Till,NA,Dairy Manure,280,1-May,280,Aerial Solid,Winter Rye,5736
0,No Till,NA,26:13:00,560,1-May,280,Aerial Solid,Winter Rye,5737
1,No Till,NA,26:13:00,560,1-May,280,Aerial Solid,Winter Rye,5738
3,No Till,NA,26:13:00,560,1-May,280,Aerial Solid,Winter Rye,5739
5,No Till,NA,26:13:00,560,1-May,280,Aerial Solid,Winter Rye,5740
0,No Till,NA,28:10:10,560,1-May,280,Aerial Solid,Winter Rye,5741
1,No Till,NA,28:10:10,560,1-May,280,Aerial Solid,Winter Rye,5742
3,No Till,NA,28:10:10,560,1-May,280,Aerial Solid,Winter Rye,5743
5,No Till,NA,28:10:10,560,1-May,280,Aerial Solid,Winter Rye,5744
0,No Till,NA,Dairy Manure,560,1-May,280,Aerial Solid,Winter Rye,5745
1,No Till,NA,Dairy Manure,560,1-May,280,Aerial Solid,Winter Rye,5746
3,No Till,NA,Dairy Manure,560,1-May,280,Aerial Solid,Winter Rye,5747
5,No Till,NA,Dairy Manure,560,1-May,280,Aerial Solid,Winter Rye,5748
0,No Till,NA,26:13:00,1120,1-May,280,Aerial Solid,Winter Rye,5749
1,No Till,NA,26:13:00,1120,1-May,280,Aerial Solid,Winter Rye,5750
3,No Till,NA,26:13:00,1120,1-May,280,Aerial Solid,Winter Rye,5751
5,No Till,NA,26:13:00,1120,1-May,280,Aerial Solid,Winter Rye,5752
0,No Till,NA,28:10:10,1120,1-May,280,Aerial Solid,Winter Rye,5753
1,No Till,NA,28:10:10,1120,1-May,280,Aerial Solid,Winter Rye,5754
3,No Till,NA,28:10:10,1120,1-May,280,Aerial Solid,Winter Rye,5755
5,No Till,NA,28:10:10,1120,1-May,280,Aerial Solid,Winter Rye,5756
0,No Till,NA,Dairy Manure,1120,1-May,280,Aerial Solid,Winter Rye,5757
1,No Till,NA,Dairy Manure,1120,1-May,280,Aerial Solid,Winter Rye,5758
3,No Till,NA,Dairy Manure,1120,1-May,280,Aerial Solid,Winter Rye,5759
5,No Till,NA,Dairy Manure,1120,1-May,280,Aerial Solid,Winter Rye,5760
0,No Till,NA,26:13:00,0,1-Feb,560,Aerial Solid,Winter Rye,5761
1,No Till,NA,26:13:00,0,1-Feb,560,Aerial Solid,Winter Rye,5762
3,No Till,NA,26:13:00,0,1-Feb,560,Aerial Solid,Winter Rye,5763
5,No Till,NA,26:13:00,0,1-Feb,560,Aerial Solid,Winter Rye,5764
0,No Till,NA,28:10:10,0,1-Feb,560,Aerial Solid,Winter Rye,5765
1,No Till,NA,28:10:10,0,1-Feb,560,Aerial Solid,Winter Rye,5766
3,No Till,NA,28:10:10,0,1-Feb,560,Aerial Solid,Winter Rye,5767
5,No Till,NA,28:10:10,0,1-Feb,560,Aerial Solid,Winter Rye,5768
0,No Till,NA,Dairy Manure,0,1-Feb,560,Aerial Solid,Winter Rye,5769
1,No Till,NA,Dairy Manure,0,1-Feb,560,Aerial Solid,Winter Rye,5770
3,No Till,NA,Dairy Manure,0,1-Feb,560,Aerial Solid,Winter Rye,5771
5,No Till,NA,Dairy Manure,0,1-Feb,560,Aerial Solid,Winter Rye,5772
0,No Till,NA,26:13:00,140,1-Feb,560,Aerial Solid,Winter Rye,5773
1,No Till,NA,26:13:00,140,1-Feb,560,Aerial Solid,Winter Rye,5774
3,No Till,NA,26:13:00,140,1-Feb,560,Aerial Solid,Winter Rye,5775
5,No Till,NA,26:13:00,140,1-Feb,560,Aerial Solid,Winter Rye,5776
0,No Till,NA,28:10:10,140,1-Feb,560,Aerial Solid,Winter Rye,5777
1,No Till,NA,28:10:10,140,1-Feb,560,Aerial Solid,Winter Rye,5778
3,No Till,NA,28:10:10,140,1-Feb,560,Aerial Solid,Winter Rye,5779
5,No Till,NA,28:10:10,140,1-Feb,560,Aerial Solid,Winter Rye,5780
0,No Till,NA,Dairy Manure,140,1-Feb,560,Aerial Solid,Winter Rye,5781
1,No Till,NA,Dairy Manure,140,1-Feb,560,Aerial Solid,Winter Rye,5782
3,No Till,NA,Dairy Manure,140,1-Feb,560,Aerial Solid,Winter Rye,5783
5,No Till,NA,Dairy Manure,140,1-Feb,560,Aerial Solid,Winter Rye,5784
0,No Till,NA,26:13:00,280,1-Feb,560,Aerial Solid,Winter Rye,5785
1,No Till,NA,26:13:00,280,1-Feb,560,Aerial Solid,Winter Rye,5786
3,No Till,NA,26:13:00,280,1-Feb,560,Aerial Solid,Winter Rye,5787
5,No Till,NA,26:13:00,280,1-Feb,560,Aerial Solid,Winter Rye,5788
0,No Till,NA,28:10:10,280,1-Feb,560,Aerial Solid,Winter Rye,5789
1,No Till,NA,28:10:10,280,1-Feb,560,Aerial Solid,Winter Rye,5790
3,No Till,NA,28:10:10,280,1-Feb,560,Aerial Solid,Winter Rye,5791
5,No Till,NA,28:10:10,280,1-Feb,560,Aerial Solid,Winter Rye,5792
0,No Till,NA,Dairy Manure,280,1-Feb,560,Aerial Solid,Winter Rye,5793
1,No Till,NA,Dairy Manure,280,1-Feb,560,Aerial Solid,Winter Rye,5794
3,No Till,NA,Dairy Manure,280,1-Feb,560,Aerial Solid,Winter Rye,5795
5,No Till,NA,Dairy Manure,280,1-Feb,560,Aerial Solid,Winter Rye,5796
0,No Till,NA,26:13:00,560,1-Feb,560,Aerial Solid,Winter Rye,5797
1,No Till,NA,26:13:00,560,1-Feb,560,Aerial Solid,Winter Rye,5798
3,No Till,NA,26:13:00,560,1-Feb,560,Aerial Solid,Winter Rye,5799
5,No Till,NA,26:13:00,560,1-Feb,560,Aerial Solid,Winter Rye,5800
0,No Till,NA,28:10:10,560,1-Feb,560,Aerial Solid,Winter Rye,5801
1,No Till,NA,28:10:10,560,1-Feb,560,Aerial Solid,Winter Rye,5802
3,No Till,NA,28:10:10,560,1-Feb,560,Aerial Solid,Winter Rye,5803
5,No Till,NA,28:10:10,560,1-Feb,560,Aerial Solid,Winter Rye,5804
0,No Till,NA,Dairy Manure,560,1-Feb,560,Aerial Solid,Winter Rye,5805
1,No Till,NA,Dairy Manure,560,1-Feb,560,Aerial Solid,Winter Rye,5806
3,No Till,NA,Dairy Manure,560,1-Feb,560,Aerial Solid,Winter Rye,5807
5,No Till,NA,Dairy Manure,560,1-Feb,560,Aerial Solid,Winter Rye,5808
0,No Till,NA,26:13:00,1120,1-Feb,560,Aerial Solid,Winter Rye,5809
1,No Till,NA,26:13:00,1120,1-Feb,560,Aerial Solid,Winter Rye,5810
3,No Till,NA,26:13:00,1120,1-Feb,560,Aerial Solid,Winter Rye,5811
5,No Till,NA,26:13:00,1120,1-Feb,560,Aerial Solid,Winter Rye,5812
0,No Till,NA,28:10:10,1120,1-Feb,560,Aerial Solid,Winter Rye,5813
1,No Till,NA,28:10:10,1120,1-Feb,560,Aerial Solid,Winter Rye,5814
3,No Till,NA,28:10:10,1120,1-Feb,560,Aerial Solid,Winter Rye,5815
5,No Till,NA,28:10:10,1120,1-Feb,560,Aerial Solid,Winter Rye,5816
0,No Till,NA,Dairy Manure,1120,1-Feb,560,Aerial Solid,Winter Rye,5817
1,No Till,NA,Dairy Manure,1120,1-Feb,560,Aerial Solid,Winter Rye,5818
3,No Till,NA,Dairy Manure,1120,1-Feb,560,Aerial Solid,Winter Rye,5819
5,No Till,NA,Dairy Manure,1120,1-Feb,560,Aerial Solid,Winter Rye,5820
0,No Till,NA,26:13:00,0,1-May,560,Aerial Solid,Winter Rye,5821
1,No Till,NA,26:13:00,0,1-May,560,Aerial Solid,Winter Rye,5822
3,No Till,NA,26:13:00,0,1-May,560,Aerial Solid,Winter Rye,5823
5,No Till,NA,26:13:00,0,1-May,560,Aerial Solid,Winter Rye,5824
0,No Till,NA,28:10:10,0,1-May,560,Aerial Solid,Winter Rye,5825
1,No Till,NA,28:10:10,0,1-May,560,Aerial Solid,Winter Rye,5826
3,No Till,NA,28:10:10,0,1-May,560,Aerial Solid,Winter Rye,5827
5,No Till,NA,28:10:10,0,1-May,560,Aerial Solid,Winter Rye,5828
0,No Till,NA,Dairy Manure,0,1-May,560,Aerial Solid,Winter Rye,5829
1,No Till,NA,Dairy Manure,0,1-May,560,Aerial Solid,Winter Rye,5830
3,No Till,NA,Dairy Manure,0,1-May,560,Aerial Solid,Winter Rye,5831
5,No Till,NA,Dairy Manure,0,1-May,560,Aerial Solid,Winter Rye,5832
0,No Till,NA,26:13:00,140,1-May,560,Aerial Solid,Winter Rye,5833
1,No Till,NA,26:13:00,140,1-May,560,Aerial Solid,Winter Rye,5834
3,No Till,NA,26:13:00,140,1-May,560,Aerial Solid,Winter Rye,5835
5,No Till,NA,26:13:00,140,1-May,560,Aerial Solid,Winter Rye,5836
0,No Till,NA,28:10:10,140,1-May,560,Aerial Solid,Winter Rye,5837
1,No Till,NA,28:10:10,140,1-May,560,Aerial Solid,Winter Rye,5838
3,No Till,NA,28:10:10,140,1-May,560,Aerial Solid,Winter Rye,5839
5,No Till,NA,28:10:10,140,1-May,560,Aerial Solid,Winter Rye,5840
0,No Till,NA,Dairy Manure,140,1-May,560,Aerial Solid,Winter Rye,5841
1,No Till,NA,Dairy Manure,140,1-May,560,Aerial Solid,Winter Rye,5842
3,No Till,NA,Dairy Manure,140,1-May,560,Aerial Solid,Winter Rye,5843
5,No Till,NA,Dairy Manure,140,1-May,560,Aerial Solid,Winter Rye,5844
0,No Till,NA,26:13:00,280,1-May,560,Aerial Solid,Winter Rye,5845
1,No Till,NA,26:13:00,280,1-May,560,Aerial Solid,Winter Rye,5846
3,No Till,NA,26:13:00,280,1-May,560,Aerial Solid,Winter Rye,5847
5,No Till,NA,26:13:00,280,1-May,560,Aerial Solid,Winter Rye,5848
0,No Till,NA,28:10:10,280,1-May,560,Aerial Solid,Winter Rye,5849
1,No Till,NA,28:10:10,280,1-May,560,Aerial Solid,Winter Rye,5850
3,No Till,NA,28:10:10,280,1-May,560,Aerial Solid,Winter Rye,5851
5,No Till,NA,28:10:10,280,1-May,560,Aerial Solid,Winter Rye,5852
0,No Till,NA,Dairy Manure,280,1-May,560,Aerial Solid,Winter Rye,5853
1,No Till,NA,Dairy Manure,280,1-May,560,Aerial Solid,Winter Rye,5854
3,No Till,NA,Dairy Manure,280,1-May,560,Aerial Solid,Winter Rye,5855
5,No Till,NA,Dairy Manure,280,1-May,560,Aerial Solid,Winter Rye,5856
0,No Till,NA,26:13:00,560,1-May,560,Aerial Solid,Winter Rye,5857
1,No Till,NA,26:13:00,560,1-May,560,Aerial Solid,Winter Rye,5858
3,No Till,NA,26:13:00,560,1-May,560,Aerial Solid,Winter Rye,5859
5,No Till,NA,26:13:00,560,1-May,560,Aerial Solid,Winter Rye,5860
0,No Till,NA,28:10:10,560,1-May,560,Aerial Solid,Winter Rye,5861
1,No Till,NA,28:10:10,560,1-May,560,Aerial Solid,Winter Rye,5862
3,No Till,NA,28:10:10,560,1-May,560,Aerial Solid,Winter Rye,5863
5,No Till,NA,28:10:10,560,1-May,560,Aerial Solid,Winter Rye,5864
0,No Till,NA,Dairy Manure,560,1-May,560,Aerial Solid,Winter Rye,5865
1,No Till,NA,Dairy Manure,560,1-May,560,Aerial Solid,Winter Rye,5866
3,No Till,NA,Dairy Manure,560,1-May,560,Aerial Solid,Winter Rye,5867
5,No Till,NA,Dairy Manure,560,1-May,560,Aerial Solid,Winter Rye,5868
0,No Till,NA,26:13:00,1120,1-May,560,Aerial Solid,Winter Rye,5869
1,No Till,NA,26:13:00,1120,1-May,560,Aerial Solid,Winter Rye,5870
3,No Till,NA,26:13:00,1120,1-May,560,Aerial Solid,Winter Rye,5871
5,No Till,NA,26:13:00,1120,1-May,560,Aerial Solid,Winter Rye,5872
0,No Till,NA,28:10:10,1120,1-May,560,Aerial Solid,Winter Rye,5873
1,No Till,NA,28:10:10,1120,1-May,560,Aerial Solid,Winter Rye,5874
3,No Till,NA,28:10:10,1120,1-May,560,Aerial Solid,Winter Rye,5875
5,No Till,NA,28:10:10,1120,1-May,560,Aerial Solid,Winter Rye,5876
0,No Till,NA,Dairy Manure,1120,1-May,560,Aerial Solid,Winter Rye,5877
1,No Till,NA,Dairy Manure,1120,1-May,560,Aerial Solid,Winter Rye,5878
3,No Till,NA,Dairy Manure,1120,1-May,560,Aerial Solid,Winter Rye,5879
5,No Till,NA,Dairy Manure,1120,1-May,560,Aerial Solid,Winter Rye,5880
0,No Till,NA,26:13:00,0,1-Feb,1120,Aerial Solid,Winter Rye,5881
1,No Till,NA,26:13:00,0,1-Feb,1120,Aerial Solid,Winter Rye,5882
3,No Till,NA,26:13:00,0,1-Feb,1120,Aerial Solid,Winter Rye,5883
5,No Till,NA,26:13:00,0,1-Feb,1120,Aerial Solid,Winter Rye,5884
0,No Till,NA,28:10:10,0,1-Feb,1120,Aerial Solid,Winter Rye,5885
1,No Till,NA,28:10:10,0,1-Feb,1120,Aerial Solid,Winter Rye,5886
3,No Till,NA,28:10:10,0,1-Feb,1120,Aerial Solid,Winter Rye,5887
5,No Till,NA,28:10:10,0,1-Feb,1120,Aerial Solid,Winter Rye,5888
0,No Till,NA,Dairy Manure,0,1-Feb,1120,Aerial Solid,Winter Rye,5889
1,No Till,NA,Dairy Manure,0,1-Feb,1120,Aerial Solid,Winter Rye,5890
3,No Till,NA,Dairy Manure,0,1-Feb,1120,Aerial Solid,Winter Rye,5891
5,No Till,NA,Dairy Manure,0,1-Feb,1120,Aerial Solid,Winter Rye,5892
0,No Till,NA,26:13:00,140,1-Feb,1120,Aerial Solid,Winter Rye,5893
1,No Till,NA,26:13:00,140,1-Feb,1120,Aerial Solid,Winter Rye,5894
3,No Till,NA,26:13:00,140,1-Feb,1120,Aerial Solid,Winter Rye,5895
5,No Till,NA,26:13:00,140,1-Feb,1120,Aerial Solid,Winter Rye,5896
0,No Till,NA,28:10:10,140,1-Feb,1120,Aerial Solid,Winter Rye,5897
1,No Till,NA,28:10:10,140,1-Feb,1120,Aerial Solid,Winter Rye,5898
3,No Till,NA,28:10:10,140,1-Feb,1120,Aerial Solid,Winter Rye,5899
5,No Till,NA,28:10:10,140,1-Feb,1120,Aerial Solid,Winter Rye,5900
0,No Till,NA,Dairy Manure,140,1-Feb,1120,Aerial Solid,Winter Rye,5901
1,No Till,NA,Dairy Manure,140,1-Feb,1120,Aerial Solid,Winter Rye,5902
3,No Till,NA,Dairy Manure,140,1-Feb,1120,Aerial Solid,Winter Rye,5903
5,No Till,NA,Dairy Manure,140,1-Feb,1120,Aerial Solid,Winter Rye,5904
0,No Till,NA,26:13:00,280,1-Feb,1120,Aerial Solid,Winter Rye,5905
1,No Till,NA,26:13:00,280,1-Feb,1120,Aerial Solid,Winter Rye,5906
3,No Till,NA,26:13:00,280,1-Feb,1120,Aerial Solid,Winter Rye,5907
5,No Till,NA,26:13:00,280,1-Feb,1120,Aerial Solid,Winter Rye,5908
0,No Till,NA,28:10:10,280,1-Feb,1120,Aerial Solid,Winter Rye,5909
1,No Till,NA,28:10:10,280,1-Feb,1120,Aerial Solid,Winter Rye,5910
3,No Till,NA,28:10:10,280,1-Feb,1120,Aerial Solid,Winter Rye,5911
5,No Till,NA,28:10:10,280,1-Feb,1120,Aerial Solid,Winter Rye,5912
0,No Till,NA,Dairy Manure,280,1-Feb,1120,Aerial Solid,Winter Rye,5913
1,No Till,NA,Dairy Manure,280,1-Feb,1120,Aerial Solid,Winter Rye,5914
3,No Till,NA,Dairy Manure,280,1-Feb,1120,Aerial Solid,Winter Rye,5915
5,No Till,NA,Dairy Manure,280,1-Feb,1120,Aerial Solid,Winter Rye,5916
0,No Till,NA,26:13:00,560,1-Feb,1120,Aerial Solid,Winter Rye,5917
1,No Till,NA,26:13:00,560,1-Feb,1120,Aerial Solid,Winter Rye,5918
3,No Till,NA,26:13:00,560,1-Feb,1120,Aerial Solid,Winter Rye,5919
5,No Till,NA,26:13:00,560,1-Feb,1120,Aerial Solid,Winter Rye,5920
0,No Till,NA,28:10:10,560,1-Feb,1120,Aerial Solid,Winter Rye,5921
1,No Till,NA,28:10:10,560,1-Feb,1120,Aerial Solid,Winter Rye,5922
3,No Till,NA,28:10:10,560,1-Feb,1120,Aerial Solid,Winter Rye,5923
5,No Till,NA,28:10:10,560,1-Feb,1120,Aerial Solid,Winter Rye,5924
0,No Till,NA,Dairy Manure,560,1-Feb,1120,Aerial Solid,Winter Rye,5925
1,No Till,NA,Dairy Manure,560,1-Feb,1120,Aerial Solid,Winter Rye,5926
3,No Till,NA,Dairy Manure,560,1-Feb,1120,Aerial Solid,Winter Rye,5927
5,No Till,NA,Dairy Manure,560,1-Feb,1120,Aerial Solid,Winter Rye,5928
0,No Till,NA,26:13:00,1120,1-Feb,1120,Aerial Solid,Winter Rye,5929
1,No Till,NA,26:13:00,1120,1-Feb,1120,Aerial Solid,Winter Rye,5930
3,No Till,NA,26:13:00,1120,1-Feb,1120,Aerial Solid,Winter Rye,5931
5,No Till,NA,26:13:00,1120,1-Feb,1120,Aerial Solid,Winter Rye,5932
0,No Till,NA,28:10:10,1120,1-Feb,1120,Aerial Solid,Winter Rye,5933
1,No Till,NA,28:10:10,1120,1-Feb,1120,Aerial Solid,Winter Rye,5934
3,No Till,NA,28:10:10,1120,1-Feb,1120,Aerial Solid,Winter Rye,5935
5,No Till,NA,28:10:10,1120,1-Feb,1120,Aerial Solid,Winter Rye,5936
0,No Till,NA,Dairy Manure,1120,1-Feb,1120,Aerial Solid,Winter Rye,5937
1,No Till,NA,Dairy Manure,1120,1-Feb,1120,Aerial Solid,Winter Rye,5938
3,No Till,NA,Dairy Manure,1120,1-Feb,1120,Aerial Solid,Winter Rye,5939
5,No Till,NA,Dairy Manure,1120,1-Feb,1120,Aerial Solid,Winter Rye,5940
0,No Till,NA,26:13:00,0,1-May,1120,Aerial Solid,Winter Rye,5941
1,No Till,NA,26:13:00,0,1-May,1120,Aerial Solid,Winter Rye,5942
3,No Till,NA,26:13:00,0,1-May,1120,Aerial Solid,Winter Rye,5943
5,No Till,NA,26:13:00,0,1-May,1120,Aerial Solid,Winter Rye,5944
0,No Till,NA,28:10:10,0,1-May,1120,Aerial Solid,Winter Rye,5945
1,No Till,NA,28:10:10,0,1-May,1120,Aerial Solid,Winter Rye,5946
3,No Till,NA,28:10:10,0,1-May,1120,Aerial Solid,Winter Rye,5947
5,No Till,NA,28:10:10,0,1-May,1120,Aerial Solid,Winter Rye,5948
0,No Till,NA,Dairy Manure,0,1-May,1120,Aerial Solid,Winter Rye,5949
1,No Till,NA,Dairy Manure,0,1-May,1120,Aerial Solid,Winter Rye,5950
3,No Till,NA,Dairy Manure,0,1-May,1120,Aerial Solid,Winter Rye,5951
5,No Till,NA,Dairy Manure,0,1-May,1120,Aerial Solid,Winter Rye,5952
0,No Till,NA,26:13:00,140,1-May,1120,Aerial Solid,Winter Rye,5953
1,No Till,NA,26:13:00,140,1-May,1120,Aerial Solid,Winter Rye,5954
3,No Till,NA,26:13:00,140,1-May,1120,Aerial Solid,Winter Rye,5955
5,No Till,NA,26:13:00,140,1-May,1120,Aerial Solid,Winter Rye,5956
0,No Till,NA,28:10:10,140,1-May,1120,Aerial Solid,Winter Rye,5957
1,No Till,NA,28:10:10,140,1-May,1120,Aerial Solid,Winter Rye,5958
3,No Till,NA,28:10:10,140,1-May,1120,Aerial Solid,Winter Rye,5959
5,No Till,NA,28:10:10,140,1-May,1120,Aerial Solid,Winter Rye,5960
0,No Till,NA,Dairy Manure,140,1-May,1120,Aerial Solid,Winter Rye,5961
1,No Till,NA,Dairy Manure,140,1-May,1120,Aerial Solid,Winter Rye,5962
3,No Till,NA,Dairy Manure,140,1-May,1120,Aerial Solid,Winter Rye,5963
5,No Till,NA,Dairy Manure,140,1-May,1120,Aerial Solid,Winter Rye,5964
0,No Till,NA,26:13:00,280,1-May,1120,Aerial Solid,Winter Rye,5965
1,No Till,NA,26:13:00,280,1-May,1120,Aerial Solid,Winter Rye,5966
3,No Till,NA,26:13:00,280,1-May,1120,Aerial Solid,Winter Rye,5967
5,No Till,NA,26:13:00,280,1-May,1120,Aerial Solid,Winter Rye,5968
0,No Till,NA,28:10:10,280,1-May,1120,Aerial Solid,Winter Rye,5969
1,No Till,NA,28:10:10,280,1-May,1120,Aerial Solid,Winter Rye,5970
3,No Till,NA,28:10:10,280,1-May,1120,Aerial Solid,Winter Rye,5971
5,No Till,NA,28:10:10,280,1-May,1120,Aerial Solid,Winter Rye,5972
0,No Till,NA,Dairy Manure,280,1-May,1120,Aerial Solid,Winter Rye,5973
1,No Till,NA,Dairy Manure,280,1-May,1120,Aerial Solid,Winter Rye,5974
3,No Till,NA,Dairy Manure,280,1-May,1120,Aerial Solid,Winter Rye,5975
5,No Till,NA,Dairy Manure,280,1-May,1120,Aerial Solid,Winter Rye,5976
0,No Till,NA,26:13:00,560,1-May,1120,Aerial Solid,Winter Rye,5977
1,No Till,NA,26:13:00,560,1-May,1120,Aerial Solid,Winter Rye,5978
3,No Till,NA,26:13:00,560,1-May,1120,Aerial Solid,Winter Rye,5979
5,No Till,NA,26:13:00,560,1-May,1120,Aerial Solid,Winter Rye,5980
0,No Till,NA,28:10:10,560,1-May,1120,Aerial Solid,Winter Rye,5981
1,No Till,NA,28:10:10,560,1-May,1120,Aerial Solid,Winter Rye,5982
3,No Till,NA,28:10:10,560,1-May,1120,Aerial Solid,Winter Rye,5983
5,No Till,NA,28:10:10,560,1-May,1120,Aerial Solid,Winter Rye,5984
0,No Till,NA,Dairy Manure,560,1-May,1120,Aerial Solid,Winter Rye,5985
1,No Till,NA,Dairy Manure,560,1-May,1120,Aerial Solid,Winter Rye,5986
3,No Till,NA,Dairy Manure,560,1-May,1120,Aerial Solid,Winter Rye,5987
5,No Till,NA,Dairy Manure,560,1-May,1120,Aerial Solid,Winter Rye,5988
0,No Till,NA,26:13:00,1120,1-May,1120,Aerial Solid,Winter Rye,5989
1,No Till,NA,26:13:00,1120,1-May,1120,Aerial Solid,Winter Rye,5990
3,No Till,NA,26:13:00,1120,1-May,1120,Aerial Solid,Winter Rye,5991
5,No Till,NA,26:13:00,1120,1-May,1120,Aerial Solid,Winter Rye,5992
0,No Till,NA,28:10:10,1120,1-May,1120,Aerial Solid,Winter Rye,5993
1,No Till,NA,28:10:10,1120,1-May,1120,Aerial Solid,Winter Rye,5994
3,No Till,NA,28:10:10,1120,1-May,1120,Aerial Solid,Winter Rye,5995
5,No Till,NA,28:10:10,1120,1-May,1120,Aerial Solid,Winter Rye,5996
0,No Till,NA,Dairy Manure,1120,1-May,1120,Aerial Solid,Winter Rye,5997
1,No Till,NA,Dairy Manure,1120,1-May,1120,Aerial Solid,Winter Rye,5998
3,No Till,NA,Dairy Manure,1120,1-May,1120,Aerial Solid,Winter Rye,5999
5,No Till,NA,Dairy Manure,1120,1-May,1120,Aerial Solid,Winter Rye,6000
0,No Till,NA,26:13:00,0,1-Feb,0,Injection,None,6001
1,No Till,NA,26:13:00,0,1-Feb,0,Injection,None,6002
3,No Till,NA,26:13:00,0,1-Feb,0,Injection,None,6003
5,No Till,NA,26:13:00,0,1-Feb,0,Injection,None,6004
0,No Till,NA,28:10:10,0,1-Feb,0,Injection,None,6005
1,No Till,NA,28:10:10,0,1-Feb,0,Injection,None,6006
3,No Till,NA,28:10:10,0,1-Feb,0,Injection,None,6007
5,No Till,NA,28:10:10,0,1-Feb,0,Injection,None,6008
0,No Till,NA,Dairy Manure,0,1-Feb,0,Injection,None,6009
1,No Till,NA,Dairy Manure,0,1-Feb,0,Injection,None,6010
3,No Till,NA,Dairy Manure,0,1-Feb,0,Injection,None,6011
5,No Till,NA,Dairy Manure,0,1-Feb,0,Injection,None,6012
0,No Till,NA,26:13:00,140,1-Feb,0,Injection,None,6013
1,No Till,NA,26:13:00,140,1-Feb,0,Injection,None,6014
3,No Till,NA,26:13:00,140,1-Feb,0,Injection,None,6015
5,No Till,NA,26:13:00,140,1-Feb,0,Injection,None,6016
0,No Till,NA,28:10:10,140,1-Feb,0,Injection,None,6017
1,No Till,NA,28:10:10,140,1-Feb,0,Injection,None,6018
3,No Till,NA,28:10:10,140,1-Feb,0,Injection,None,6019
5,No Till,NA,28:10:10,140,1-Feb,0,Injection,None,6020
0,No Till,NA,Dairy Manure,140,1-Feb,0,Injection,None,6021
1,No Till,NA,Dairy Manure,140,1-Feb,0,Injection,None,6022
3,No Till,NA,Dairy Manure,140,1-Feb,0,Injection,None,6023
5,No Till,NA,Dairy Manure,140,1-Feb,0,Injection,None,6024
0,No Till,NA,26:13:00,280,1-Feb,0,Injection,None,6025
1,No Till,NA,26:13:00,280,1-Feb,0,Injection,None,6026
3,No Till,NA,26:13:00,280,1-Feb,0,Injection,None,6027
5,No Till,NA,26:13:00,280,1-Feb,0,Injection,None,6028
0,No Till,NA,28:10:10,280,1-Feb,0,Injection,None,6029
1,No Till,NA,28:10:10,280,1-Feb,0,Injection,None,6030
3,No Till,NA,28:10:10,280,1-Feb,0,Injection,None,6031
5,No Till,NA,28:10:10,280,1-Feb,0,Injection,None,6032
0,No Till,NA,Dairy Manure,280,1-Feb,0,Injection,None,6033
1,No Till,NA,Dairy Manure,280,1-Feb,0,Injection,None,6034
3,No Till,NA,Dairy Manure,280,1-Feb,0,Injection,None,6035
5,No Till,NA,Dairy Manure,280,1-Feb,0,Injection,None,6036
0,No Till,NA,26:13:00,560,1-Feb,0,Injection,None,6037
1,No Till,NA,26:13:00,560,1-Feb,0,Injection,None,6038
3,No Till,NA,26:13:00,560,1-Feb,0,Injection,None,6039
5,No Till,NA,26:13:00,560,1-Feb,0,Injection,None,6040
0,No Till,NA,28:10:10,560,1-Feb,0,Injection,None,6041
1,No Till,NA,28:10:10,560,1-Feb,0,Injection,None,6042
3,No Till,NA,28:10:10,560,1-Feb,0,Injection,None,6043
5,No Till,NA,28:10:10,560,1-Feb,0,Injection,None,6044
0,No Till,NA,Dairy Manure,560,1-Feb,0,Injection,None,6045
1,No Till,NA,Dairy Manure,560,1-Feb,0,Injection,None,6046
3,No Till,NA,Dairy Manure,560,1-Feb,0,Injection,None,6047
5,No Till,NA,Dairy Manure,560,1-Feb,0,Injection,None,6048
0,No Till,NA,26:13:00,1120,1-Feb,0,Injection,None,6049
1,No Till,NA,26:13:00,1120,1-Feb,0,Injection,None,6050
3,No Till,NA,26:13:00,1120,1-Feb,0,Injection,None,6051
5,No Till,NA,26:13:00,1120,1-Feb,0,Injection,None,6052
0,No Till,NA,28:10:10,1120,1-Feb,0,Injection,None,6053
1,No Till,NA,28:10:10,1120,1-Feb,0,Injection,None,6054
3,No Till,NA,28:10:10,1120,1-Feb,0,Injection,None,6055
5,No Till,NA,28:10:10,1120,1-Feb,0,Injection,None,6056
0,No Till,NA,Dairy Manure,1120,1-Feb,0,Injection,None,6057
1,No Till,NA,Dairy Manure,1120,1-Feb,0,Injection,None,6058
3,No Till,NA,Dairy Manure,1120,1-Feb,0,Injection,None,6059
5,No Till,NA,Dairy Manure,1120,1-Feb,0,Injection,None,6060
0,No Till,NA,26:13:00,0,1-May,0,Injection,None,6061
1,No Till,NA,26:13:00,0,1-May,0,Injection,None,6062
3,No Till,NA,26:13:00,0,1-May,0,Injection,None,6063
5,No Till,NA,26:13:00,0,1-May,0,Injection,None,6064
0,No Till,NA,28:10:10,0,1-May,0,Injection,None,6065
1,No Till,NA,28:10:10,0,1-May,0,Injection,None,6066
3,No Till,NA,28:10:10,0,1-May,0,Injection,None,6067
5,No Till,NA,28:10:10,0,1-May,0,Injection,None,6068
0,No Till,NA,Dairy Manure,0,1-May,0,Injection,None,6069
1,No Till,NA,Dairy Manure,0,1-May,0,Injection,None,6070
3,No Till,NA,Dairy Manure,0,1-May,0,Injection,None,6071
5,No Till,NA,Dairy Manure,0,1-May,0,Injection,None,6072
0,No Till,NA,26:13:00,140,1-May,0,Injection,None,6073
1,No Till,NA,26:13:00,140,1-May,0,Injection,None,6074
3,No Till,NA,26:13:00,140,1-May,0,Injection,None,6075
5,No Till,NA,26:13:00,140,1-May,0,Injection,None,6076
0,No Till,NA,28:10:10,140,1-May,0,Injection,None,6077
1,No Till,NA,28:10:10,140,1-May,0,Injection,None,6078
3,No Till,NA,28:10:10,140,1-May,0,Injection,None,6079
5,No Till,NA,28:10:10,140,1-May,0,Injection,None,6080
0,No Till,NA,Dairy Manure,140,1-May,0,Injection,None,6081
1,No Till,NA,Dairy Manure,140,1-May,0,Injection,None,6082
3,No Till,NA,Dairy Manure,140,1-May,0,Injection,None,6083
5,No Till,NA,Dairy Manure,140,1-May,0,Injection,None,6084
0,No Till,NA,26:13:00,280,1-May,0,Injection,None,6085
1,No Till,NA,26:13:00,280,1-May,0,Injection,None,6086
3,No Till,NA,26:13:00,280,1-May,0,Injection,None,6087
5,No Till,NA,26:13:00,280,1-May,0,Injection,None,6088
0,No Till,NA,28:10:10,280,1-May,0,Injection,None,6089
1,No Till,NA,28:10:10,280,1-May,0,Injection,None,6090
3,No Till,NA,28:10:10,280,1-May,0,Injection,None,6091
5,No Till,NA,28:10:10,280,1-May,0,Injection,None,6092
0,No Till,NA,Dairy Manure,280,1-May,0,Injection,None,6093
1,No Till,NA,Dairy Manure,280,1-May,0,Injection,None,6094
3,No Till,NA,Dairy Manure,280,1-May,0,Injection,None,6095
5,No Till,NA,Dairy Manure,280,1-May,0,Injection,None,6096
0,No Till,NA,26:13:00,560,1-May,0,Injection,None,6097
1,No Till,NA,26:13:00,560,1-May,0,Injection,None,6098
3,No Till,NA,26:13:00,560,1-May,0,Injection,None,6099
5,No Till,NA,26:13:00,560,1-May,0,Injection,None,6100
0,No Till,NA,28:10:10,560,1-May,0,Injection,None,6101
1,No Till,NA,28:10:10,560,1-May,0,Injection,None,6102
3,No Till,NA,28:10:10,560,1-May,0,Injection,None,6103
5,No Till,NA,28:10:10,560,1-May,0,Injection,None,6104
0,No Till,NA,Dairy Manure,560,1-May,0,Injection,None,6105
1,No Till,NA,Dairy Manure,560,1-May,0,Injection,None,6106
3,No Till,NA,Dairy Manure,560,1-May,0,Injection,None,6107
5,No Till,NA,Dairy Manure,560,1-May,0,Injection,None,6108
0,No Till,NA,26:13:00,1120,1-May,0,Injection,None,6109
1,No Till,NA,26:13:00,1120,1-May,0,Injection,None,6110
3,No Till,NA,26:13:00,1120,1-May,0,Injection,None,6111
5,No Till,NA,26:13:00,1120,1-May,0,Injection,None,6112
0,No Till,NA,28:10:10,1120,1-May,0,Injection,None,6113
1,No Till,NA,28:10:10,1120,1-May,0,Injection,None,6114
3,No Till,NA,28:10:10,1120,1-May,0,Injection,None,6115
5,No Till,NA,28:10:10,1120,1-May,0,Injection,None,6116
0,No Till,NA,Dairy Manure,1120,1-May,0,Injection,None,6117
1,No Till,NA,Dairy Manure,1120,1-May,0,Injection,None,6118
3,No Till,NA,Dairy Manure,1120,1-May,0,Injection,None,6119
5,No Till,NA,Dairy Manure,1120,1-May,0,Injection,None,6120
0,No Till,NA,26:13:00,0,1-Feb,140,Injection,None,6121
1,No Till,NA,26:13:00,0,1-Feb,140,Injection,None,6122
3,No Till,NA,26:13:00,0,1-Feb,140,Injection,None,6123
5,No Till,NA,26:13:00,0,1-Feb,140,Injection,None,6124
0,No Till,NA,28:10:10,0,1-Feb,140,Injection,None,6125
1,No Till,NA,28:10:10,0,1-Feb,140,Injection,None,6126
3,No Till,NA,28:10:10,0,1-Feb,140,Injection,None,6127
5,No Till,NA,28:10:10,0,1-Feb,140,Injection,None,6128
0,No Till,NA,Dairy Manure,0,1-Feb,140,Injection,None,6129
1,No Till,NA,Dairy Manure,0,1-Feb,140,Injection,None,6130
3,No Till,NA,Dairy Manure,0,1-Feb,140,Injection,None,6131
5,No Till,NA,Dairy Manure,0,1-Feb,140,Injection,None,6132
0,No Till,NA,26:13:00,140,1-Feb,140,Injection,None,6133
1,No Till,NA,26:13:00,140,1-Feb,140,Injection,None,6134
3,No Till,NA,26:13:00,140,1-Feb,140,Injection,None,6135
5,No Till,NA,26:13:00,140,1-Feb,140,Injection,None,6136
0,No Till,NA,28:10:10,140,1-Feb,140,Injection,None,6137
1,No Till,NA,28:10:10,140,1-Feb,140,Injection,None,6138
3,No Till,NA,28:10:10,140,1-Feb,140,Injection,None,6139
5,No Till,NA,28:10:10,140,1-Feb,140,Injection,None,6140
0,No Till,NA,Dairy Manure,140,1-Feb,140,Injection,None,6141
1,No Till,NA,Dairy Manure,140,1-Feb,140,Injection,None,6142
3,No Till,NA,Dairy Manure,140,1-Feb,140,Injection,None,6143
5,No Till,NA,Dairy Manure,140,1-Feb,140,Injection,None,6144
0,No Till,NA,26:13:00,280,1-Feb,140,Injection,None,6145
1,No Till,NA,26:13:00,280,1-Feb,140,Injection,None,6146
3,No Till,NA,26:13:00,280,1-Feb,140,Injection,None,6147
5,No Till,NA,26:13:00,280,1-Feb,140,Injection,None,6148
0,No Till,NA,28:10:10,280,1-Feb,140,Injection,None,6149
1,No Till,NA,28:10:10,280,1-Feb,140,Injection,None,6150
3,No Till,NA,28:10:10,280,1-Feb,140,Injection,None,6151
5,No Till,NA,28:10:10,280,1-Feb,140,Injection,None,6152
0,No Till,NA,Dairy Manure,280,1-Feb,140,Injection,None,6153
1,No Till,NA,Dairy Manure,280,1-Feb,140,Injection,None,6154
3,No Till,NA,Dairy Manure,280,1-Feb,140,Injection,None,6155
5,No Till,NA,Dairy Manure,280,1-Feb,140,Injection,None,6156
0,No Till,NA,26:13:00,560,1-Feb,140,Injection,None,6157
1,No Till,NA,26:13:00,560,1-Feb,140,Injection,None,6158
3,No Till,NA,26:13:00,560,1-Feb,140,Injection,None,6159
5,No Till,NA,26:13:00,560,1-Feb,140,Injection,None,6160
0,No Till,NA,28:10:10,560,1-Feb,140,Injection,None,6161
1,No Till,NA,28:10:10,560,1-Feb,140,Injection,None,6162
3,No Till,NA,28:10:10,560,1-Feb,140,Injection,None,6163
5,No Till,NA,28:10:10,560,1-Feb,140,Injection,None,6164
0,No Till,NA,Dairy Manure,560,1-Feb,140,Injection,None,6165
1,No Till,NA,Dairy Manure,560,1-Feb,140,Injection,None,6166
3,No Till,NA,Dairy Manure,560,1-Feb,140,Injection,None,6167
5,No Till,NA,Dairy Manure,560,1-Feb,140,Injection,None,6168
0,No Till,NA,26:13:00,1120,1-Feb,140,Injection,None,6169
1,No Till,NA,26:13:00,1120,1-Feb,140,Injection,None,6170
3,No Till,NA,26:13:00,1120,1-Feb,140,Injection,None,6171
5,No Till,NA,26:13:00,1120,1-Feb,140,Injection,None,6172
0,No Till,NA,28:10:10,1120,1-Feb,140,Injection,None,6173
1,No Till,NA,28:10:10,1120,1-Feb,140,Injection,None,6174
3,No Till,NA,28:10:10,1120,1-Feb,140,Injection,None,6175
5,No Till,NA,28:10:10,1120,1-Feb,140,Injection,None,6176
0,No Till,NA,Dairy Manure,1120,1-Feb,140,Injection,None,6177
1,No Till,NA,Dairy Manure,1120,1-Feb,140,Injection,None,6178
3,No Till,NA,Dairy Manure,1120,1-Feb,140,Injection,None,6179
5,No Till,NA,Dairy Manure,1120,1-Feb,140,Injection,None,6180
0,No Till,NA,26:13:00,0,1-May,140,Injection,None,6181
1,No Till,NA,26:13:00,0,1-May,140,Injection,None,6182
3,No Till,NA,26:13:00,0,1-May,140,Injection,None,6183
5,No Till,NA,26:13:00,0,1-May,140,Injection,None,6184
0,No Till,NA,28:10:10,0,1-May,140,Injection,None,6185
1,No Till,NA,28:10:10,0,1-May,140,Injection,None,6186
3,No Till,NA,28:10:10,0,1-May,140,Injection,None,6187
5,No Till,NA,28:10:10,0,1-May,140,Injection,None,6188
0,No Till,NA,Dairy Manure,0,1-May,140,Injection,None,6189
1,No Till,NA,Dairy Manure,0,1-May,140,Injection,None,6190
3,No Till,NA,Dairy Manure,0,1-May,140,Injection,None,6191
5,No Till,NA,Dairy Manure,0,1-May,140,Injection,None,6192
0,No Till,NA,26:13:00,140,1-May,140,Injection,None,6193
1,No Till,NA,26:13:00,140,1-May,140,Injection,None,6194
3,No Till,NA,26:13:00,140,1-May,140,Injection,None,6195
5,No Till,NA,26:13:00,140,1-May,140,Injection,None,6196
0,No Till,NA,28:10:10,140,1-May,140,Injection,None,6197
1,No Till,NA,28:10:10,140,1-May,140,Injection,None,6198
3,No Till,NA,28:10:10,140,1-May,140,Injection,None,6199
5,No Till,NA,28:10:10,140,1-May,140,Injection,None,6200
0,No Till,NA,Dairy Manure,140,1-May,140,Injection,None,6201
1,No Till,NA,Dairy Manure,140,1-May,140,Injection,None,6202
3,No Till,NA,Dairy Manure,140,1-May,140,Injection,None,6203
5,No Till,NA,Dairy Manure,140,1-May,140,Injection,None,6204
0,No Till,NA,26:13:00,280,1-May,140,Injection,None,6205
1,No Till,NA,26:13:00,280,1-May,140,Injection,None,6206
3,No Till,NA,26:13:00,280,1-May,140,Injection,None,6207
5,No Till,NA,26:13:00,280,1-May,140,Injection,None,6208
0,No Till,NA,28:10:10,280,1-May,140,Injection,None,6209
1,No Till,NA,28:10:10,280,1-May,140,Injection,None,6210
3,No Till,NA,28:10:10,280,1-May,140,Injection,None,6211
5,No Till,NA,28:10:10,280,1-May,140,Injection,None,6212
0,No Till,NA,Dairy Manure,280,1-May,140,Injection,None,6213
1,No Till,NA,Dairy Manure,280,1-May,140,Injection,None,6214
3,No Till,NA,Dairy Manure,280,1-May,140,Injection,None,6215
5,No Till,NA,Dairy Manure,280,1-May,140,Injection,None,6216
0,No Till,NA,26:13:00,560,1-May,140,Injection,None,6217
1,No Till,NA,26:13:00,560,1-May,140,Injection,None,6218
3,No Till,NA,26:13:00,560,1-May,140,Injection,None,6219
5,No Till,NA,26:13:00,560,1-May,140,Injection,None,6220
0,No Till,NA,28:10:10,560,1-May,140,Injection,None,6221
1,No Till,NA,28:10:10,560,1-May,140,Injection,None,6222
3,No Till,NA,28:10:10,560,1-May,140,Injection,None,6223
5,No Till,NA,28:10:10,560,1-May,140,Injection,None,6224
0,No Till,NA,Dairy Manure,560,1-May,140,Injection,None,6225
1,No Till,NA,Dairy Manure,560,1-May,140,Injection,None,6226
3,No Till,NA,Dairy Manure,560,1-May,140,Injection,None,6227
5,No Till,NA,Dairy Manure,560,1-May,140,Injection,None,6228
0,No Till,NA,26:13:00,1120,1-May,140,Injection,None,6229
1,No Till,NA,26:13:00,1120,1-May,140,Injection,None,6230
3,No Till,NA,26:13:00,1120,1-May,140,Injection,None,6231
5,No Till,NA,26:13:00,1120,1-May,140,Injection,None,6232
0,No Till,NA,28:10:10,1120,1-May,140,Injection,None,6233
1,No Till,NA,28:10:10,1120,1-May,140,Injection,None,6234
3,No Till,NA,28:10:10,1120,1-May,140,Injection,None,6235
5,No Till,NA,28:10:10,1120,1-May,140,Injection,None,6236
0,No Till,NA,Dairy Manure,1120,1-May,140,Injection,None,6237
1,No Till,NA,Dairy Manure,1120,1-May,140,Injection,None,6238
3,No Till,NA,Dairy Manure,1120,1-May,140,Injection,None,6239
5,No Till,NA,Dairy Manure,1120,1-May,140,Injection,None,6240
0,No Till,NA,26:13:00,0,1-Feb,280,Injection,None,6241
1,No Till,NA,26:13:00,0,1-Feb,280,Injection,None,6242
3,No Till,NA,26:13:00,0,1-Feb,280,Injection,None,6243
5,No Till,NA,26:13:00,0,1-Feb,280,Injection,None,6244
0,No Till,NA,28:10:10,0,1-Feb,280,Injection,None,6245
1,No Till,NA,28:10:10,0,1-Feb,280,Injection,None,6246
3,No Till,NA,28:10:10,0,1-Feb,280,Injection,None,6247
5,No Till,NA,28:10:10,0,1-Feb,280,Injection,None,6248
0,No Till,NA,Dairy Manure,0,1-Feb,280,Injection,None,6249
1,No Till,NA,Dairy Manure,0,1-Feb,280,Injection,None,6250
3,No Till,NA,Dairy Manure,0,1-Feb,280,Injection,None,6251
5,No Till,NA,Dairy Manure,0,1-Feb,280,Injection,None,6252
0,No Till,NA,26:13:00,140,1-Feb,280,Injection,None,6253
1,No Till,NA,26:13:00,140,1-Feb,280,Injection,None,6254
3,No Till,NA,26:13:00,140,1-Feb,280,Injection,None,6255
5,No Till,NA,26:13:00,140,1-Feb,280,Injection,None,6256
0,No Till,NA,28:10:10,140,1-Feb,280,Injection,None,6257
1,No Till,NA,28:10:10,140,1-Feb,280,Injection,None,6258
3,No Till,NA,28:10:10,140,1-Feb,280,Injection,None,6259
5,No Till,NA,28:10:10,140,1-Feb,280,Injection,None,6260
0,No Till,NA,Dairy Manure,140,1-Feb,280,Injection,None,6261
1,No Till,NA,Dairy Manure,140,1-Feb,280,Injection,None,6262
3,No Till,NA,Dairy Manure,140,1-Feb,280,Injection,None,6263
5,No Till,NA,Dairy Manure,140,1-Feb,280,Injection,None,6264
0,No Till,NA,26:13:00,280,1-Feb,280,Injection,None,6265
1,No Till,NA,26:13:00,280,1-Feb,280,Injection,None,6266
3,No Till,NA,26:13:00,280,1-Feb,280,Injection,None,6267
5,No Till,NA,26:13:00,280,1-Feb,280,Injection,None,6268
0,No Till,NA,28:10:10,280,1-Feb,280,Injection,None,6269
1,No Till,NA,28:10:10,280,1-Feb,280,Injection,None,6270
3,No Till,NA,28:10:10,280,1-Feb,280,Injection,None,6271
5,No Till,NA,28:10:10,280,1-Feb,280,Injection,None,6272
0,No Till,NA,Dairy Manure,280,1-Feb,280,Injection,None,6273
1,No Till,NA,Dairy Manure,280,1-Feb,280,Injection,None,6274
3,No Till,NA,Dairy Manure,280,1-Feb,280,Injection,None,6275
5,No Till,NA,Dairy Manure,280,1-Feb,280,Injection,None,6276
0,No Till,NA,26:13:00,560,1-Feb,280,Injection,None,6277
1,No Till,NA,26:13:00,560,1-Feb,280,Injection,None,6278
3,No Till,NA,26:13:00,560,1-Feb,280,Injection,None,6279
5,No Till,NA,26:13:00,560,1-Feb,280,Injection,None,6280
0,No Till,NA,28:10:10,560,1-Feb,280,Injection,None,6281
1,No Till,NA,28:10:10,560,1-Feb,280,Injection,None,6282
3,No Till,NA,28:10:10,560,1-Feb,280,Injection,None,6283
5,No Till,NA,28:10:10,560,1-Feb,280,Injection,None,6284
0,No Till,NA,Dairy Manure,560,1-Feb,280,Injection,None,6285
1,No Till,NA,Dairy Manure,560,1-Feb,280,Injection,None,6286
3,No Till,NA,Dairy Manure,560,1-Feb,280,Injection,None,6287
5,No Till,NA,Dairy Manure,560,1-Feb,280,Injection,None,6288
0,No Till,NA,26:13:00,1120,1-Feb,280,Injection,None,6289
1,No Till,NA,26:13:00,1120,1-Feb,280,Injection,None,6290
3,No Till,NA,26:13:00,1120,1-Feb,280,Injection,None,6291
5,No Till,NA,26:13:00,1120,1-Feb,280,Injection,None,6292
0,No Till,NA,28:10:10,1120,1-Feb,280,Injection,None,6293
1,No Till,NA,28:10:10,1120,1-Feb,280,Injection,None,6294
3,No Till,NA,28:10:10,1120,1-Feb,280,Injection,None,6295
5,No Till,NA,28:10:10,1120,1-Feb,280,Injection,None,6296
0,No Till,NA,Dairy Manure,1120,1-Feb,280,Injection,None,6297
1,No Till,NA,Dairy Manure,1120,1-Feb,280,Injection,None,6298
3,No Till,NA,Dairy Manure,1120,1-Feb,280,Injection,None,6299
5,No Till,NA,Dairy Manure,1120,1-Feb,280,Injection,None,6300
0,No Till,NA,26:13:00,0,1-May,280,Injection,None,6301
1,No Till,NA,26:13:00,0,1-May,280,Injection,None,6302
3,No Till,NA,26:13:00,0,1-May,280,Injection,None,6303
5,No Till,NA,26:13:00,0,1-May,280,Injection,None,6304
0,No Till,NA,28:10:10,0,1-May,280,Injection,None,6305
1,No Till,NA,28:10:10,0,1-May,280,Injection,None,6306
3,No Till,NA,28:10:10,0,1-May,280,Injection,None,6307
5,No Till,NA,28:10:10,0,1-May,280,Injection,None,6308
0,No Till,NA,Dairy Manure,0,1-May,280,Injection,None,6309
1,No Till,NA,Dairy Manure,0,1-May,280,Injection,None,6310
3,No Till,NA,Dairy Manure,0,1-May,280,Injection,None,6311
5,No Till,NA,Dairy Manure,0,1-May,280,Injection,None,6312
0,No Till,NA,26:13:00,140,1-May,280,Injection,None,6313
1,No Till,NA,26:13:00,140,1-May,280,Injection,None,6314
3,No Till,NA,26:13:00,140,1-May,280,Injection,None,6315
5,No Till,NA,26:13:00,140,1-May,280,Injection,None,6316
0,No Till,NA,28:10:10,140,1-May,280,Injection,None,6317
1,No Till,NA,28:10:10,140,1-May,280,Injection,None,6318
3,No Till,NA,28:10:10,140,1-May,280,Injection,None,6319
5,No Till,NA,28:10:10,140,1-May,280,Injection,None,6320
0,No Till,NA,Dairy Manure,140,1-May,280,Injection,None,6321
1,No Till,NA,Dairy Manure,140,1-May,280,Injection,None,6322
3,No Till,NA,Dairy Manure,140,1-May,280,Injection,None,6323
5,No Till,NA,Dairy Manure,140,1-May,280,Injection,None,6324
0,No Till,NA,26:13:00,280,1-May,280,Injection,None,6325
1,No Till,NA,26:13:00,280,1-May,280,Injection,None,6326
3,No Till,NA,26:13:00,280,1-May,280,Injection,None,6327
5,No Till,NA,26:13:00,280,1-May,280,Injection,None,6328
0,No Till,NA,28:10:10,280,1-May,280,Injection,None,6329
1,No Till,NA,28:10:10,280,1-May,280,Injection,None,6330
3,No Till,NA,28:10:10,280,1-May,280,Injection,None,6331
5,No Till,NA,28:10:10,280,1-May,280,Injection,None,6332
0,No Till,NA,Dairy Manure,280,1-May,280,Injection,None,6333
1,No Till,NA,Dairy Manure,280,1-May,280,Injection,None,6334
3,No Till,NA,Dairy Manure,280,1-May,280,Injection,None,6335
5,No Till,NA,Dairy Manure,280,1-May,280,Injection,None,6336
0,No Till,NA,26:13:00,560,1-May,280,Injection,None,6337
1,No Till,NA,26:13:00,560,1-May,280,Injection,None,6338
3,No Till,NA,26:13:00,560,1-May,280,Injection,None,6339
5,No Till,NA,26:13:00,560,1-May,280,Injection,None,6340
0,No Till,NA,28:10:10,560,1-May,280,Injection,None,6341
1,No Till,NA,28:10:10,560,1-May,280,Injection,None,6342
3,No Till,NA,28:10:10,560,1-May,280,Injection,None,6343
5,No Till,NA,28:10:10,560,1-May,280,Injection,None,6344
0,No Till,NA,Dairy Manure,560,1-May,280,Injection,None,6345
1,No Till,NA,Dairy Manure,560,1-May,280,Injection,None,6346
3,No Till,NA,Dairy Manure,560,1-May,280,Injection,None,6347
5,No Till,NA,Dairy Manure,560,1-May,280,Injection,None,6348
0,No Till,NA,26:13:00,1120,1-May,280,Injection,None,6349
1,No Till,NA,26:13:00,1120,1-May,280,Injection,None,6350
3,No Till,NA,26:13:00,1120,1-May,280,Injection,None,6351
5,No Till,NA,26:13:00,1120,1-May,280,Injection,None,6352
0,No Till,NA,28:10:10,1120,1-May,280,Injection,None,6353
1,No Till,NA,28:10:10,1120,1-May,280,Injection,None,6354
3,No Till,NA,28:10:10,1120,1-May,280,Injection,None,6355
5,No Till,NA,28:10:10,1120,1-May,280,Injection,None,6356
0,No Till,NA,Dairy Manure,1120,1-May,280,Injection,None,6357
1,No Till,NA,Dairy Manure,1120,1-May,280,Injection,None,6358
3,No Till,NA,Dairy Manure,1120,1-May,280,Injection,None,6359
5,No Till,NA,Dairy Manure,1120,1-May,280,Injection,None,6360
0,No Till,NA,26:13:00,0,1-Feb,560,Injection,None,6361
1,No Till,NA,26:13:00,0,1-Feb,560,Injection,None,6362
3,No Till,NA,26:13:00,0,1-Feb,560,Injection,None,6363
5,No Till,NA,26:13:00,0,1-Feb,560,Injection,None,6364
0,No Till,NA,28:10:10,0,1-Feb,560,Injection,None,6365
1,No Till,NA,28:10:10,0,1-Feb,560,Injection,None,6366
3,No Till,NA,28:10:10,0,1-Feb,560,Injection,None,6367
5,No Till,NA,28:10:10,0,1-Feb,560,Injection,None,6368
0,No Till,NA,Dairy Manure,0,1-Feb,560,Injection,None,6369
1,No Till,NA,Dairy Manure,0,1-Feb,560,Injection,None,6370
3,No Till,NA,Dairy Manure,0,1-Feb,560,Injection,None,6371
5,No Till,NA,Dairy Manure,0,1-Feb,560,Injection,None,6372
0,No Till,NA,26:13:00,140,1-Feb,560,Injection,None,6373
1,No Till,NA,26:13:00,140,1-Feb,560,Injection,None,6374
3,No Till,NA,26:13:00,140,1-Feb,560,Injection,None,6375
5,No Till,NA,26:13:00,140,1-Feb,560,Injection,None,6376
0,No Till,NA,28:10:10,140,1-Feb,560,Injection,None,6377
1,No Till,NA,28:10:10,140,1-Feb,560,Injection,None,6378
3,No Till,NA,28:10:10,140,1-Feb,560,Injection,None,6379
5,No Till,NA,28:10:10,140,1-Feb,560,Injection,None,6380
0,No Till,NA,Dairy Manure,140,1-Feb,560,Injection,None,6381
1,No Till,NA,Dairy Manure,140,1-Feb,560,Injection,None,6382
3,No Till,NA,Dairy Manure,140,1-Feb,560,Injection,None,6383
5,No Till,NA,Dairy Manure,140,1-Feb,560,Injection,None,6384
0,No Till,NA,26:13:00,280,1-Feb,560,Injection,None,6385
1,No Till,NA,26:13:00,280,1-Feb,560,Injection,None,6386
3,No Till,NA,26:13:00,280,1-Feb,560,Injection,None,6387
5,No Till,NA,26:13:00,280,1-Feb,560,Injection,None,6388
0,No Till,NA,28:10:10,280,1-Feb,560,Injection,None,6389
1,No Till,NA,28:10:10,280,1-Feb,560,Injection,None,6390
3,No Till,NA,28:10:10,280,1-Feb,560,Injection,None,6391
5,No Till,NA,28:10:10,280,1-Feb,560,Injection,None,6392
0,No Till,NA,Dairy Manure,280,1-Feb,560,Injection,None,6393
1,No Till,NA,Dairy Manure,280,1-Feb,560,Injection,None,6394
3,No Till,NA,Dairy Manure,280,1-Feb,560,Injection,None,6395
5,No Till,NA,Dairy Manure,280,1-Feb,560,Injection,None,6396
0,No Till,NA,26:13:00,560,1-Feb,560,Injection,None,6397
1,No Till,NA,26:13:00,560,1-Feb,560,Injection,None,6398
3,No Till,NA,26:13:00,560,1-Feb,560,Injection,None,6399
5,No Till,NA,26:13:00,560,1-Feb,560,Injection,None,6400
0,No Till,NA,28:10:10,560,1-Feb,560,Injection,None,6401
1,No Till,NA,28:10:10,560,1-Feb,560,Injection,None,6402
3,No Till,NA,28:10:10,560,1-Feb,560,Injection,None,6403
5,No Till,NA,28:10:10,560,1-Feb,560,Injection,None,6404
0,No Till,NA,Dairy Manure,560,1-Feb,560,Injection,None,6405
1,No Till,NA,Dairy Manure,560,1-Feb,560,Injection,None,6406
3,No Till,NA,Dairy Manure,560,1-Feb,560,Injection,None,6407
5,No Till,NA,Dairy Manure,560,1-Feb,560,Injection,None,6408
0,No Till,NA,26:13:00,1120,1-Feb,560,Injection,None,6409
1,No Till,NA,26:13:00,1120,1-Feb,560,Injection,None,6410
3,No Till,NA,26:13:00,1120,1-Feb,560,Injection,None,6411
5,No Till,NA,26:13:00,1120,1-Feb,560,Injection,None,6412
0,No Till,NA,28:10:10,1120,1-Feb,560,Injection,None,6413
1,No Till,NA,28:10:10,1120,1-Feb,560,Injection,None,6414
3,No Till,NA,28:10:10,1120,1-Feb,560,Injection,None,6415
5,No Till,NA,28:10:10,1120,1-Feb,560,Injection,None,6416
0,No Till,NA,Dairy Manure,1120,1-Feb,560,Injection,None,6417
1,No Till,NA,Dairy Manure,1120,1-Feb,560,Injection,None,6418
3,No Till,NA,Dairy Manure,1120,1-Feb,560,Injection,None,6419
5,No Till,NA,Dairy Manure,1120,1-Feb,560,Injection,None,6420
0,No Till,NA,26:13:00,0,1-May,560,Injection,None,6421
1,No Till,NA,26:13:00,0,1-May,560,Injection,None,6422
3,No Till,NA,26:13:00,0,1-May,560,Injection,None,6423
5,No Till,NA,26:13:00,0,1-May,560,Injection,None,6424
0,No Till,NA,28:10:10,0,1-May,560,Injection,None,6425
1,No Till,NA,28:10:10,0,1-May,560,Injection,None,6426
3,No Till,NA,28:10:10,0,1-May,560,Injection,None,6427
5,No Till,NA,28:10:10,0,1-May,560,Injection,None,6428
0,No Till,NA,Dairy Manure,0,1-May,560,Injection,None,6429
1,No Till,NA,Dairy Manure,0,1-May,560,Injection,None,6430
3,No Till,NA,Dairy Manure,0,1-May,560,Injection,None,6431
5,No Till,NA,Dairy Manure,0,1-May,560,Injection,None,6432
0,No Till,NA,26:13:00,140,1-May,560,Injection,None,6433
1,No Till,NA,26:13:00,140,1-May,560,Injection,None,6434
3,No Till,NA,26:13:00,140,1-May,560,Injection,None,6435
5,No Till,NA,26:13:00,140,1-May,560,Injection,None,6436
0,No Till,NA,28:10:10,140,1-May,560,Injection,None,6437
1,No Till,NA,28:10:10,140,1-May,560,Injection,None,6438
3,No Till,NA,28:10:10,140,1-May,560,Injection,None,6439
5,No Till,NA,28:10:10,140,1-May,560,Injection,None,6440
0,No Till,NA,Dairy Manure,140,1-May,560,Injection,None,6441
1,No Till,NA,Dairy Manure,140,1-May,560,Injection,None,6442
3,No Till,NA,Dairy Manure,140,1-May,560,Injection,None,6443
5,No Till,NA,Dairy Manure,140,1-May,560,Injection,None,6444
0,No Till,NA,26:13:00,280,1-May,560,Injection,None,6445
1,No Till,NA,26:13:00,280,1-May,560,Injection,None,6446
3,No Till,NA,26:13:00,280,1-May,560,Injection,None,6447
5,No Till,NA,26:13:00,280,1-May,560,Injection,None,6448
0,No Till,NA,28:10:10,280,1-May,560,Injection,None,6449
1,No Till,NA,28:10:10,280,1-May,560,Injection,None,6450
3,No Till,NA,28:10:10,280,1-May,560,Injection,None,6451
5,No Till,NA,28:10:10,280,1-May,560,Injection,None,6452
0,No Till,NA,Dairy Manure,280,1-May,560,Injection,None,6453
1,No Till,NA,Dairy Manure,280,1-May,560,Injection,None,6454
3,No Till,NA,Dairy Manure,280,1-May,560,Injection,None,6455
5,No Till,NA,Dairy Manure,280,1-May,560,Injection,None,6456
0,No Till,NA,26:13:00,560,1-May,560,Injection,None,6457
1,No Till,NA,26:13:00,560,1-May,560,Injection,None,6458
3,No Till,NA,26:13:00,560,1-May,560,Injection,None,6459
5,No Till,NA,26:13:00,560,1-May,560,Injection,None,6460
0,No Till,NA,28:10:10,560,1-May,560,Injection,None,6461
1,No Till,NA,28:10:10,560,1-May,560,Injection,None,6462
3,No Till,NA,28:10:10,560,1-May,560,Injection,None,6463
5,No Till,NA,28:10:10,560,1-May,560,Injection,None,6464
0,No Till,NA,Dairy Manure,560,1-May,560,Injection,None,6465
1,No Till,NA,Dairy Manure,560,1-May,560,Injection,None,6466
3,No Till,NA,Dairy Manure,560,1-May,560,Injection,None,6467
5,No Till,NA,Dairy Manure,560,1-May,560,Injection,None,6468
0,No Till,NA,26:13:00,1120,1-May,560,Injection,None,6469
1,No Till,NA,26:13:00,1120,1-May,560,Injection,None,6470
3,No Till,NA,26:13:00,1120,1-May,560,Injection,None,6471
5,No Till,NA,26:13:00,1120,1-May,560,Injection,None,6472
0,No Till,NA,28:10:10,1120,1-May,560,Injection,None,6473
1,No Till,NA,28:10:10,1120,1-May,560,Injection,None,6474
3,No Till,NA,28:10:10,1120,1-May,560,Injection,None,6475
5,No Till,NA,28:10:10,1120,1-May,560,Injection,None,6476
0,No Till,NA,Dairy Manure,1120,1-May,560,Injection,None,6477
1,No Till,NA,Dairy Manure,1120,1-May,560,Injection,None,6478
3,No Till,NA,Dairy Manure,1120,1-May,560,Injection,None,6479
5,No Till,NA,Dairy Manure,1120,1-May,560,Injection,None,6480
0,No Till,NA,26:13:00,0,1-Feb,1120,Injection,None,6481
1,No Till,NA,26:13:00,0,1-Feb,1120,Injection,None,6482
3,No Till,NA,26:13:00,0,1-Feb,1120,Injection,None,6483
5,No Till,NA,26:13:00,0,1-Feb,1120,Injection,None,6484
0,No Till,NA,28:10:10,0,1-Feb,1120,Injection,None,6485
1,No Till,NA,28:10:10,0,1-Feb,1120,Injection,None,6486
3,No Till,NA,28:10:10,0,1-Feb,1120,Injection,None,6487
5,No Till,NA,28:10:10,0,1-Feb,1120,Injection,None,6488
0,No Till,NA,Dairy Manure,0,1-Feb,1120,Injection,None,6489
1,No Till,NA,Dairy Manure,0,1-Feb,1120,Injection,None,6490
3,No Till,NA,Dairy Manure,0,1-Feb,1120,Injection,None,6491
5,No Till,NA,Dairy Manure,0,1-Feb,1120,Injection,None,6492
0,No Till,NA,26:13:00,140,1-Feb,1120,Injection,None,6493
1,No Till,NA,26:13:00,140,1-Feb,1120,Injection,None,6494
3,No Till,NA,26:13:00,140,1-Feb,1120,Injection,None,6495
5,No Till,NA,26:13:00,140,1-Feb,1120,Injection,None,6496
0,No Till,NA,28:10:10,140,1-Feb,1120,Injection,None,6497
1,No Till,NA,28:10:10,140,1-Feb,1120,Injection,None,6498
3,No Till,NA,28:10:10,140,1-Feb,1120,Injection,None,6499
5,No Till,NA,28:10:10,140,1-Feb,1120,Injection,None,6500
0,No Till,NA,Dairy Manure,140,1-Feb,1120,Injection,None,6501
1,No Till,NA,Dairy Manure,140,1-Feb,1120,Injection,None,6502
3,No Till,NA,Dairy Manure,140,1-Feb,1120,Injection,None,6503
5,No Till,NA,Dairy Manure,140,1-Feb,1120,Injection,None,6504
0,No Till,NA,26:13:00,280,1-Feb,1120,Injection,None,6505
1,No Till,NA,26:13:00,280,1-Feb,1120,Injection,None,6506
3,No Till,NA,26:13:00,280,1-Feb,1120,Injection,None,6507
5,No Till,NA,26:13:00,280,1-Feb,1120,Injection,None,6508
0,No Till,NA,28:10:10,280,1-Feb,1120,Injection,None,6509
1,No Till,NA,28:10:10,280,1-Feb,1120,Injection,None,6510
3,No Till,NA,28:10:10,280,1-Feb,1120,Injection,None,6511
5,No Till,NA,28:10:10,280,1-Feb,1120,Injection,None,6512
0,No Till,NA,Dairy Manure,280,1-Feb,1120,Injection,None,6513
1,No Till,NA,Dairy Manure,280,1-Feb,1120,Injection,None,6514
3,No Till,NA,Dairy Manure,280,1-Feb,1120,Injection,None,6515
5,No Till,NA,Dairy Manure,280,1-Feb,1120,Injection,None,6516
0,No Till,NA,26:13:00,560,1-Feb,1120,Injection,None,6517
1,No Till,NA,26:13:00,560,1-Feb,1120,Injection,None,6518
3,No Till,NA,26:13:00,560,1-Feb,1120,Injection,None,6519
5,No Till,NA,26:13:00,560,1-Feb,1120,Injection,None,6520
0,No Till,NA,28:10:10,560,1-Feb,1120,Injection,None,6521
1,No Till,NA,28:10:10,560,1-Feb,1120,Injection,None,6522
3,No Till,NA,28:10:10,560,1-Feb,1120,Injection,None,6523
5,No Till,NA,28:10:10,560,1-Feb,1120,Injection,None,6524
0,No Till,NA,Dairy Manure,560,1-Feb,1120,Injection,None,6525
1,No Till,NA,Dairy Manure,560,1-Feb,1120,Injection,None,6526
3,No Till,NA,Dairy Manure,560,1-Feb,1120,Injection,None,6527
5,No Till,NA,Dairy Manure,560,1-Feb,1120,Injection,None,6528
0,No Till,NA,26:13:00,1120,1-Feb,1120,Injection,None,6529
1,No Till,NA,26:13:00,1120,1-Feb,1120,Injection,None,6530
3,No Till,NA,26:13:00,1120,1-Feb,1120,Injection,None,6531
5,No Till,NA,26:13:00,1120,1-Feb,1120,Injection,None,6532
0,No Till,NA,28:10:10,1120,1-Feb,1120,Injection,None,6533
1,No Till,NA,28:10:10,1120,1-Feb,1120,Injection,None,6534
3,No Till,NA,28:10:10,1120,1-Feb,1120,Injection,None,6535
5,No Till,NA,28:10:10,1120,1-Feb,1120,Injection,None,6536
0,No Till,NA,Dairy Manure,1120,1-Feb,1120,Injection,None,6537
1,No Till,NA,Dairy Manure,1120,1-Feb,1120,Injection,None,6538
3,No Till,NA,Dairy Manure,1120,1-Feb,1120,Injection,None,6539
5,No Till,NA,Dairy Manure,1120,1-Feb,1120,Injection,None,6540
0,No Till,NA,26:13:00,0,1-May,1120,Injection,None,6541
1,No Till,NA,26:13:00,0,1-May,1120,Injection,None,6542
3,No Till,NA,26:13:00,0,1-May,1120,Injection,None,6543
5,No Till,NA,26:13:00,0,1-May,1120,Injection,None,6544
0,No Till,NA,28:10:10,0,1-May,1120,Injection,None,6545
1,No Till,NA,28:10:10,0,1-May,1120,Injection,None,6546
3,No Till,NA,28:10:10,0,1-May,1120,Injection,None,6547
5,No Till,NA,28:10:10,0,1-May,1120,Injection,None,6548
0,No Till,NA,Dairy Manure,0,1-May,1120,Injection,None,6549
1,No Till,NA,Dairy Manure,0,1-May,1120,Injection,None,6550
3,No Till,NA,Dairy Manure,0,1-May,1120,Injection,None,6551
5,No Till,NA,Dairy Manure,0,1-May,1120,Injection,None,6552
0,No Till,NA,26:13:00,140,1-May,1120,Injection,None,6553
1,No Till,NA,26:13:00,140,1-May,1120,Injection,None,6554
3,No Till,NA,26:13:00,140,1-May,1120,Injection,None,6555
5,No Till,NA,26:13:00,140,1-May,1120,Injection,None,6556
0,No Till,NA,28:10:10,140,1-May,1120,Injection,None,6557
1,No Till,NA,28:10:10,140,1-May,1120,Injection,None,6558
3,No Till,NA,28:10:10,140,1-May,1120,Injection,None,6559
5,No Till,NA,28:10:10,140,1-May,1120,Injection,None,6560
0,No Till,NA,Dairy Manure,140,1-May,1120,Injection,None,6561
1,No Till,NA,Dairy Manure,140,1-May,1120,Injection,None,6562
3,No Till,NA,Dairy Manure,140,1-May,1120,Injection,None,6563
5,No Till,NA,Dairy Manure,140,1-May,1120,Injection,None,6564
0,No Till,NA,26:13:00,280,1-May,1120,Injection,None,6565
1,No Till,NA,26:13:00,280,1-May,1120,Injection,None,6566
3,No Till,NA,26:13:00,280,1-May,1120,Injection,None,6567
5,No Till,NA,26:13:00,280,1-May,1120,Injection,None,6568
0,No Till,NA,28:10:10,280,1-May,1120,Injection,None,6569
1,No Till,NA,28:10:10,280,1-May,1120,Injection,None,6570
3,No Till,NA,28:10:10,280,1-May,1120,Injection,None,6571
5,No Till,NA,28:10:10,280,1-May,1120,Injection,None,6572
0,No Till,NA,Dairy Manure,280,1-May,1120,Injection,None,6573
1,No Till,NA,Dairy Manure,280,1-May,1120,Injection,None,6574
3,No Till,NA,Dairy Manure,280,1-May,1120,Injection,None,6575
5,No Till,NA,Dairy Manure,280,1-May,1120,Injection,None,6576
0,No Till,NA,26:13:00,560,1-May,1120,Injection,None,6577
1,No Till,NA,26:13:00,560,1-May,1120,Injection,None,6578
3,No Till,NA,26:13:00,560,1-May,1120,Injection,None,6579
5,No Till,NA,26:13:00,560,1-May,1120,Injection,None,6580
0,No Till,NA,28:10:10,560,1-May,1120,Injection,None,6581
1,No Till,NA,28:10:10,560,1-May,1120,Injection,None,6582
3,No Till,NA,28:10:10,560,1-May,1120,Injection,None,6583
5,No Till,NA,28:10:10,560,1-May,1120,Injection,None,6584
0,No Till,NA,Dairy Manure,560,1-May,1120,Injection,None,6585
1,No Till,NA,Dairy Manure,560,1-May,1120,Injection,None,6586
3,No Till,NA,Dairy Manure,560,1-May,1120,Injection,None,6587
5,No Till,NA,Dairy Manure,560,1-May,1120,Injection,None,6588
0,No Till,NA,26:13:00,1120,1-May,1120,Injection,None,6589
1,No Till,NA,26:13:00,1120,1-May,1120,Injection,None,6590
3,No Till,NA,26:13:00,1120,1-May,1120,Injection,None,6591
5,No Till,NA,26:13:00,1120,1-May,1120,Injection,None,6592
0,No Till,NA,28:10:10,1120,1-May,1120,Injection,None,6593
1,No Till,NA,28:10:10,1120,1-May,1120,Injection,None,6594
3,No Till,NA,28:10:10,1120,1-May,1120,Injection,None,6595
5,No Till,NA,28:10:10,1120,1-May,1120,Injection,None,6596
0,No Till,NA,Dairy Manure,1120,1-May,1120,Injection,None,6597
1,No Till,NA,Dairy Manure,1120,1-May,1120,Injection,None,6598
3,No Till,NA,Dairy Manure,1120,1-May,1120,Injection,None,6599
5,No Till,NA,Dairy Manure,1120,1-May,1120,Injection,None,6600
0,No Till,NA,26:13:00,0,1-Feb,0,Aerial Solid,None,6601
1,No Till,NA,26:13:00,0,1-Feb,0,Aerial Solid,None,6602
3,No Till,NA,26:13:00,0,1-Feb,0,Aerial Solid,None,6603
5,No Till,NA,26:13:00,0,1-Feb,0,Aerial Solid,None,6604
0,No Till,NA,28:10:10,0,1-Feb,0,Aerial Solid,None,6605
1,No Till,NA,28:10:10,0,1-Feb,0,Aerial Solid,None,6606
3,No Till,NA,28:10:10,0,1-Feb,0,Aerial Solid,None,6607
5,No Till,NA,28:10:10,0,1-Feb,0,Aerial Solid,None,6608
0,No Till,NA,Dairy Manure,0,1-Feb,0,Aerial Solid,None,6609
1,No Till,NA,Dairy Manure,0,1-Feb,0,Aerial Solid,None,6610
3,No Till,NA,Dairy Manure,0,1-Feb,0,Aerial Solid,None,6611
5,No Till,NA,Dairy Manure,0,1-Feb,0,Aerial Solid,None,6612
0,No Till,NA,26:13:00,140,1-Feb,0,Aerial Solid,None,6613
1,No Till,NA,26:13:00,140,1-Feb,0,Aerial Solid,None,6614
3,No Till,NA,26:13:00,140,1-Feb,0,Aerial Solid,None,6615
5,No Till,NA,26:13:00,140,1-Feb,0,Aerial Solid,None,6616
0,No Till,NA,28:10:10,140,1-Feb,0,Aerial Solid,None,6617
1,No Till,NA,28:10:10,140,1-Feb,0,Aerial Solid,None,6618
3,No Till,NA,28:10:10,140,1-Feb,0,Aerial Solid,None,6619
5,No Till,NA,28:10:10,140,1-Feb,0,Aerial Solid,None,6620
0,No Till,NA,Dairy Manure,140,1-Feb,0,Aerial Solid,None,6621
1,No Till,NA,Dairy Manure,140,1-Feb,0,Aerial Solid,None,6622
3,No Till,NA,Dairy Manure,140,1-Feb,0,Aerial Solid,None,6623
5,No Till,NA,Dairy Manure,140,1-Feb,0,Aerial Solid,None,6624
0,No Till,NA,26:13:00,280,1-Feb,0,Aerial Solid,None,6625
1,No Till,NA,26:13:00,280,1-Feb,0,Aerial Solid,None,6626
3,No Till,NA,26:13:00,280,1-Feb,0,Aerial Solid,None,6627
5,No Till,NA,26:13:00,280,1-Feb,0,Aerial Solid,None,6628
0,No Till,NA,28:10:10,280,1-Feb,0,Aerial Solid,None,6629
1,No Till,NA,28:10:10,280,1-Feb,0,Aerial Solid,None,6630
3,No Till,NA,28:10:10,280,1-Feb,0,Aerial Solid,None,6631
5,No Till,NA,28:10:10,280,1-Feb,0,Aerial Solid,None,6632
0,No Till,NA,Dairy Manure,280,1-Feb,0,Aerial Solid,None,6633
1,No Till,NA,Dairy Manure,280,1-Feb,0,Aerial Solid,None,6634
3,No Till,NA,Dairy Manure,280,1-Feb,0,Aerial Solid,None,6635
5,No Till,NA,Dairy Manure,280,1-Feb,0,Aerial Solid,None,6636
0,No Till,NA,26:13:00,560,1-Feb,0,Aerial Solid,None,6637
1,No Till,NA,26:13:00,560,1-Feb,0,Aerial Solid,None,6638
3,No Till,NA,26:13:00,560,1-Feb,0,Aerial Solid,None,6639
5,No Till,NA,26:13:00,560,1-Feb,0,Aerial Solid,None,6640
0,No Till,NA,28:10:10,560,1-Feb,0,Aerial Solid,None,6641
1,No Till,NA,28:10:10,560,1-Feb,0,Aerial Solid,None,6642
3,No Till,NA,28:10:10,560,1-Feb,0,Aerial Solid,None,6643
5,No Till,NA,28:10:10,560,1-Feb,0,Aerial Solid,None,6644
0,No Till,NA,Dairy Manure,560,1-Feb,0,Aerial Solid,None,6645
1,No Till,NA,Dairy Manure,560,1-Feb,0,Aerial Solid,None,6646
3,No Till,NA,Dairy Manure,560,1-Feb,0,Aerial Solid,None,6647
5,No Till,NA,Dairy Manure,560,1-Feb,0,Aerial Solid,None,6648
0,No Till,NA,26:13:00,1120,1-Feb,0,Aerial Solid,None,6649
1,No Till,NA,26:13:00,1120,1-Feb,0,Aerial Solid,None,6650
3,No Till,NA,26:13:00,1120,1-Feb,0,Aerial Solid,None,6651
5,No Till,NA,26:13:00,1120,1-Feb,0,Aerial Solid,None,6652
0,No Till,NA,28:10:10,1120,1-Feb,0,Aerial Solid,None,6653
1,No Till,NA,28:10:10,1120,1-Feb,0,Aerial Solid,None,6654
3,No Till,NA,28:10:10,1120,1-Feb,0,Aerial Solid,None,6655
5,No Till,NA,28:10:10,1120,1-Feb,0,Aerial Solid,None,6656
0,No Till,NA,Dairy Manure,1120,1-Feb,0,Aerial Solid,None,6657
1,No Till,NA,Dairy Manure,1120,1-Feb,0,Aerial Solid,None,6658
3,No Till,NA,Dairy Manure,1120,1-Feb,0,Aerial Solid,None,6659
5,No Till,NA,Dairy Manure,1120,1-Feb,0,Aerial Solid,None,6660
0,No Till,NA,26:13:00,0,1-May,0,Aerial Solid,None,6661
1,No Till,NA,26:13:00,0,1-May,0,Aerial Solid,None,6662
3,No Till,NA,26:13:00,0,1-May,0,Aerial Solid,None,6663
5,No Till,NA,26:13:00,0,1-May,0,Aerial Solid,None,6664
0,No Till,NA,28:10:10,0,1-May,0,Aerial Solid,None,6665
1,No Till,NA,28:10:10,0,1-May,0,Aerial Solid,None,6666
3,No Till,NA,28:10:10,0,1-May,0,Aerial Solid,None,6667
5,No Till,NA,28:10:10,0,1-May,0,Aerial Solid,None,6668
0,No Till,NA,Dairy Manure,0,1-May,0,Aerial Solid,None,6669
1,No Till,NA,Dairy Manure,0,1-May,0,Aerial Solid,None,6670
3,No Till,NA,Dairy Manure,0,1-May,0,Aerial Solid,None,6671
5,No Till,NA,Dairy Manure,0,1-May,0,Aerial Solid,None,6672
0,No Till,NA,26:13:00,140,1-May,0,Aerial Solid,None,6673
1,No Till,NA,26:13:00,140,1-May,0,Aerial Solid,None,6674
3,No Till,NA,26:13:00,140,1-May,0,Aerial Solid,None,6675
5,No Till,NA,26:13:00,140,1-May,0,Aerial Solid,None,6676
0,No Till,NA,28:10:10,140,1-May,0,Aerial Solid,None,6677
1,No Till,NA,28:10:10,140,1-May,0,Aerial Solid,None,6678
3,No Till,NA,28:10:10,140,1-May,0,Aerial Solid,None,6679
5,No Till,NA,28:10:10,140,1-May,0,Aerial Solid,None,6680
0,No Till,NA,Dairy Manure,140,1-May,0,Aerial Solid,None,6681
1,No Till,NA,Dairy Manure,140,1-May,0,Aerial Solid,None,6682
3,No Till,NA,Dairy Manure,140,1-May,0,Aerial Solid,None,6683
5,No Till,NA,Dairy Manure,140,1-May,0,Aerial Solid,None,6684
0,No Till,NA,26:13:00,280,1-May,0,Aerial Solid,None,6685
1,No Till,NA,26:13:00,280,1-May,0,Aerial Solid,None,6686
3,No Till,NA,26:13:00,280,1-May,0,Aerial Solid,None,6687
5,No Till,NA,26:13:00,280,1-May,0,Aerial Solid,None,6688
0,No Till,NA,28:10:10,280,1-May,0,Aerial Solid,None,6689
1,No Till,NA,28:10:10,280,1-May,0,Aerial Solid,None,6690
3,No Till,NA,28:10:10,280,1-May,0,Aerial Solid,None,6691
5,No Till,NA,28:10:10,280,1-May,0,Aerial Solid,None,6692
0,No Till,NA,Dairy Manure,280,1-May,0,Aerial Solid,None,6693
1,No Till,NA,Dairy Manure,280,1-May,0,Aerial Solid,None,6694
3,No Till,NA,Dairy Manure,280,1-May,0,Aerial Solid,None,6695
5,No Till,NA,Dairy Manure,280,1-May,0,Aerial Solid,None,6696
0,No Till,NA,26:13:00,560,1-May,0,Aerial Solid,None,6697
1,No Till,NA,26:13:00,560,1-May,0,Aerial Solid,None,6698
3,No Till,NA,26:13:00,560,1-May,0,Aerial Solid,None,6699
5,No Till,NA,26:13:00,560,1-May,0,Aerial Solid,None,6700
0,No Till,NA,28:10:10,560,1-May,0,Aerial Solid,None,6701
1,No Till,NA,28:10:10,560,1-May,0,Aerial Solid,None,6702
3,No Till,NA,28:10:10,560,1-May,0,Aerial Solid,None,6703
5,No Till,NA,28:10:10,560,1-May,0,Aerial Solid,None,6704
0,No Till,NA,Dairy Manure,560,1-May,0,Aerial Solid,None,6705
1,No Till,NA,Dairy Manure,560,1-May,0,Aerial Solid,None,6706
3,No Till,NA,Dairy Manure,560,1-May,0,Aerial Solid,None,6707
5,No Till,NA,Dairy Manure,560,1-May,0,Aerial Solid,None,6708
0,No Till,NA,26:13:00,1120,1-May,0,Aerial Solid,None,6709
1,No Till,NA,26:13:00,1120,1-May,0,Aerial Solid,None,6710
3,No Till,NA,26:13:00,1120,1-May,0,Aerial Solid,None,6711
5,No Till,NA,26:13:00,1120,1-May,0,Aerial Solid,None,6712
0,No Till,NA,28:10:10,1120,1-May,0,Aerial Solid,None,6713
1,No Till,NA,28:10:10,1120,1-May,0,Aerial Solid,None,6714
3,No Till,NA,28:10:10,1120,1-May,0,Aerial Solid,None,6715
5,No Till,NA,28:10:10,1120,1-May,0,Aerial Solid,None,6716
0,No Till,NA,Dairy Manure,1120,1-May,0,Aerial Solid,None,6717
1,No Till,NA,Dairy Manure,1120,1-May,0,Aerial Solid,None,6718
3,No Till,NA,Dairy Manure,1120,1-May,0,Aerial Solid,None,6719
5,No Till,NA,Dairy Manure,1120,1-May,0,Aerial Solid,None,6720
0,No Till,NA,26:13:00,0,1-Feb,140,Aerial Solid,None,6721
1,No Till,NA,26:13:00,0,1-Feb,140,Aerial Solid,None,6722
3,No Till,NA,26:13:00,0,1-Feb,140,Aerial Solid,None,6723
5,No Till,NA,26:13:00,0,1-Feb,140,Aerial Solid,None,6724
0,No Till,NA,28:10:10,0,1-Feb,140,Aerial Solid,None,6725
1,No Till,NA,28:10:10,0,1-Feb,140,Aerial Solid,None,6726
3,No Till,NA,28:10:10,0,1-Feb,140,Aerial Solid,None,6727
5,No Till,NA,28:10:10,0,1-Feb,140,Aerial Solid,None,6728
0,No Till,NA,Dairy Manure,0,1-Feb,140,Aerial Solid,None,6729
1,No Till,NA,Dairy Manure,0,1-Feb,140,Aerial Solid,None,6730
3,No Till,NA,Dairy Manure,0,1-Feb,140,Aerial Solid,None,6731
5,No Till,NA,Dairy Manure,0,1-Feb,140,Aerial Solid,None,6732
0,No Till,NA,26:13:00,140,1-Feb,140,Aerial Solid,None,6733
1,No Till,NA,26:13:00,140,1-Feb,140,Aerial Solid,None,6734
3,No Till,NA,26:13:00,140,1-Feb,140,Aerial Solid,None,6735
5,No Till,NA,26:13:00,140,1-Feb,140,Aerial Solid,None,6736
0,No Till,NA,28:10:10,140,1-Feb,140,Aerial Solid,None,6737
1,No Till,NA,28:10:10,140,1-Feb,140,Aerial Solid,None,6738
3,No Till,NA,28:10:10,140,1-Feb,140,Aerial Solid,None,6739
5,No Till,NA,28:10:10,140,1-Feb,140,Aerial Solid,None,6740
0,No Till,NA,Dairy Manure,140,1-Feb,140,Aerial Solid,None,6741
1,No Till,NA,Dairy Manure,140,1-Feb,140,Aerial Solid,None,6742
3,No Till,NA,Dairy Manure,140,1-Feb,140,Aerial Solid,None,6743
5,No Till,NA,Dairy Manure,140,1-Feb,140,Aerial Solid,None,6744
0,No Till,NA,26:13:00,280,1-Feb,140,Aerial Solid,None,6745
1,No Till,NA,26:13:00,280,1-Feb,140,Aerial Solid,None,6746
3,No Till,NA,26:13:00,280,1-Feb,140,Aerial Solid,None,6747
5,No Till,NA,26:13:00,280,1-Feb,140,Aerial Solid,None,6748
0,No Till,NA,28:10:10,280,1-Feb,140,Aerial Solid,None,6749
1,No Till,NA,28:10:10,280,1-Feb,140,Aerial Solid,None,6750
3,No Till,NA,28:10:10,280,1-Feb,140,Aerial Solid,None,6751
5,No Till,NA,28:10:10,280,1-Feb,140,Aerial Solid,None,6752
0,No Till,NA,Dairy Manure,280,1-Feb,140,Aerial Solid,None,6753
1,No Till,NA,Dairy Manure,280,1-Feb,140,Aerial Solid,None,6754
3,No Till,NA,Dairy Manure,280,1-Feb,140,Aerial Solid,None,6755
5,No Till,NA,Dairy Manure,280,1-Feb,140,Aerial Solid,None,6756
0,No Till,NA,26:13:00,560,1-Feb,140,Aerial Solid,None,6757
1,No Till,NA,26:13:00,560,1-Feb,140,Aerial Solid,None,6758
3,No Till,NA,26:13:00,560,1-Feb,140,Aerial Solid,None,6759
5,No Till,NA,26:13:00,560,1-Feb,140,Aerial Solid,None,6760
0,No Till,NA,28:10:10,560,1-Feb,140,Aerial Solid,None,6761
1,No Till,NA,28:10:10,560,1-Feb,140,Aerial Solid,None,6762
3,No Till,NA,28:10:10,560,1-Feb,140,Aerial Solid,None,6763
5,No Till,NA,28:10:10,560,1-Feb,140,Aerial Solid,None,6764
0,No Till,NA,Dairy Manure,560,1-Feb,140,Aerial Solid,None,6765
1,No Till,NA,Dairy Manure,560,1-Feb,140,Aerial Solid,None,6766
3,No Till,NA,Dairy Manure,560,1-Feb,140,Aerial Solid,None,6767
5,No Till,NA,Dairy Manure,560,1-Feb,140,Aerial Solid,None,6768
0,No Till,NA,26:13:00,1120,1-Feb,140,Aerial Solid,None,6769
1,No Till,NA,26:13:00,1120,1-Feb,140,Aerial Solid,None,6770
3,No Till,NA,26:13:00,1120,1-Feb,140,Aerial Solid,None,6771
5,No Till,NA,26:13:00,1120,1-Feb,140,Aerial Solid,None,6772
0,No Till,NA,28:10:10,1120,1-Feb,140,Aerial Solid,None,6773
1,No Till,NA,28:10:10,1120,1-Feb,140,Aerial Solid,None,6774
3,No Till,NA,28:10:10,1120,1-Feb,140,Aerial Solid,None,6775
5,No Till,NA,28:10:10,1120,1-Feb,140,Aerial Solid,None,6776
0,No Till,NA,Dairy Manure,1120,1-Feb,140,Aerial Solid,None,6777
1,No Till,NA,Dairy Manure,1120,1-Feb,140,Aerial Solid,None,6778
3,No Till,NA,Dairy Manure,1120,1-Feb,140,Aerial Solid,None,6779
5,No Till,NA,Dairy Manure,1120,1-Feb,140,Aerial Solid,None,6780
0,No Till,NA,26:13:00,0,1-May,140,Aerial Solid,None,6781
1,No Till,NA,26:13:00,0,1-May,140,Aerial Solid,None,6782
3,No Till,NA,26:13:00,0,1-May,140,Aerial Solid,None,6783
5,No Till,NA,26:13:00,0,1-May,140,Aerial Solid,None,6784
0,No Till,NA,28:10:10,0,1-May,140,Aerial Solid,None,6785
1,No Till,NA,28:10:10,0,1-May,140,Aerial Solid,None,6786
3,No Till,NA,28:10:10,0,1-May,140,Aerial Solid,None,6787
5,No Till,NA,28:10:10,0,1-May,140,Aerial Solid,None,6788
0,No Till,NA,Dairy Manure,0,1-May,140,Aerial Solid,None,6789
1,No Till,NA,Dairy Manure,0,1-May,140,Aerial Solid,None,6790
3,No Till,NA,Dairy Manure,0,1-May,140,Aerial Solid,None,6791
5,No Till,NA,Dairy Manure,0,1-May,140,Aerial Solid,None,6792
0,No Till,NA,26:13:00,140,1-May,140,Aerial Solid,None,6793
1,No Till,NA,26:13:00,140,1-May,140,Aerial Solid,None,6794
3,No Till,NA,26:13:00,140,1-May,140,Aerial Solid,None,6795
5,No Till,NA,26:13:00,140,1-May,140,Aerial Solid,None,6796
0,No Till,NA,28:10:10,140,1-May,140,Aerial Solid,None,6797
1,No Till,NA,28:10:10,140,1-May,140,Aerial Solid,None,6798
3,No Till,NA,28:10:10,140,1-May,140,Aerial Solid,None,6799
5,No Till,NA,28:10:10,140,1-May,140,Aerial Solid,None,6800
0,No Till,NA,Dairy Manure,140,1-May,140,Aerial Solid,None,6801
1,No Till,NA,Dairy Manure,140,1-May,140,Aerial Solid,None,6802
3,No Till,NA,Dairy Manure,140,1-May,140,Aerial Solid,None,6803
5,No Till,NA,Dairy Manure,140,1-May,140,Aerial Solid,None,6804
0,No Till,NA,26:13:00,280,1-May,140,Aerial Solid,None,6805
1,No Till,NA,26:13:00,280,1-May,140,Aerial Solid,None,6806
3,No Till,NA,26:13:00,280,1-May,140,Aerial Solid,None,6807
5,No Till,NA,26:13:00,280,1-May,140,Aerial Solid,None,6808
0,No Till,NA,28:10:10,280,1-May,140,Aerial Solid,None,6809
1,No Till,NA,28:10:10,280,1-May,140,Aerial Solid,None,6810
3,No Till,NA,28:10:10,280,1-May,140,Aerial Solid,None,6811
5,No Till,NA,28:10:10,280,1-May,140,Aerial Solid,None,6812
0,No Till,NA,Dairy Manure,280,1-May,140,Aerial Solid,None,6813
1,No Till,NA,Dairy Manure,280,1-May,140,Aerial Solid,None,6814
3,No Till,NA,Dairy Manure,280,1-May,140,Aerial Solid,None,6815
5,No Till,NA,Dairy Manure,280,1-May,140,Aerial Solid,None,6816
0,No Till,NA,26:13:00,560,1-May,140,Aerial Solid,None,6817
1,No Till,NA,26:13:00,560,1-May,140,Aerial Solid,None,6818
3,No Till,NA,26:13:00,560,1-May,140,Aerial Solid,None,6819
5,No Till,NA,26:13:00,560,1-May,140,Aerial Solid,None,6820
0,No Till,NA,28:10:10,560,1-May,140,Aerial Solid,None,6821
1,No Till,NA,28:10:10,560,1-May,140,Aerial Solid,None,6822
3,No Till,NA,28:10:10,560,1-May,140,Aerial Solid,None,6823
5,No Till,NA,28:10:10,560,1-May,140,Aerial Solid,None,6824
0,No Till,NA,Dairy Manure,560,1-May,140,Aerial Solid,None,6825
1,No Till,NA,Dairy Manure,560,1-May,140,Aerial Solid,None,6826
3,No Till,NA,Dairy Manure,560,1-May,140,Aerial Solid,None,6827
5,No Till,NA,Dairy Manure,560,1-May,140,Aerial Solid,None,6828
0,No Till,NA,26:13:00,1120,1-May,140,Aerial Solid,None,6829
1,No Till,NA,26:13:00,1120,1-May,140,Aerial Solid,None,6830
3,No Till,NA,26:13:00,1120,1-May,140,Aerial Solid,None,6831
5,No Till,NA,26:13:00,1120,1-May,140,Aerial Solid,None,6832
0,No Till,NA,28:10:10,1120,1-May,140,Aerial Solid,None,6833
1,No Till,NA,28:10:10,1120,1-May,140,Aerial Solid,None,6834
3,No Till,NA,28:10:10,1120,1-May,140,Aerial Solid,None,6835
5,No Till,NA,28:10:10,1120,1-May,140,Aerial Solid,None,6836
0,No Till,NA,Dairy Manure,1120,1-May,140,Aerial Solid,None,6837
1,No Till,NA,Dairy Manure,1120,1-May,140,Aerial Solid,None,6838
3,No Till,NA,Dairy Manure,1120,1-May,140,Aerial Solid,None,6839
5,No Till,NA,Dairy Manure,1120,1-May,140,Aerial Solid,None,6840
0,No Till,NA,26:13:00,0,1-Feb,280,Aerial Solid,None,6841
1,No Till,NA,26:13:00,0,1-Feb,280,Aerial Solid,None,6842
3,No Till,NA,26:13:00,0,1-Feb,280,Aerial Solid,None,6843
5,No Till,NA,26:13:00,0,1-Feb,280,Aerial Solid,None,6844
0,No Till,NA,28:10:10,0,1-Feb,280,Aerial Solid,None,6845
1,No Till,NA,28:10:10,0,1-Feb,280,Aerial Solid,None,6846
3,No Till,NA,28:10:10,0,1-Feb,280,Aerial Solid,None,6847
5,No Till,NA,28:10:10,0,1-Feb,280,Aerial Solid,None,6848
0,No Till,NA,Dairy Manure,0,1-Feb,280,Aerial Solid,None,6849
1,No Till,NA,Dairy Manure,0,1-Feb,280,Aerial Solid,None,6850
3,No Till,NA,Dairy Manure,0,1-Feb,280,Aerial Solid,None,6851
5,No Till,NA,Dairy Manure,0,1-Feb,280,Aerial Solid,None,6852
0,No Till,NA,26:13:00,140,1-Feb,280,Aerial Solid,None,6853
1,No Till,NA,26:13:00,140,1-Feb,280,Aerial Solid,None,6854
3,No Till,NA,26:13:00,140,1-Feb,280,Aerial Solid,None,6855
5,No Till,NA,26:13:00,140,1-Feb,280,Aerial Solid,None,6856
0,No Till,NA,28:10:10,140,1-Feb,280,Aerial Solid,None,6857
1,No Till,NA,28:10:10,140,1-Feb,280,Aerial Solid,None,6858
3,No Till,NA,28:10:10,140,1-Feb,280,Aerial Solid,None,6859
5,No Till,NA,28:10:10,140,1-Feb,280,Aerial Solid,None,6860
0,No Till,NA,Dairy Manure,140,1-Feb,280,Aerial Solid,None,6861
1,No Till,NA,Dairy Manure,140,1-Feb,280,Aerial Solid,None,6862
3,No Till,NA,Dairy Manure,140,1-Feb,280,Aerial Solid,None,6863
5,No Till,NA,Dairy Manure,140,1-Feb,280,Aerial Solid,None,6864
0,No Till,NA,26:13:00,280,1-Feb,280,Aerial Solid,None,6865
1,No Till,NA,26:13:00,280,1-Feb,280,Aerial Solid,None,6866
3,No Till,NA,26:13:00,280,1-Feb,280,Aerial Solid,None,6867
5,No Till,NA,26:13:00,280,1-Feb,280,Aerial Solid,None,6868
0,No Till,NA,28:10:10,280,1-Feb,280,Aerial Solid,None,6869
1,No Till,NA,28:10:10,280,1-Feb,280,Aerial Solid,None,6870
3,No Till,NA,28:10:10,280,1-Feb,280,Aerial Solid,None,6871
5,No Till,NA,28:10:10,280,1-Feb,280,Aerial Solid,None,6872
0,No Till,NA,Dairy Manure,280,1-Feb,280,Aerial Solid,None,6873
1,No Till,NA,Dairy Manure,280,1-Feb,280,Aerial Solid,None,6874
3,No Till,NA,Dairy Manure,280,1-Feb,280,Aerial Solid,None,6875
5,No Till,NA,Dairy Manure,280,1-Feb,280,Aerial Solid,None,6876
0,No Till,NA,26:13:00,560,1-Feb,280,Aerial Solid,None,6877
1,No Till,NA,26:13:00,560,1-Feb,280,Aerial Solid,None,6878
3,No Till,NA,26:13:00,560,1-Feb,280,Aerial Solid,None,6879
5,No Till,NA,26:13:00,560,1-Feb,280,Aerial Solid,None,6880
0,No Till,NA,28:10:10,560,1-Feb,280,Aerial Solid,None,6881
1,No Till,NA,28:10:10,560,1-Feb,280,Aerial Solid,None,6882
3,No Till,NA,28:10:10,560,1-Feb,280,Aerial Solid,None,6883
5,No Till,NA,28:10:10,560,1-Feb,280,Aerial Solid,None,6884
0,No Till,NA,Dairy Manure,560,1-Feb,280,Aerial Solid,None,6885
1,No Till,NA,Dairy Manure,560,1-Feb,280,Aerial Solid,None,6886
3,No Till,NA,Dairy Manure,560,1-Feb,280,Aerial Solid,None,6887
5,No Till,NA,Dairy Manure,560,1-Feb,280,Aerial Solid,None,6888
0,No Till,NA,26:13:00,1120,1-Feb,280,Aerial Solid,None,6889
1,No Till,NA,26:13:00,1120,1-Feb,280,Aerial Solid,None,6890
3,No Till,NA,26:13:00,1120,1-Feb,280,Aerial Solid,None,6891
5,No Till,NA,26:13:00,1120,1-Feb,280,Aerial Solid,None,6892
0,No Till,NA,28:10:10,1120,1-Feb,280,Aerial Solid,None,6893
1,No Till,NA,28:10:10,1120,1-Feb,280,Aerial Solid,None,6894
3,No Till,NA,28:10:10,1120,1-Feb,280,Aerial Solid,None,6895
5,No Till,NA,28:10:10,1120,1-Feb,280,Aerial Solid,None,6896
0,No Till,NA,Dairy Manure,1120,1-Feb,280,Aerial Solid,None,6897
1,No Till,NA,Dairy Manure,1120,1-Feb,280,Aerial Solid,None,6898
3,No Till,NA,Dairy Manure,1120,1-Feb,280,Aerial Solid,None,6899
5,No Till,NA,Dairy Manure,1120,1-Feb,280,Aerial Solid,None,6900
0,No Till,NA,26:13:00,0,1-May,280,Aerial Solid,None,6901
1,No Till,NA,26:13:00,0,1-May,280,Aerial Solid,None,6902
3,No Till,NA,26:13:00,0,1-May,280,Aerial Solid,None,6903
5,No Till,NA,26:13:00,0,1-May,280,Aerial Solid,None,6904
0,No Till,NA,28:10:10,0,1-May,280,Aerial Solid,None,6905
1,No Till,NA,28:10:10,0,1-May,280,Aerial Solid,None,6906
3,No Till,NA,28:10:10,0,1-May,280,Aerial Solid,None,6907
5,No Till,NA,28:10:10,0,1-May,280,Aerial Solid,None,6908
0,No Till,NA,Dairy Manure,0,1-May,280,Aerial Solid,None,6909
1,No Till,NA,Dairy Manure,0,1-May,280,Aerial Solid,None,6910
3,No Till,NA,Dairy Manure,0,1-May,280,Aerial Solid,None,6911
5,No Till,NA,Dairy Manure,0,1-May,280,Aerial Solid,None,6912
0,No Till,NA,26:13:00,140,1-May,280,Aerial Solid,None,6913
1,No Till,NA,26:13:00,140,1-May,280,Aerial Solid,None,6914
3,No Till,NA,26:13:00,140,1-May,280,Aerial Solid,None,6915
5,No Till,NA,26:13:00,140,1-May,280,Aerial Solid,None,6916
0,No Till,NA,28:10:10,140,1-May,280,Aerial Solid,None,6917
1,No Till,NA,28:10:10,140,1-May,280,Aerial Solid,None,6918
3,No Till,NA,28:10:10,140,1-May,280,Aerial Solid,None,6919
5,No Till,NA,28:10:10,140,1-May,280,Aerial Solid,None,6920
0,No Till,NA,Dairy Manure,140,1-May,280,Aerial Solid,None,6921
1,No Till,NA,Dairy Manure,140,1-May,280,Aerial Solid,None,6922
3,No Till,NA,Dairy Manure,140,1-May,280,Aerial Solid,None,6923
5,No Till,NA,Dairy Manure,140,1-May,280,Aerial Solid,None,6924
0,No Till,NA,26:13:00,280,1-May,280,Aerial Solid,None,6925
1,No Till,NA,26:13:00,280,1-May,280,Aerial Solid,None,6926
3,No Till,NA,26:13:00,280,1-May,280,Aerial Solid,None,6927
5,No Till,NA,26:13:00,280,1-May,280,Aerial Solid,None,6928
0,No Till,NA,28:10:10,280,1-May,280,Aerial Solid,None,6929
1,No Till,NA,28:10:10,280,1-May,280,Aerial Solid,None,6930
3,No Till,NA,28:10:10,280,1-May,280,Aerial Solid,None,6931
5,No Till,NA,28:10:10,280,1-May,280,Aerial Solid,None,6932
0,No Till,NA,Dairy Manure,280,1-May,280,Aerial Solid,None,6933
1,No Till,NA,Dairy Manure,280,1-May,280,Aerial Solid,None,6934
3,No Till,NA,Dairy Manure,280,1-May,280,Aerial Solid,None,6935
5,No Till,NA,Dairy Manure,280,1-May,280,Aerial Solid,None,6936
0,No Till,NA,26:13:00,560,1-May,280,Aerial Solid,None,6937
1,No Till,NA,26:13:00,560,1-May,280,Aerial Solid,None,6938
3,No Till,NA,26:13:00,560,1-May,280,Aerial Solid,None,6939
5,No Till,NA,26:13:00,560,1-May,280,Aerial Solid,None,6940
0,No Till,NA,28:10:10,560,1-May,280,Aerial Solid,None,6941
1,No Till,NA,28:10:10,560,1-May,280,Aerial Solid,None,6942
3,No Till,NA,28:10:10,560,1-May,280,Aerial Solid,None,6943
5,No Till,NA,28:10:10,560,1-May,280,Aerial Solid,None,6944
0,No Till,NA,Dairy Manure,560,1-May,280,Aerial Solid,None,6945
1,No Till,NA,Dairy Manure,560,1-May,280,Aerial Solid,None,6946
3,No Till,NA,Dairy Manure,560,1-May,280,Aerial Solid,None,6947
5,No Till,NA,Dairy Manure,560,1-May,280,Aerial Solid,None,6948
0,No Till,NA,26:13:00,1120,1-May,280,Aerial Solid,None,6949
1,No Till,NA,26:13:00,1120,1-May,280,Aerial Solid,None,6950
3,No Till,NA,26:13:00,1120,1-May,280,Aerial Solid,None,6951
5,No Till,NA,26:13:00,1120,1-May,280,Aerial Solid,None,6952
0,No Till,NA,28:10:10,1120,1-May,280,Aerial Solid,None,6953
1,No Till,NA,28:10:10,1120,1-May,280,Aerial Solid,None,6954
3,No Till,NA,28:10:10,1120,1-May,280,Aerial Solid,None,6955
5,No Till,NA,28:10:10,1120,1-May,280,Aerial Solid,None,6956
0,No Till,NA,Dairy Manure,1120,1-May,280,Aerial Solid,None,6957
1,No Till,NA,Dairy Manure,1120,1-May,280,Aerial Solid,None,6958
3,No Till,NA,Dairy Manure,1120,1-May,280,Aerial Solid,None,6959
5,No Till,NA,Dairy Manure,1120,1-May,280,Aerial Solid,None,6960
0,No Till,NA,26:13:00,0,1-Feb,560,Aerial Solid,None,6961
1,No Till,NA,26:13:00,0,1-Feb,560,Aerial Solid,None,6962
3,No Till,NA,26:13:00,0,1-Feb,560,Aerial Solid,None,6963
5,No Till,NA,26:13:00,0,1-Feb,560,Aerial Solid,None,6964
0,No Till,NA,28:10:10,0,1-Feb,560,Aerial Solid,None,6965
1,No Till,NA,28:10:10,0,1-Feb,560,Aerial Solid,None,6966
3,No Till,NA,28:10:10,0,1-Feb,560,Aerial Solid,None,6967
5,No Till,NA,28:10:10,0,1-Feb,560,Aerial Solid,None,6968
0,No Till,NA,Dairy Manure,0,1-Feb,560,Aerial Solid,None,6969
1,No Till,NA,Dairy Manure,0,1-Feb,560,Aerial Solid,None,6970
3,No Till,NA,Dairy Manure,0,1-Feb,560,Aerial Solid,None,6971
5,No Till,NA,Dairy Manure,0,1-Feb,560,Aerial Solid,None,6972
0,No Till,NA,26:13:00,140,1-Feb,560,Aerial Solid,None,6973
1,No Till,NA,26:13:00,140,1-Feb,560,Aerial Solid,None,6974
3,No Till,NA,26:13:00,140,1-Feb,560,Aerial Solid,None,6975
5,No Till,NA,26:13:00,140,1-Feb,560,Aerial Solid,None,6976
0,No Till,NA,28:10:10,140,1-Feb,560,Aerial Solid,None,6977
1,No Till,NA,28:10:10,140,1-Feb,560,Aerial Solid,None,6978
3,No Till,NA,28:10:10,140,1-Feb,560,Aerial Solid,None,6979
5,No Till,NA,28:10:10,140,1-Feb,560,Aerial Solid,None,6980
0,No Till,NA,Dairy Manure,140,1-Feb,560,Aerial Solid,None,6981
1,No Till,NA,Dairy Manure,140,1-Feb,560,Aerial Solid,None,6982
3,No Till,NA,Dairy Manure,140,1-Feb,560,Aerial Solid,None,6983
5,No Till,NA,Dairy Manure,140,1-Feb,560,Aerial Solid,None,6984
0,No Till,NA,26:13:00,280,1-Feb,560,Aerial Solid,None,6985
1,No Till,NA,26:13:00,280,1-Feb,560,Aerial Solid,None,6986
3,No Till,NA,26:13:00,280,1-Feb,560,Aerial Solid,None,6987
5,No Till,NA,26:13:00,280,1-Feb,560,Aerial Solid,None,6988
0,No Till,NA,28:10:10,280,1-Feb,560,Aerial Solid,None,6989
1,No Till,NA,28:10:10,280,1-Feb,560,Aerial Solid,None,6990
3,No Till,NA,28:10:10,280,1-Feb,560,Aerial Solid,None,6991
5,No Till,NA,28:10:10,280,1-Feb,560,Aerial Solid,None,6992
0,No Till,NA,Dairy Manure,280,1-Feb,560,Aerial Solid,None,6993
1,No Till,NA,Dairy Manure,280,1-Feb,560,Aerial Solid,None,6994
3,No Till,NA,Dairy Manure,280,1-Feb,560,Aerial Solid,None,6995
5,No Till,NA,Dairy Manure,280,1-Feb,560,Aerial Solid,None,6996
0,No Till,NA,26:13:00,560,1-Feb,560,Aerial Solid,None,6997
1,No Till,NA,26:13:00,560,1-Feb,560,Aerial Solid,None,6998
3,No Till,NA,26:13:00,560,1-Feb,560,Aerial Solid,None,6999
5,No Till,NA,26:13:00,560,1-Feb,560,Aerial Solid,None,7000
0,No Till,NA,28:10:10,560,1-Feb,560,Aerial Solid,None,7001
1,No Till,NA,28:10:10,560,1-Feb,560,Aerial Solid,None,7002
3,No Till,NA,28:10:10,560,1-Feb,560,Aerial Solid,None,7003
5,No Till,NA,28:10:10,560,1-Feb,560,Aerial Solid,None,7004
0,No Till,NA,Dairy Manure,560,1-Feb,560,Aerial Solid,None,7005
1,No Till,NA,Dairy Manure,560,1-Feb,560,Aerial Solid,None,7006
3,No Till,NA,Dairy Manure,560,1-Feb,560,Aerial Solid,None,7007
5,No Till,NA,Dairy Manure,560,1-Feb,560,Aerial Solid,None,7008
0,No Till,NA,26:13:00,1120,1-Feb,560,Aerial Solid,None,7009
1,No Till,NA,26:13:00,1120,1-Feb,560,Aerial Solid,None,7010
3,No Till,NA,26:13:00,1120,1-Feb,560,Aerial Solid,None,7011
5,No Till,NA,26:13:00,1120,1-Feb,560,Aerial Solid,None,7012
0,No Till,NA,28:10:10,1120,1-Feb,560,Aerial Solid,None,7013
1,No Till,NA,28:10:10,1120,1-Feb,560,Aerial Solid,None,7014
3,No Till,NA,28:10:10,1120,1-Feb,560,Aerial Solid,None,7015
5,No Till,NA,28:10:10,1120,1-Feb,560,Aerial Solid,None,7016
0,No Till,NA,Dairy Manure,1120,1-Feb,560,Aerial Solid,None,7017
1,No Till,NA,Dairy Manure,1120,1-Feb,560,Aerial Solid,None,7018
3,No Till,NA,Dairy Manure,1120,1-Feb,560,Aerial Solid,None,7019
5,No Till,NA,Dairy Manure,1120,1-Feb,560,Aerial Solid,None,7020
0,No Till,NA,26:13:00,0,1-May,560,Aerial Solid,None,7021
1,No Till,NA,26:13:00,0,1-May,560,Aerial Solid,None,7022
3,No Till,NA,26:13:00,0,1-May,560,Aerial Solid,None,7023
5,No Till,NA,26:13:00,0,1-May,560,Aerial Solid,None,7024
0,No Till,NA,28:10:10,0,1-May,560,Aerial Solid,None,7025
1,No Till,NA,28:10:10,0,1-May,560,Aerial Solid,None,7026
3,No Till,NA,28:10:10,0,1-May,560,Aerial Solid,None,7027
5,No Till,NA,28:10:10,0,1-May,560,Aerial Solid,None,7028
0,No Till,NA,Dairy Manure,0,1-May,560,Aerial Solid,None,7029
1,No Till,NA,Dairy Manure,0,1-May,560,Aerial Solid,None,7030
3,No Till,NA,Dairy Manure,0,1-May,560,Aerial Solid,None,7031
5,No Till,NA,Dairy Manure,0,1-May,560,Aerial Solid,None,7032
0,No Till,NA,26:13:00,140,1-May,560,Aerial Solid,None,7033
1,No Till,NA,26:13:00,140,1-May,560,Aerial Solid,None,7034
3,No Till,NA,26:13:00,140,1-May,560,Aerial Solid,None,7035
5,No Till,NA,26:13:00,140,1-May,560,Aerial Solid,None,7036
0,No Till,NA,28:10:10,140,1-May,560,Aerial Solid,None,7037
1,No Till,NA,28:10:10,140,1-May,560,Aerial Solid,None,7038
3,No Till,NA,28:10:10,140,1-May,560,Aerial Solid,None,7039
5,No Till,NA,28:10:10,140,1-May,560,Aerial Solid,None,7040
0,No Till,NA,Dairy Manure,140,1-May,560,Aerial Solid,None,7041
1,No Till,NA,Dairy Manure,140,1-May,560,Aerial Solid,None,7042
3,No Till,NA,Dairy Manure,140,1-May,560,Aerial Solid,None,7043
5,No Till,NA,Dairy Manure,140,1-May,560,Aerial Solid,None,7044
0,No Till,NA,26:13:00,280,1-May,560,Aerial Solid,None,7045
1,No Till,NA,26:13:00,280,1-May,560,Aerial Solid,None,7046
3,No Till,NA,26:13:00,280,1-May,560,Aerial Solid,None,7047
5,No Till,NA,26:13:00,280,1-May,560,Aerial Solid,None,7048
0,No Till,NA,28:10:10,280,1-May,560,Aerial Solid,None,7049
1,No Till,NA,28:10:10,280,1-May,560,Aerial Solid,None,7050
3,No Till,NA,28:10:10,280,1-May,560,Aerial Solid,None,7051
5,No Till,NA,28:10:10,280,1-May,560,Aerial Solid,None,7052
0,No Till,NA,Dairy Manure,280,1-May,560,Aerial Solid,None,7053
1,No Till,NA,Dairy Manure,280,1-May,560,Aerial Solid,None,7054
3,No Till,NA,Dairy Manure,280,1-May,560,Aerial Solid,None,7055
5,No Till,NA,Dairy Manure,280,1-May,560,Aerial Solid,None,7056
0,No Till,NA,26:13:00,560,1-May,560,Aerial Solid,None,7057
1,No Till,NA,26:13:00,560,1-May,560,Aerial Solid,None,7058
3,No Till,NA,26:13:00,560,1-May,560,Aerial Solid,None,7059
5,No Till,NA,26:13:00,560,1-May,560,Aerial Solid,None,7060
0,No Till,NA,28:10:10,560,1-May,560,Aerial Solid,None,7061
1,No Till,NA,28:10:10,560,1-May,560,Aerial Solid,None,7062
3,No Till,NA,28:10:10,560,1-May,560,Aerial Solid,None,7063
5,No Till,NA,28:10:10,560,1-May,560,Aerial Solid,None,7064
0,No Till,NA,Dairy Manure,560,1-May,560,Aerial Solid,None,7065
1,No Till,NA,Dairy Manure,560,1-May,560,Aerial Solid,None,7066
3,No Till,NA,Dairy Manure,560,1-May,560,Aerial Solid,None,7067
5,No Till,NA,Dairy Manure,560,1-May,560,Aerial Solid,None,7068
0,No Till,NA,26:13:00,1120,1-May,560,Aerial Solid,None,7069
1,No Till,NA,26:13:00,1120,1-May,560,Aerial Solid,None,7070
3,No Till,NA,26:13:00,1120,1-May,560,Aerial Solid,None,7071
5,No Till,NA,26:13:00,1120,1-May,560,Aerial Solid,None,7072
0,No Till,NA,28:10:10,1120,1-May,560,Aerial Solid,None,7073
1,No Till,NA,28:10:10,1120,1-May,560,Aerial Solid,None,7074
3,No Till,NA,28:10:10,1120,1-May,560,Aerial Solid,None,7075
5,No Till,NA,28:10:10,1120,1-May,560,Aerial Solid,None,7076
0,No Till,NA,Dairy Manure,1120,1-May,560,Aerial Solid,None,7077
1,No Till,NA,Dairy Manure,1120,1-May,560,Aerial Solid,None,7078
3,No Till,NA,Dairy Manure,1120,1-May,560,Aerial Solid,None,7079
5,No Till,NA,Dairy Manure,1120,1-May,560,Aerial Solid,None,7080
0,No Till,NA,26:13:00,0,1-Feb,1120,Aerial Solid,None,7081
1,No Till,NA,26:13:00,0,1-Feb,1120,Aerial Solid,None,7082
3,No Till,NA,26:13:00,0,1-Feb,1120,Aerial Solid,None,7083
5,No Till,NA,26:13:00,0,1-Feb,1120,Aerial Solid,None,7084
0,No Till,NA,28:10:10,0,1-Feb,1120,Aerial Solid,None,7085
1,No Till,NA,28:10:10,0,1-Feb,1120,Aerial Solid,None,7086
3,No Till,NA,28:10:10,0,1-Feb,1120,Aerial Solid,None,7087
5,No Till,NA,28:10:10,0,1-Feb,1120,Aerial Solid,None,7088
0,No Till,NA,Dairy Manure,0,1-Feb,1120,Aerial Solid,None,7089
1,No Till,NA,Dairy Manure,0,1-Feb,1120,Aerial Solid,None,7090
3,No Till,NA,Dairy Manure,0,1-Feb,1120,Aerial Solid,None,7091
5,No Till,NA,Dairy Manure,0,1-Feb,1120,Aerial Solid,None,7092
0,No Till,NA,26:13:00,140,1-Feb,1120,Aerial Solid,None,7093
1,No Till,NA,26:13:00,140,1-Feb,1120,Aerial Solid,None,7094
3,No Till,NA,26:13:00,140,1-Feb,1120,Aerial Solid,None,7095
5,No Till,NA,26:13:00,140,1-Feb,1120,Aerial Solid,None,7096
0,No Till,NA,28:10:10,140,1-Feb,1120,Aerial Solid,None,7097
1,No Till,NA,28:10:10,140,1-Feb,1120,Aerial Solid,None,7098
3,No Till,NA,28:10:10,140,1-Feb,1120,Aerial Solid,None,7099
5,No Till,NA,28:10:10,140,1-Feb,1120,Aerial Solid,None,7100
0,No Till,NA,Dairy Manure,140,1-Feb,1120,Aerial Solid,None,7101
1,No Till,NA,Dairy Manure,140,1-Feb,1120,Aerial Solid,None,7102
3,No Till,NA,Dairy Manure,140,1-Feb,1120,Aerial Solid,None,7103
5,No Till,NA,Dairy Manure,140,1-Feb,1120,Aerial Solid,None,7104
0,No Till,NA,26:13:00,280,1-Feb,1120,Aerial Solid,None,7105
1,No Till,NA,26:13:00,280,1-Feb,1120,Aerial Solid,None,7106
3,No Till,NA,26:13:00,280,1-Feb,1120,Aerial Solid,None,7107
5,No Till,NA,26:13:00,280,1-Feb,1120,Aerial Solid,None,7108
0,No Till,NA,28:10:10,280,1-Feb,1120,Aerial Solid,None,7109
1,No Till,NA,28:10:10,280,1-Feb,1120,Aerial Solid,None,7110
3,No Till,NA,28:10:10,280,1-Feb,1120,Aerial Solid,None,7111
5,No Till,NA,28:10:10,280,1-Feb,1120,Aerial Solid,None,7112
0,No Till,NA,Dairy Manure,280,1-Feb,1120,Aerial Solid,None,7113
1,No Till,NA,Dairy Manure,280,1-Feb,1120,Aerial Solid,None,7114
3,No Till,NA,Dairy Manure,280,1-Feb,1120,Aerial Solid,None,7115
5,No Till,NA,Dairy Manure,280,1-Feb,1120,Aerial Solid,None,7116
0,No Till,NA,26:13:00,560,1-Feb,1120,Aerial Solid,None,7117
1,No Till,NA,26:13:00,560,1-Feb,1120,Aerial Solid,None,7118
3,No Till,NA,26:13:00,560,1-Feb,1120,Aerial Solid,None,7119
5,No Till,NA,26:13:00,560,1-Feb,1120,Aerial Solid,None,7120
0,No Till,NA,28:10:10,560,1-Feb,1120,Aerial Solid,None,7121
1,No Till,NA,28:10:10,560,1-Feb,1120,Aerial Solid,None,7122
3,No Till,NA,28:10:10,560,1-Feb,1120,Aerial Solid,None,7123
5,No Till,NA,28:10:10,560,1-Feb,1120,Aerial Solid,None,7124
0,No Till,NA,Dairy Manure,560,1-Feb,1120,Aerial Solid,None,7125
1,No Till,NA,Dairy Manure,560,1-Feb,1120,Aerial Solid,None,7126
3,No Till,NA,Dairy Manure,560,1-Feb,1120,Aerial Solid,None,7127
5,No Till,NA,Dairy Manure,560,1-Feb,1120,Aerial Solid,None,7128
0,No Till,NA,26:13:00,1120,1-Feb,1120,Aerial Solid,None,7129
1,No Till,NA,26:13:00,1120,1-Feb,1120,Aerial Solid,None,7130
3,No Till,NA,26:13:00,1120,1-Feb,1120,Aerial Solid,None,7131
5,No Till,NA,26:13:00,1120,1-Feb,1120,Aerial Solid,None,7132
0,No Till,NA,28:10:10,1120,1-Feb,1120,Aerial Solid,None,7133
1,No Till,NA,28:10:10,1120,1-Feb,1120,Aerial Solid,None,7134
3,No Till,NA,28:10:10,1120,1-Feb,1120,Aerial Solid,None,7135
5,No Till,NA,28:10:10,1120,1-Feb,1120,Aerial Solid,None,7136
0,No Till,NA,Dairy Manure,1120,1-Feb,1120,Aerial Solid,None,7137
1,No Till,NA,Dairy Manure,1120,1-Feb,1120,Aerial Solid,None,7138
3,No Till,NA,Dairy Manure,1120,1-Feb,1120,Aerial Solid,None,7139
5,No Till,NA,Dairy Manure,1120,1-Feb,1120,Aerial Solid,None,7140
0,No Till,NA,26:13:00,0,1-May,1120,Aerial Solid,None,7141
1,No Till,NA,26:13:00,0,1-May,1120,Aerial Solid,None,7142
3,No Till,NA,26:13:00,0,1-May,1120,Aerial Solid,None,7143
5,No Till,NA,26:13:00,0,1-May,1120,Aerial Solid,None,7144
0,No Till,NA,28:10:10,0,1-May,1120,Aerial Solid,None,7145
1,No Till,NA,28:10:10,0,1-May,1120,Aerial Solid,None,7146
3,No Till,NA,28:10:10,0,1-May,1120,Aerial Solid,None,7147
5,No Till,NA,28:10:10,0,1-May,1120,Aerial Solid,None,7148
0,No Till,NA,Dairy Manure,0,1-May,1120,Aerial Solid,None,7149
1,No Till,NA,Dairy Manure,0,1-May,1120,Aerial Solid,None,7150
3,No Till,NA,Dairy Manure,0,1-May,1120,Aerial Solid,None,7151
5,No Till,NA,Dairy Manure,0,1-May,1120,Aerial Solid,None,7152
0,No Till,NA,26:13:00,140,1-May,1120,Aerial Solid,None,7153
1,No Till,NA,26:13:00,140,1-May,1120,Aerial Solid,None,7154
3,No Till,NA,26:13:00,140,1-May,1120,Aerial Solid,None,7155
5,No Till,NA,26:13:00,140,1-May,1120,Aerial Solid,None,7156
0,No Till,NA,28:10:10,140,1-May,1120,Aerial Solid,None,7157
1,No Till,NA,28:10:10,140,1-May,1120,Aerial Solid,None,7158
3,No Till,NA,28:10:10,140,1-May,1120,Aerial Solid,None,7159
5,No Till,NA,28:10:10,140,1-May,1120,Aerial Solid,None,7160
0,No Till,NA,Dairy Manure,140,1-May,1120,Aerial Solid,None,7161
1,No Till,NA,Dairy Manure,140,1-May,1120,Aerial Solid,None,7162
3,No Till,NA,Dairy Manure,140,1-May,1120,Aerial Solid,None,7163
5,No Till,NA,Dairy Manure,140,1-May,1120,Aerial Solid,None,7164
0,No Till,NA,26:13:00,280,1-May,1120,Aerial Solid,None,7165
1,No Till,NA,26:13:00,280,1-May,1120,Aerial Solid,None,7166
3,No Till,NA,26:13:00,280,1-May,1120,Aerial Solid,None,7167
5,No Till,NA,26:13:00,280,1-May,1120,Aerial Solid,None,7168
0,No Till,NA,28:10:10,280,1-May,1120,Aerial Solid,None,7169
1,No Till,NA,28:10:10,280,1-May,1120,Aerial Solid,None,7170
3,No Till,NA,28:10:10,280,1-May,1120,Aerial Solid,None,7171
5,No Till,NA,28:10:10,280,1-May,1120,Aerial Solid,None,7172
0,No Till,NA,Dairy Manure,280,1-May,1120,Aerial Solid,None,7173
1,No Till,NA,Dairy Manure,280,1-May,1120,Aerial Solid,None,7174
3,No Till,NA,Dairy Manure,280,1-May,1120,Aerial Solid,None,7175
5,No Till,NA,Dairy Manure,280,1-May,1120,Aerial Solid,None,7176
0,No Till,NA,26:13:00,560,1-May,1120,Aerial Solid,None,7177
1,No Till,NA,26:13:00,560,1-May,1120,Aerial Solid,None,7178
3,No Till,NA,26:13:00,560,1-May,1120,Aerial Solid,None,7179
5,No Till,NA,26:13:00,560,1-May,1120,Aerial Solid,None,7180
0,No Till,NA,28:10:10,560,1-May,1120,Aerial Solid,None,7181
1,No Till,NA,28:10:10,560,1-May,1120,Aerial Solid,None,7182
3,No Till,NA,28:10:10,560,1-May,1120,Aerial Solid,None,7183
5,No Till,NA,28:10:10,560,1-May,1120,Aerial Solid,None,7184
0,No Till,NA,Dairy Manure,560,1-May,1120,Aerial Solid,None,7185
1,No Till,NA,Dairy Manure,560,1-May,1120,Aerial Solid,None,7186
3,No Till,NA,Dairy Manure,560,1-May,1120,Aerial Solid,None,7187
5,No Till,NA,Dairy Manure,560,1-May,1120,Aerial Solid,None,7188
0,No Till,NA,26:13:00,1120,1-May,1120,Aerial Solid,None,7189
1,No Till,NA,26:13:00,1120,1-May,1120,Aerial Solid,None,7190
3,No Till,NA,26:13:00,1120,1-May,1120,Aerial Solid,None,7191
5,No Till,NA,26:13:00,1120,1-May,1120,Aerial Solid,None,7192
0,No Till,NA,28:10:10,1120,1-May,1120,Aerial Solid,None,7193
1,No Till,NA,28:10:10,1120,1-May,1120,Aerial Solid,None,7194
3,No Till,NA,28:10:10,1120,1-May,1120,Aerial Solid,None,7195
5,No Till,NA,28:10:10,1120,1-May,1120,Aerial Solid,None,7196
0,No Till,NA,Dairy Manure,1120,1-May,1120,Aerial Solid,None,7197
1,No Till,NA,Dairy Manure,1120,1-May,1120,Aerial Solid,None,7198
3,No Till,NA,Dairy Manure,1120,1-May,1120,Aerial Solid,None,7199
5,No Till,NA,Dairy Manure,1120,1-May,1120,Aerial Solid,None,7200
