hydrology.hyd: written by SWAT+ editor v2.3.3 on 2025-06-04 11:50 for SWAT+ rev.60.5.7
name                 lat_ttime       lat_sed       can_max          esco          epco   orgn_enrich   orgp_enrich       cn3_swf       bio_mix         perco      lat_orgn      lat_orgp        pet_co       latq_co  
hyd001                 lattime       0.00000       1.00000       escoval       epcoval       0.00000       0.00000       0.95000       0.20000       0.90000       0.00000       0.00000       1.00000       0.01000  
hyd002                 lattime       0.00000       1.00000       escoval       epcoval       0.00000       0.00000       0.95000       0.20000       0.90000       0.00000       0.00000       1.00000       0.01000  
hyd003                 lattime       0.00000       1.00000       escoval       epcoval       0.00000       0.00000       0.95000       0.20000       0.90000       0.00000       0.00000       1.00000       0.01000  
hyd004                 lattime       0.00000       1.00000       escoval       epcoval       0.00000       0.00000       0.95000       0.20000       0.90000       0.00000       0.00000       1.00000       0.01000  
hyd005                 lattime       0.00000       1.00000       escoval       epcoval       0.00000       0.00000       0.95000       0.20000       0.90000       0.00000       0.00000       1.00000       0.01000  
hyd006                 lattime       0.00000       1.00000       escoval       epcoval       0.00000       0.00000       0.95000       0.20000       0.90000       0.00000       0.00000       1.00000       0.01000  
hyd007                 lattime       0.00000       1.00000       escoval       epcoval       0.00000       0.00000       0.95000       0.20000       0.90000       0.00000       0.00000       1.00000       0.01000  
hyd008                 lattime       0.00000       1.00000       escoval       epcoval       0.00000       0.00000       0.95000       0.20000       0.90000       0.00000       0.00000       1.00000       0.01000  
hyd009                 lattime       0.00000       1.00000       escoval       epcoval       0.00000       0.00000       0.95000       0.20000       0.90000       0.00000       0.00000       1.00000       0.01000  
hyd010                 lattime       0.00000       1.00000       escoval       epcoval       0.00000       0.00000       0.95000       0.20000       0.90000       0.00000       0.00000       1.00000       0.01000  
hyd011                 lattime       0.00000       1.00000       escoval       epcoval       0.00000       0.00000       0.95000       0.20000       0.90000       0.00000       0.00000       1.00000       0.01000  
hyd012                 lattime       0.00000       1.00000       escoval       epcoval       0.00000       0.00000       0.95000       0.20000       0.90000       0.00000       0.00000       1.00000       0.01000  
hyd013                 lattime       0.00000       1.00000       escoval       epcoval       0.00000       0.00000       0.95000       0.20000       0.90000       0.00000       0.00000       1.00000       0.01000  
hyd014                 lattime       0.00000       1.00000       escoval       epcoval       0.00000       0.00000       0.95000       0.20000       0.90000       0.00000       0.00000       1.00000       0.01000  
hyd015                 lattime       0.00000       1.00000       escoval       epcoval       0.00000       0.00000       0.95000       0.20000       0.90000       0.00000       0.00000       1.00000       0.01000  
hyd016                 lattime       0.00000       1.00000       escoval       epcoval       0.00000       0.00000       0.95000       0.20000       0.90000       0.00000       0.00000       1.00000       0.01000  
hyd017                 lattime       0.00000       1.00000       escoval       epcoval       0.00000       0.00000       0.95000       0.20000       0.50000       0.00000       0.00000       1.00000       0.01000  
hyd018                 lattime       0.00000       1.00000       escoval       epcoval       0.00000       0.00000       0.95000       0.20000       0.50000       0.00000       0.00000       1.00000       0.01000  
hyd019                 lattime       0.00000       1.00000       escoval       epcoval       0.00000       0.00000       0.95000       0.20000       0.50000       0.00000       0.00000       1.00000       0.01000  
hyd020                 lattime       0.00000       1.00000       escoval       epcoval       0.00000       0.00000       0.95000       0.20000       0.50000       0.00000       0.00000       1.00000       0.01000  
hyd021                 lattime       0.00000       1.00000       escoval       epcoval       0.00000       0.00000       0.95000       0.20000       0.50000       0.00000       0.00000       1.00000       0.01000  
hyd022                 lattime       0.00000       1.00000       escoval       epcoval       0.00000       0.00000       0.95000       0.20000       0.90000       0.00000       0.00000       1.00000       0.01000  
hyd023                 lattime       0.00000       1.00000       escoval       epcoval       0.00000       0.00000       0.95000       0.20000       0.90000       0.00000       0.00000       1.00000       0.01000  
hyd024                 lattime       0.00000       1.00000       escoval       epcoval       0.00000       0.00000       0.95000       0.20000       0.90000       0.00000       0.00000       1.00000       0.01000  
hyd025                 lattime       0.00000       1.00000       escoval       epcoval       0.00000       0.00000       0.95000       0.20000       0.50000       0.00000       0.00000       1.00000       0.01000  
hyd026                 lattime       0.00000       1.00000       escoval       epcoval       0.00000       0.00000       0.95000       0.20000       0.50000       0.00000       0.00000       1.00000       0.01000  
hyd027                 lattime       0.00000       1.00000       escoval       epcoval       0.00000       0.00000       0.95000       0.20000       0.50000       0.00000       0.00000       1.00000       0.01000  
hyd028                 lattime       0.00000       1.00000       escoval       epcoval       0.00000       0.00000       0.95000       0.20000       0.50000       0.00000       0.00000       1.00000       0.01000  
hyd029                 lattime       0.00000       1.00000       escoval       epcoval       0.00000       0.00000       0.95000       0.20000       0.50000       0.00000       0.00000       1.00000       0.01000  
hyd030                 lattime       0.00000       1.00000       escoval       epcoval       0.00000       0.00000       0.95000       0.20000       0.50000       0.00000       0.00000       1.00000       0.01000  
hyd031                 lattime       0.00000       1.00000       escoval       epcoval       0.00000       0.00000       0.95000       0.20000       0.50000       0.00000       0.00000       1.00000       0.01000  
hyd032                 lattime       0.00000       1.00000       escoval       epcoval       0.00000       0.00000       0.95000       0.20000       0.50000       0.00000       0.00000       1.00000       0.01000  
hyd033                 lattime       0.00000       1.00000       escoval       epcoval       0.00000       0.00000       0.95000       0.20000       0.90000       0.00000       0.00000       1.00000       0.01000  
hyd034                 lattime       0.00000       1.00000       escoval       epcoval       0.00000       0.00000       0.95000       0.20000       0.50000       0.00000       0.00000       1.00000       0.01000  
hyd035                 lattime       0.00000       1.00000       escoval       epcoval       0.00000       0.00000       0.95000       0.20000       0.50000       0.00000       0.00000       1.00000       0.01000  
hyd036                 lattime       0.00000       1.00000       escoval       epcoval       0.00000       0.00000       0.95000       0.20000       0.50000       0.00000       0.00000       1.00000       0.01000  
hyd037                 lattime       0.00000       1.00000       escoval       epcoval       0.00000       0.00000       0.95000       0.20000       0.90000       0.00000       0.00000       1.00000       0.01000  
hyd038                 lattime       0.00000       1.00000       escoval       epcoval       0.00000       0.00000       0.95000       0.20000       0.90000       0.00000       0.00000       1.00000       0.01000  
hyd039                 lattime       0.00000       1.00000       escoval       epcoval       0.00000       0.00000       0.95000       0.20000       0.90000       0.00000       0.00000       1.00000       0.01000  
hyd040                 lattime       0.00000       1.00000       escoval       epcoval       0.00000       0.00000       0.95000       0.20000       0.90000       0.00000       0.00000       1.00000       0.01000  
hyd041                 lattime       0.00000       1.00000       escoval       epcoval       0.00000       0.00000       0.95000       0.20000       0.50000       0.00000       0.00000       1.00000       0.01000  
hyd042                 lattime       0.00000       1.00000       escoval       epcoval       0.00000       0.00000       0.95000       0.20000       0.50000       0.00000       0.00000       1.00000       0.01000  
hyd043                 lattime       0.00000       1.00000       escoval       epcoval       0.00000       0.00000       0.95000       0.20000       0.50000       0.00000       0.00000       1.00000       0.01000  
hyd044                 lattime       0.00000       1.00000       escoval       epcoval       0.00000       0.00000       0.95000       0.20000       0.90000       0.00000       0.00000       1.00000       0.01000  
hyd045                 lattime       0.00000       1.00000       escoval       epcoval       0.00000       0.00000       0.95000       0.20000       0.50000       0.00000       0.00000       1.00000       0.01000  
hyd046                 lattime       0.00000       1.00000       escoval       epcoval       0.00000       0.00000       0.95000       0.20000       0.90000       0.00000       0.00000       1.00000       0.01000  
hyd047                 lattime       0.00000       1.00000       escoval       epcoval       0.00000       0.00000       0.95000       0.20000       0.90000       0.00000       0.00000       1.00000       0.01000  
hyd048                 lattime       0.00000       1.00000       escoval       epcoval       0.00000       0.00000       0.95000       0.20000       0.90000       0.00000       0.00000       1.00000       0.01000  
hyd049                 lattime       0.00000       1.00000       escoval       epcoval       0.00000       0.00000       0.95000       0.20000       0.90000       0.00000       0.00000       1.00000       0.01000  
hyd050                 lattime       0.00000       1.00000       escoval       epcoval       0.00000       0.00000       0.95000       0.20000       0.90000       0.00000       0.00000       1.00000       0.01000  
hyd051                 lattime       0.00000       1.00000       escoval       epcoval       0.00000       0.00000       0.95000       0.20000       0.90000       0.00000       0.00000       1.00000       0.01000  
hyd052                 lattime       0.00000       1.00000       escoval       epcoval       0.00000       0.00000       0.95000       0.20000       0.90000       0.00000       0.00000       1.00000       0.01000  
hyd053                 lattime       0.00000       1.00000       escoval       epcoval       0.00000       0.00000       0.95000       0.20000       0.90000       0.00000       0.00000       1.00000       0.01000  
hyd054                 lattime       0.00000       1.00000       escoval       epcoval       0.00000       0.00000       0.95000       0.20000       0.90000       0.00000       0.00000       1.00000       0.01000  
hyd055                 lattime       0.00000       1.00000       escoval       epcoval       0.00000       0.00000       0.95000       0.20000       0.90000       0.00000       0.00000       1.00000       0.01000  
hyd056                 lattime       0.00000       1.00000       escoval       epcoval       0.00000       0.00000       0.95000       0.20000       0.90000       0.00000       0.00000       1.00000       0.01000  
hyd057                 lattime       0.00000       1.00000       escoval       epcoval       0.00000       0.00000       0.95000       0.20000       0.90000       0.00000       0.00000       1.00000       0.01000  
hyd058                 lattime       0.00000       1.00000       escoval       epcoval       0.00000       0.00000       0.95000       0.20000       0.90000       0.00000       0.00000       1.00000       0.01000  
hyd059                 lattime       0.00000       1.00000       escoval       epcoval       0.00000       0.00000       0.95000       0.20000       0.90000       0.00000       0.00000       1.00000       0.01000  
hyd060                 lattime       0.00000       1.00000       escoval       epcoval       0.00000       0.00000       0.95000       0.20000       0.90000       0.00000       0.00000       1.00000       0.01000  
hyd061                 lattime       0.00000       1.00000       escoval       epcoval       0.00000       0.00000       0.95000       0.20000       0.90000       0.00000       0.00000       1.00000       0.01000  
hyd062                 lattime       0.00000       1.00000       escoval       epcoval       0.00000       0.00000       0.95000       0.20000       0.90000       0.00000       0.00000       1.00000       0.01000  
hyd063                 lattime       0.00000       1.00000       escoval       epcoval       0.00000       0.00000       0.95000       0.20000       0.90000       0.00000       0.00000       1.00000       0.01000  
hyd064                 lattime       0.00000       1.00000       escoval       epcoval       0.00000       0.00000       0.95000       0.20000       0.90000       0.00000       0.00000       1.00000       0.01000  
hyd065                 lattime       0.00000       1.00000       escoval       epcoval       0.00000       0.00000       0.95000       0.20000       0.90000       0.00000       0.00000       1.00000       0.01000  
hyd066                 lattime       0.00000       1.00000       escoval       epcoval       0.00000       0.00000       0.95000       0.20000       0.90000       0.00000       0.00000       1.00000       0.01000  
hyd067                 lattime       0.00000       1.00000       escoval       epcoval       0.00000       0.00000       0.95000       0.20000       0.90000       0.00000       0.00000       1.00000       0.01000  
hyd068                 lattime       0.00000       1.00000       escoval       epcoval       0.00000       0.00000       0.95000       0.20000       0.90000       0.00000       0.00000       1.00000       0.01000  
hyd069                 lattime       0.00000       1.00000       escoval       epcoval       0.00000       0.00000       0.95000       0.20000       0.90000       0.00000       0.00000       1.00000       0.01000  
hyd070                 lattime       0.00000       1.00000       escoval       epcoval       0.00000       0.00000       0.95000       0.20000       0.90000       0.00000       0.00000       1.00000       0.01000  
hyd071                 lattime       0.00000       1.00000       escoval       epcoval       0.00000       0.00000       0.95000       0.20000       0.90000       0.00000       0.00000       1.00000       0.01000  
hyd072                 lattime       0.00000       1.00000       escoval       epcoval       0.00000       0.00000       0.95000       0.20000       0.90000       0.00000       0.00000       1.00000       0.01000  
hyd073                 lattime       0.00000       1.00000       escoval       epcoval       0.00000       0.00000       0.95000       0.20000       0.90000       0.00000       0.00000       1.00000       0.01000  
hyd074                 lattime       0.00000       1.00000       escoval       epcoval       0.00000       0.00000       0.95000       0.20000       0.90000       0.00000       0.00000       1.00000       0.01000  
hyd075                 lattime       0.00000       1.00000       escoval       epcoval       0.00000       0.00000       0.95000       0.20000       0.90000       0.00000       0.00000       1.00000       0.01000  
hyd076                 lattime       0.00000       1.00000       escoval       epcoval       0.00000       0.00000       0.95000       0.20000       0.90000       0.00000       0.00000       1.00000       0.01000  
hyd077                 lattime       0.00000       1.00000       escoval       epcoval       0.00000       0.00000       0.95000       0.20000       0.90000       0.00000       0.00000       1.00000       0.01000  
hyd078                 lattime       0.00000       1.00000       escoval       epcoval       0.00000       0.00000       0.95000       0.20000       0.90000       0.00000       0.00000       1.00000       0.01000  
hyd079                 lattime       0.00000       1.00000       escoval       epcoval       0.00000       0.00000       0.95000       0.20000       0.90000       0.00000       0.00000       1.00000       0.01000  
hyd080                 lattime       0.00000       1.00000       escoval       epcoval       0.00000       0.00000       0.95000       0.20000       0.90000       0.00000       0.00000       1.00000       0.01000  
hyd081                 lattime       0.00000       1.00000       escoval       epcoval       0.00000       0.00000       0.95000       0.20000       0.90000       0.00000       0.00000       1.00000       0.01000  
hyd082                 lattime       0.00000       1.00000       escoval       epcoval       0.00000       0.00000       0.95000       0.20000       0.90000       0.00000       0.00000       1.00000       0.01000  
hyd083                 lattime       0.00000       1.00000       escoval       epcoval       0.00000       0.00000       0.95000       0.20000       0.90000       0.00000       0.00000       1.00000       0.01000  
hyd084                 lattime       0.00000       1.00000       escoval       epcoval       0.00000       0.00000       0.95000       0.20000       0.90000       0.00000       0.00000       1.00000       0.01000  
hyd085                 lattime       0.00000       1.00000       escoval       epcoval       0.00000       0.00000       0.95000       0.20000       0.90000       0.00000       0.00000       1.00000       0.01000  
hyd086                 lattime       0.00000       1.00000       escoval       epcoval       0.00000       0.00000       0.95000       0.20000       0.90000       0.00000       0.00000       1.00000       0.01000  
hyd087                 lattime       0.00000       1.00000       escoval       epcoval       0.00000       0.00000       0.95000       0.20000       0.90000       0.00000       0.00000       1.00000       0.01000  
hyd088                 lattime       0.00000       1.00000       escoval       epcoval       0.00000       0.00000       0.95000       0.20000       0.90000       0.00000       0.00000       1.00000       0.01000  
hyd089                 lattime       0.00000       1.00000       escoval       epcoval       0.00000       0.00000       0.95000       0.20000       0.90000       0.00000       0.00000       1.00000       0.01000  
hyd090                 lattime       0.00000       1.00000       escoval       epcoval       0.00000       0.00000       0.95000       0.20000       0.90000       0.00000       0.00000       1.00000       0.01000  
hyd091                 lattime       0.00000       1.00000       escoval       epcoval       0.00000       0.00000       0.95000       0.20000       0.90000       0.00000       0.00000       1.00000       0.01000  
hyd092                 lattime       0.00000       1.00000       escoval       epcoval       0.00000       0.00000       0.95000       0.20000       0.90000       0.00000       0.00000       1.00000       0.01000  
hyd093                 lattime       0.00000       1.00000       escoval       epcoval       0.00000       0.00000       0.95000       0.20000       0.90000       0.00000       0.00000       1.00000       0.01000  
hyd094                 lattime       0.00000       1.00000       escoval       epcoval       0.00000       0.00000       0.95000       0.20000       0.90000       0.00000       0.00000       1.00000       0.01000  
hyd095                 lattime       0.00000       1.00000       escoval       epcoval       0.00000       0.00000       0.95000       0.20000       0.90000       0.00000       0.00000       1.00000       0.01000  
hyd096                 lattime       0.00000       1.00000       escoval       epcoval       0.00000       0.00000       0.95000       0.20000       0.90000       0.00000       0.00000       1.00000       0.01000  
hyd097                 lattime       0.00000       1.00000       escoval       epcoval       0.00000       0.00000       0.95000       0.20000       0.50000       0.00000       0.00000       1.00000       0.01000  
hyd098                 lattime       0.00000       1.00000       escoval       epcoval       0.00000       0.00000       0.95000       0.20000       0.90000       0.00000       0.00000       1.00000       0.01000  
hyd099                 lattime       0.00000       1.00000       escoval       epcoval       0.00000       0.00000       0.95000       0.20000       0.50000       0.00000       0.00000       1.00000       0.01000  
hyd100                 lattime       0.00000       1.00000       escoval       epcoval       0.00000       0.00000       0.95000       0.20000       0.50000       0.00000       0.00000       1.00000       0.01000  
hyd101                 lattime       0.00000       1.00000       escoval       epcoval       0.00000       0.00000       0.95000       0.20000       0.90000       0.00000       0.00000       1.00000       0.01000  
hyd102                 lattime       0.00000       1.00000       escoval       epcoval       0.00000       0.00000       0.95000       0.20000       0.50000       0.00000       0.00000       1.00000       0.01000  
hyd103                 lattime       0.00000       1.00000       escoval       epcoval       0.00000       0.00000       0.95000       0.20000       0.50000       0.00000       0.00000       1.00000       0.01000  
hyd104                 lattime       0.00000       1.00000       escoval       epcoval       0.00000       0.00000       0.95000       0.20000       0.50000       0.00000       0.00000       1.00000       0.01000  
hyd105                 lattime       0.00000       1.00000       escoval       epcoval       0.00000       0.00000       0.95000       0.20000       0.90000       0.00000       0.00000       1.00000       0.01000  
hyd106                 lattime       0.00000       1.00000       escoval       epcoval       0.00000       0.00000       0.95000       0.20000       0.50000       0.00000       0.00000       1.00000       0.01000  
hyd107                 lattime       0.00000       1.00000       escoval       epcoval       0.00000       0.00000       0.95000       0.20000       0.90000       0.00000       0.00000       1.00000       0.01000  
hyd108                 lattime       0.00000       1.00000       escoval       epcoval       0.00000       0.00000       0.95000       0.20000       0.50000       0.00000       0.00000       1.00000       0.01000  
hyd109                 lattime       0.00000       1.00000       escoval       epcoval       0.00000       0.00000       0.95000       0.20000       0.50000       0.00000       0.00000       1.00000       0.01000  
hyd110                 lattime       0.00000       1.00000       escoval       epcoval       0.00000       0.00000       0.95000       0.20000       0.50000       0.00000       0.00000       1.00000       0.01000  
hyd111                 lattime       0.00000       1.00000       escoval       epcoval       0.00000       0.00000       0.95000       0.20000       0.50000       0.00000       0.00000       1.00000       0.01000  
hyd112                 lattime       0.00000       1.00000       escoval       epcoval       0.00000       0.00000       0.95000       0.20000       0.50000       0.00000       0.00000       1.00000       0.01000  
hyd113                 lattime       0.00000       1.00000       escoval       epcoval       0.00000       0.00000       0.95000       0.20000       0.50000       0.00000       0.00000       1.00000       0.01000  
hyd114                 lattime       0.00000       1.00000       escoval       epcoval       0.00000       0.00000       0.95000       0.20000       0.50000       0.00000       0.00000       1.00000       0.01000  
hyd115                 lattime       0.00000       1.00000       escoval       epcoval       0.00000       0.00000       0.95000       0.20000       0.50000       0.00000       0.00000       1.00000       0.01000  
hyd116                 lattime       0.00000       1.00000       escoval       epcoval       0.00000       0.00000       0.95000       0.20000       0.50000       0.00000       0.00000       1.00000       0.01000  
hyd117                 lattime       0.00000       1.00000       escoval       epcoval       0.00000       0.00000       0.95000       0.20000       0.50000       0.00000       0.00000       1.00000       0.01000  
hyd118                 lattime       0.00000       1.00000       escoval       epcoval       0.00000       0.00000       0.95000       0.20000       0.50000       0.00000       0.00000       1.00000       0.01000  
hyd119                 lattime       0.00000       1.00000       escoval       epcoval       0.00000       0.00000       0.95000       0.20000       0.50000       0.00000       0.00000       1.00000       0.01000  
hyd120                 lattime       0.00000       1.00000       escoval       epcoval       0.00000       0.00000       0.95000       0.20000       0.50000       0.00000       0.00000       1.00000       0.01000  
hyd121                 lattime       0.00000       1.00000       escoval       epcoval       0.00000       0.00000       0.95000       0.20000       0.50000       0.00000       0.00000       1.00000       0.01000  
hyd122                 lattime       0.00000       1.00000       escoval       epcoval       0.00000       0.00000       0.95000       0.20000       0.50000       0.00000       0.00000       1.00000       0.01000  
hyd123                 lattime       0.00000       1.00000       escoval       epcoval       0.00000       0.00000       0.95000       0.20000       0.50000       0.00000       0.00000       1.00000       0.01000  
hyd124                 lattime       0.00000       1.00000       escoval       epcoval       0.00000       0.00000       0.95000       0.20000       0.50000       0.00000       0.00000       1.00000       0.01000  
hyd125                 lattime       0.00000       1.00000       escoval       epcoval       0.00000       0.00000       0.95000       0.20000       0.50000       0.00000       0.00000       1.00000       0.01000  
hyd126                 lattime       0.00000       1.00000       escoval       epcoval       0.00000       0.00000       0.95000       0.20000       0.50000       0.00000       0.00000       1.00000       0.01000  
hyd127                 lattime       0.00000       1.00000       escoval       epcoval       0.00000       0.00000       0.95000       0.20000       0.50000       0.00000       0.00000       1.00000       0.01000  
hyd128                 lattime       0.00000       1.00000       escoval       epcoval       0.00000       0.00000       0.95000       0.20000       0.50000       0.00000       0.00000       1.00000       0.01000  
hyd129                 lattime       0.00000       1.00000       escoval       epcoval       0.00000       0.00000       0.95000       0.20000       0.50000       0.00000       0.00000       1.00000       0.01000  
hyd130                 lattime       0.00000       1.00000       escoval       epcoval       0.00000       0.00000       0.95000       0.20000       0.50000       0.00000       0.00000       1.00000       0.01000  
hyd131                 lattime       0.00000       1.00000       escoval       epcoval       0.00000       0.00000       0.95000       0.20000       0.50000       0.00000       0.00000       1.00000       0.01000  
hyd132                 lattime       0.00000       1.00000       escoval       epcoval       0.00000       0.00000       0.95000       0.20000       0.50000       0.00000       0.00000       1.00000       0.01000  
hyd133                 lattime       0.00000       1.00000       escoval       epcoval       0.00000       0.00000       0.95000       0.20000       0.50000       0.00000       0.00000       1.00000       0.01000  
hyd134                 lattime       0.00000       1.00000       escoval       epcoval       0.00000       0.00000       0.95000       0.20000       0.50000       0.00000       0.00000       1.00000       0.01000  
hyd135                 lattime       0.00000       1.00000       escoval       epcoval       0.00000       0.00000       0.95000       0.20000       0.50000       0.00000       0.00000       1.00000       0.01000  
hyd136                 lattime       0.00000       1.00000       escoval       epcoval       0.00000       0.00000       0.95000       0.20000       0.50000       0.00000       0.00000       1.00000       0.01000  
hyd137                 lattime       0.00000       1.00000       escoval       epcoval       0.00000       0.00000       0.95000       0.20000       0.90000       0.00000       0.00000       1.00000       0.01000  
hyd138                 lattime       0.00000       1.00000       escoval       epcoval       0.00000       0.00000       0.95000       0.20000       0.90000       0.00000       0.00000       1.00000       0.01000  
hyd139                 lattime       0.00000       1.00000       escoval       epcoval       0.00000       0.00000       0.95000       0.20000       0.90000       0.00000       0.00000       1.00000       0.01000  
hyd140                 lattime       0.00000       1.00000       escoval       epcoval       0.00000       0.00000       0.95000       0.20000       0.90000       0.00000       0.00000       1.00000       0.01000  
hyd141                 lattime       0.00000       1.00000       escoval       epcoval       0.00000       0.00000       0.95000       0.20000       0.90000       0.00000       0.00000       1.00000       0.01000  
hyd142                 lattime       0.00000       1.00000       escoval       epcoval       0.00000       0.00000       0.95000       0.20000       0.90000       0.00000       0.00000       1.00000       0.01000  
hyd143                 lattime       0.00000       1.00000       escoval       epcoval       0.00000       0.00000       0.95000       0.20000       0.90000       0.00000       0.00000       1.00000       0.01000  
hyd144                 lattime       0.00000       1.00000       escoval       epcoval       0.00000       0.00000       0.95000       0.20000       0.90000       0.00000       0.00000       1.00000       0.01000  
hyd145                 lattime       0.00000       1.00000       escoval       epcoval       0.00000       0.00000       0.95000       0.20000       0.90000       0.00000       0.00000       1.00000       0.01000  
hyd146                 lattime       0.00000       1.00000       escoval       epcoval       0.00000       0.00000       0.95000       0.20000       0.90000       0.00000       0.00000       1.00000       0.01000  
hyd147                 lattime       0.00000       1.00000       escoval       epcoval       0.00000       0.00000       0.95000       0.20000       0.90000       0.00000       0.00000       1.00000       0.01000  
hyd148                 lattime       0.00000       1.00000       escoval       epcoval       0.00000       0.00000       0.95000       0.20000       0.90000       0.00000       0.00000       1.00000       0.01000  
hyd149                 lattime       0.00000       1.00000       escoval       epcoval       0.00000       0.00000       0.95000       0.20000       0.90000       0.00000       0.00000       1.00000       0.01000  
hyd150                 lattime       0.00000       1.00000       escoval       epcoval       0.00000       0.00000       0.95000       0.20000       0.90000       0.00000       0.00000       1.00000       0.01000  
hyd151                 lattime       0.00000       1.00000       escoval       epcoval       0.00000       0.00000       0.95000       0.20000       0.90000       0.00000       0.00000       1.00000       0.01000  
hyd152                 lattime       0.00000       1.00000       escoval       epcoval       0.00000       0.00000       0.95000       0.20000       0.90000       0.00000       0.00000       1.00000       0.01000  
hyd153                 lattime       0.00000       1.00000       escoval       epcoval       0.00000       0.00000       0.95000       0.20000       0.90000       0.00000       0.00000       1.00000       0.01000  
hyd154                 lattime       0.00000       1.00000       escoval       epcoval       0.00000       0.00000       0.95000       0.20000       0.90000       0.00000       0.00000       1.00000       0.01000  
hyd155                 lattime       0.00000       1.00000       escoval       epcoval       0.00000       0.00000       0.95000       0.20000       0.90000       0.00000       0.00000       1.00000       0.01000  
hyd156                 lattime       0.00000       1.00000       escoval       epcoval       0.00000       0.00000       0.95000       0.20000       0.90000       0.00000       0.00000       1.00000       0.01000  
hyd157                 lattime       0.00000       1.00000       escoval       epcoval       0.00000       0.00000       0.95000       0.20000       0.90000       0.00000       0.00000       1.00000       0.01000  
hyd158                 lattime       0.00000       1.00000       escoval       epcoval       0.00000       0.00000       0.95000       0.20000       0.90000       0.00000       0.00000       1.00000       0.01000  
hyd159                 lattime       0.00000       1.00000       escoval       epcoval       0.00000       0.00000       0.95000       0.20000       0.90000       0.00000       0.00000       1.00000       0.01000  
hyd160                 lattime       0.00000       1.00000       escoval       epcoval       0.00000       0.00000       0.95000       0.20000       0.90000       0.00000       0.00000       1.00000       0.01000  
hyd161                 lattime       0.00000       1.00000       escoval       epcoval       0.00000       0.00000       0.95000       0.20000       0.90000       0.00000       0.00000       1.00000       0.01000  
hyd162                 lattime       0.00000       1.00000       escoval       epcoval       0.00000       0.00000       0.95000       0.20000       0.90000       0.00000       0.00000       1.00000       0.01000  
hyd163                 lattime       0.00000       1.00000       escoval       epcoval       0.00000       0.00000       0.95000       0.20000       0.90000       0.00000       0.00000       1.00000       0.01000  
hyd164                 lattime       0.00000       1.00000       escoval       epcoval       0.00000       0.00000       0.95000       0.20000       0.90000       0.00000       0.00000       1.00000       0.01000  
hyd165                 lattime       0.00000       1.00000       escoval       epcoval       0.00000       0.00000       0.95000       0.20000       0.90000       0.00000       0.00000       1.00000       0.01000  
hyd166                 lattime       0.00000       1.00000       escoval       epcoval       0.00000       0.00000       0.95000       0.20000       0.90000       0.00000       0.00000       1.00000       0.01000  
hyd167                 lattime       0.00000       1.00000       escoval       epcoval       0.00000       0.00000       0.95000       0.20000       0.90000       0.00000       0.00000       1.00000       0.01000  
hyd168                 lattime       0.00000       1.00000       escoval       epcoval       0.00000       0.00000       0.95000       0.20000       0.90000       0.00000       0.00000       1.00000       0.01000  
hyd169                 lattime       0.00000       1.00000       escoval       epcoval       0.00000       0.00000       0.95000       0.20000       0.90000       0.00000       0.00000       1.00000       0.01000  
hyd170                 lattime       0.00000       1.00000       escoval       epcoval       0.00000       0.00000       0.95000       0.20000       0.90000       0.00000       0.00000       1.00000       0.01000  
hyd171                 lattime       0.00000       1.00000       escoval       epcoval       0.00000       0.00000       0.95000       0.20000       0.90000       0.00000       0.00000       1.00000       0.01000  
hyd172                 lattime       0.00000       1.00000       escoval       epcoval       0.00000       0.00000       0.95000       0.20000       0.90000       0.00000       0.00000       1.00000       0.01000  
hyd173                 lattime       0.00000       1.00000       escoval       epcoval       0.00000       0.00000       0.95000       0.20000       0.90000       0.00000       0.00000       1.00000       0.01000  
hyd174                 lattime       0.00000       1.00000       escoval       epcoval       0.00000       0.00000       0.95000       0.20000       0.90000       0.00000       0.00000       1.00000       0.01000  
hyd175                 lattime       0.00000       1.00000       escoval       epcoval       0.00000       0.00000       0.95000       0.20000       0.90000       0.00000       0.00000       1.00000       0.01000  
hyd176                 lattime       0.00000       1.00000       escoval       epcoval       0.00000       0.00000       0.95000       0.20000       0.90000       0.00000       0.00000       1.00000       0.01000  
hyd177                 lattime       0.00000       1.00000       escoval       epcoval       0.00000       0.00000       0.95000       0.20000       0.90000       0.00000       0.00000       1.00000       0.01000  
hyd178                 lattime       0.00000       1.00000       escoval       epcoval       0.00000       0.00000       0.95000       0.20000       0.90000       0.00000       0.00000       1.00000       0.01000  
hyd179                 lattime       0.00000       1.00000       escoval       epcoval       0.00000       0.00000       0.95000       0.20000       0.90000       0.00000       0.00000       1.00000       0.01000  
hyd180                 lattime       0.00000       1.00000       escoval       epcoval       0.00000       0.00000       0.95000       0.20000       0.90000       0.00000       0.00000       1.00000       0.01000  
hyd181                 lattime       0.00000       1.00000       escoval       epcoval       0.00000       0.00000       0.95000       0.20000       0.90000       0.00000       0.00000       1.00000       0.01000  
hyd182                 lattime       0.00000       1.00000       escoval       epcoval       0.00000       0.00000       0.95000       0.20000       0.90000       0.00000       0.00000       1.00000       0.01000  
hyd183                 lattime       0.00000       1.00000       escoval       epcoval       0.00000       0.00000       0.95000       0.20000       0.90000       0.00000       0.00000       1.00000       0.01000  
hyd184                 lattime       0.00000       1.00000       escoval       epcoval       0.00000       0.00000       0.95000       0.20000       0.90000       0.00000       0.00000       1.00000       0.01000  
hyd185                 lattime       0.00000       1.00000       escoval       epcoval       0.00000       0.00000       0.95000       0.20000       0.90000       0.00000       0.00000       1.00000       0.01000  
hyd186                 lattime       0.00000       1.00000       escoval       epcoval       0.00000       0.00000       0.95000       0.20000       0.90000       0.00000       0.00000       1.00000       0.01000  
hyd187                 lattime       0.00000       1.00000       escoval       epcoval       0.00000       0.00000       0.95000       0.20000       0.90000       0.00000       0.00000       1.00000       0.01000  
hyd188                 lattime       0.00000       1.00000       escoval       epcoval       0.00000       0.00000       0.95000       0.20000       0.90000       0.00000       0.00000       1.00000       0.01000  
hyd189                 lattime       0.00000       1.00000       escoval       epcoval       0.00000       0.00000       0.95000       0.20000       0.90000       0.00000       0.00000       1.00000       0.01000  
hyd190                 lattime       0.00000       1.00000       escoval       epcoval       0.00000       0.00000       0.95000       0.20000       0.90000       0.00000       0.00000       1.00000       0.01000  
hyd191                 lattime       0.00000       1.00000       escoval       epcoval       0.00000       0.00000       0.95000       0.20000       0.90000       0.00000       0.00000       1.00000       0.01000  
hyd192                 lattime       0.00000       1.00000       escoval       epcoval       0.00000       0.00000       0.95000       0.20000       0.90000       0.00000       0.00000       1.00000       0.01000  
hyd193                 lattime       0.00000       1.00000       escoval       epcoval       0.00000       0.00000       0.95000       0.20000       0.90000       0.00000       0.00000       1.00000       0.01000  
hyd194                 lattime       0.00000       1.00000       escoval       epcoval       0.00000       0.00000       0.95000       0.20000       0.90000       0.00000       0.00000       1.00000       0.01000  
hyd195                 lattime       0.00000       1.00000       escoval       epcoval       0.00000       0.00000       0.95000       0.20000       0.90000       0.00000       0.00000       1.00000       0.01000  
hyd196                 lattime       0.00000       1.00000       escoval       epcoval       0.00000       0.00000       0.95000       0.20000       0.90000       0.00000       0.00000       1.00000       0.01000  
hyd197                 lattime       0.00000       1.00000       escoval       epcoval       0.00000       0.00000       0.95000       0.20000       0.90000       0.00000       0.00000       1.00000       0.01000  
hyd198                 lattime       0.00000       1.00000       escoval       epcoval       0.00000       0.00000       0.95000       0.20000       0.90000       0.00000       0.00000       1.00000       0.01000  
hyd199                 lattime       0.00000       1.00000       escoval       epcoval       0.00000       0.00000       0.95000       0.20000       0.90000       0.00000       0.00000       1.00000       0.01000  
hyd200                 lattime       0.00000       1.00000       escoval       epcoval       0.00000       0.00000       0.95000       0.20000       0.90000       0.00000       0.00000       1.00000       0.01000  
hyd201                 lattime       0.00000       1.00000       escoval       epcoval       0.00000       0.00000       0.95000       0.20000       0.90000       0.00000       0.00000       1.00000       0.01000  
hyd202                 lattime       0.00000       1.00000       escoval       epcoval       0.00000       0.00000       0.95000       0.20000       0.90000       0.00000       0.00000       1.00000       0.01000  
hyd203                 lattime       0.00000       1.00000       escoval       epcoval       0.00000       0.00000       0.95000       0.20000       0.90000       0.00000       0.00000       1.00000       0.01000  
hyd204                 lattime       0.00000       1.00000       escoval       epcoval       0.00000       0.00000       0.95000       0.20000       0.90000       0.00000       0.00000       1.00000       0.01000  
hyd205                 lattime       0.00000       1.00000       escoval       epcoval       0.00000       0.00000       0.95000       0.20000       0.90000       0.00000       0.00000       1.00000       0.01000  
hyd206                 lattime       0.00000       1.00000       escoval       epcoval       0.00000       0.00000       0.95000       0.20000       0.90000       0.00000       0.00000       1.00000       0.01000  
hyd207                 lattime       0.00000       1.00000       escoval       epcoval       0.00000       0.00000       0.95000       0.20000       0.90000       0.00000       0.00000       1.00000       0.01000  
hyd208                 lattime       0.00000       1.00000       escoval       epcoval       0.00000       0.00000       0.95000       0.20000       0.90000       0.00000       0.00000       1.00000       0.01000  
hyd209                 lattime       0.00000       1.00000       escoval       epcoval       0.00000       0.00000       0.95000       0.20000       0.90000       0.00000       0.00000       1.00000       0.01000  
hyd210                 lattime       0.00000       1.00000       escoval       epcoval       0.00000       0.00000       0.95000       0.20000       0.50000       0.00000       0.00000       1.00000       0.01000  
hyd211                 lattime       0.00000       1.00000       escoval       epcoval       0.00000       0.00000       0.95000       0.20000       0.50000       0.00000       0.00000       1.00000       0.01000  
hyd212                 lattime       0.00000       1.00000       escoval       epcoval       0.00000       0.00000       0.95000       0.20000       0.50000       0.00000       0.00000       1.00000       0.01000  
hyd213                 lattime       0.00000       1.00000       escoval       epcoval       0.00000       0.00000       0.95000       0.20000       0.50000       0.00000       0.00000       1.00000       0.01000  
hyd214                 lattime       0.00000       1.00000       escoval       epcoval       0.00000       0.00000       0.95000       0.20000       0.50000       0.00000       0.00000       1.00000       0.01000  
hyd215                 lattime       0.00000       1.00000       escoval       epcoval       0.00000       0.00000       0.95000       0.20000       0.50000       0.00000       0.00000       1.00000       0.01000  
hyd216                 lattime       0.00000       1.00000       escoval       epcoval       0.00000       0.00000       0.95000       0.20000       0.50000       0.00000       0.00000       1.00000       0.01000  
hyd217                 lattime       0.00000       1.00000       escoval       epcoval       0.00000       0.00000       0.95000       0.20000       0.50000       0.00000       0.00000       1.00000       0.01000  
hyd218                 lattime       0.00000       1.00000       escoval       epcoval       0.00000       0.00000       0.95000       0.20000       0.50000       0.00000       0.00000       1.00000       0.01000  
hyd219                 lattime       0.00000       1.00000       escoval       epcoval       0.00000       0.00000       0.95000       0.20000       0.50000       0.00000       0.00000       1.00000       0.01000  
hyd220                 lattime       0.00000       1.00000       escoval       epcoval       0.00000       0.00000       0.95000       0.20000       0.50000       0.00000       0.00000       1.00000       0.01000  
hyd221                 lattime       0.00000       1.00000       escoval       epcoval       0.00000       0.00000       0.95000       0.20000       0.50000       0.00000       0.00000       1.00000       0.01000  
hyd222                 lattime       0.00000       1.00000       escoval       epcoval       0.00000       0.00000       0.95000       0.20000       0.50000       0.00000       0.00000       1.00000       0.01000  
hyd223                 lattime       0.00000       1.00000       escoval       epcoval       0.00000       0.00000       0.95000       0.20000       0.50000       0.00000       0.00000       1.00000       0.01000  
hyd224                 lattime       0.00000       1.00000       escoval       epcoval       0.00000       0.00000       0.95000       0.20000       0.50000       0.00000       0.00000       1.00000       0.01000  
hyd225                 lattime       0.00000       1.00000       escoval       epcoval       0.00000       0.00000       0.95000       0.20000       0.50000       0.00000       0.00000       1.00000       0.01000  
hyd226                 lattime       0.00000       1.00000       escoval       epcoval       0.00000       0.00000       0.95000       0.20000       0.50000       0.00000       0.00000       1.00000       0.01000  
hyd227                 lattime       0.00000       1.00000       escoval       epcoval       0.00000       0.00000       0.95000       0.20000       0.50000       0.00000       0.00000       1.00000       0.01000  
hyd228                 lattime       0.00000       1.00000       escoval       epcoval       0.00000       0.00000       0.95000       0.20000       0.50000       0.00000       0.00000       1.00000       0.01000  
hyd229                 lattime       0.00000       1.00000       escoval       epcoval       0.00000       0.00000       0.95000       0.20000       0.50000       0.00000       0.00000       1.00000       0.01000  
hyd230                 lattime       0.00000       1.00000       escoval       epcoval       0.00000       0.00000       0.95000       0.20000       0.50000       0.00000       0.00000       1.00000       0.01000  
hyd231                 lattime       0.00000       1.00000       escoval       epcoval       0.00000       0.00000       0.95000       0.20000       0.50000       0.00000       0.00000       1.00000       0.01000  
hyd232                 lattime       0.00000       1.00000       escoval       epcoval       0.00000       0.00000       0.95000       0.20000       0.50000       0.00000       0.00000       1.00000       0.01000  
hyd233                 lattime       0.00000       1.00000       escoval       epcoval       0.00000       0.00000       0.95000       0.20000       0.50000       0.00000       0.00000       1.00000       0.01000  
hyd234                 lattime       0.00000       1.00000       escoval       epcoval       0.00000       0.00000       0.95000       0.20000       0.50000       0.00000       0.00000       1.00000       0.01000  
hyd235                 lattime       0.00000       1.00000       escoval       epcoval       0.00000       0.00000       0.95000       0.20000       0.50000       0.00000       0.00000       1.00000       0.01000  
hyd236                 lattime       0.00000       1.00000       escoval       epcoval       0.00000       0.00000       0.95000       0.20000       0.50000       0.00000       0.00000       1.00000       0.01000  
hyd237                 lattime       0.00000       1.00000       escoval       epcoval       0.00000       0.00000       0.95000       0.20000       0.50000       0.00000       0.00000       1.00000       0.01000  
hyd238                 lattime       0.00000       1.00000       escoval       epcoval       0.00000       0.00000       0.95000       0.20000       0.50000       0.00000       0.00000       1.00000       0.01000  
hyd239                 lattime       0.00000       1.00000       escoval       epcoval       0.00000       0.00000       0.95000       0.20000       0.50000       0.00000       0.00000       1.00000       0.01000  
hyd240                 lattime       0.00000       1.00000       escoval       epcoval       0.00000       0.00000       0.95000       0.20000       0.50000       0.00000       0.00000       1.00000       0.01000  
hyd241                 lattime       0.00000       1.00000       escoval       epcoval       0.00000       0.00000       0.95000       0.20000       0.50000       0.00000       0.00000       1.00000       0.01000  
hyd242                 lattime       0.00000       1.00000       escoval       epcoval       0.00000       0.00000       0.95000       0.20000       0.50000       0.00000       0.00000       1.00000       0.01000  
hyd243                 lattime       0.00000       1.00000       escoval       epcoval       0.00000       0.00000       0.95000       0.20000       0.50000       0.00000       0.00000       1.00000       0.01000  
hyd244                 lattime       0.00000       1.00000       escoval       epcoval       0.00000       0.00000       0.95000       0.20000       0.50000       0.00000       0.00000       1.00000       0.01000  
hyd245                 lattime       0.00000       1.00000       escoval       epcoval       0.00000       0.00000       0.95000       0.20000       0.90000       0.00000       0.00000       1.00000       0.01000  
hyd246                 lattime       0.00000       1.00000       escoval       epcoval       0.00000       0.00000       0.95000       0.20000       0.90000       0.00000       0.00000       1.00000       0.01000  
hyd247                 lattime       0.00000       1.00000       escoval       epcoval       0.00000       0.00000       0.95000       0.20000       0.90000       0.00000       0.00000       1.00000       0.01000  
hyd248                 lattime       0.00000       1.00000       escoval       epcoval       0.00000       0.00000       0.95000       0.20000       0.90000       0.00000       0.00000       1.00000       0.01000  
hyd249                 lattime       0.00000       1.00000       escoval       epcoval       0.00000       0.00000       0.95000       0.20000       0.90000       0.00000       0.00000       1.00000       0.01000  
hyd250                 lattime       0.00000       1.00000       escoval       epcoval       0.00000       0.00000       0.95000       0.20000       0.90000       0.00000       0.00000       1.00000       0.01000  
hyd251                 lattime       0.00000       1.00000       escoval       epcoval       0.00000       0.00000       0.95000       0.20000       0.90000       0.00000       0.00000       1.00000       0.01000  
hyd252                 lattime       0.00000       1.00000       escoval       epcoval       0.00000       0.00000       0.95000       0.20000       0.90000       0.00000       0.00000       1.00000       0.01000  
hyd253                 lattime       0.00000       1.00000       escoval       epcoval       0.00000       0.00000       0.95000       0.20000       0.90000       0.00000       0.00000       1.00000       0.01000  
hyd254                 lattime       0.00000       1.00000       escoval       epcoval       0.00000       0.00000       0.95000       0.20000       0.90000       0.00000       0.00000       1.00000       0.01000  
hyd255                 lattime       0.00000       1.00000       escoval       epcoval       0.00000       0.00000       0.95000       0.20000       0.90000       0.00000       0.00000       1.00000       0.01000  
hyd256                 lattime       0.00000       1.00000       escoval       epcoval       0.00000       0.00000       0.95000       0.20000       0.90000       0.00000       0.00000       1.00000       0.01000  
hyd257                 lattime       0.00000       1.00000       escoval       epcoval       0.00000       0.00000       0.95000       0.20000       0.90000       0.00000       0.00000       1.00000       0.01000  
hyd258                 lattime       0.00000       1.00000       escoval       epcoval       0.00000       0.00000       0.95000       0.20000       0.90000       0.00000       0.00000       1.00000       0.01000  
hyd259                 lattime       0.00000       1.00000       escoval       epcoval       0.00000       0.00000       0.95000       0.20000       0.90000       0.00000       0.00000       1.00000       0.01000  
hyd260                 lattime       0.00000       1.00000       escoval       epcoval       0.00000       0.00000       0.95000       0.20000       0.50000       0.00000       0.00000       1.00000       0.01000  
hyd261                 lattime       0.00000       1.00000       escoval       epcoval       0.00000       0.00000       0.95000       0.20000       0.50000       0.00000       0.00000       1.00000       0.01000  
hyd262                 lattime       0.00000       1.00000       escoval       epcoval       0.00000       0.00000       0.95000       0.20000       0.50000       0.00000       0.00000       1.00000       0.01000  
hyd263                 lattime       0.00000       1.00000       escoval       epcoval       0.00000       0.00000       0.95000       0.20000       0.50000       0.00000       0.00000       1.00000       0.01000  
hyd264                 lattime       0.00000       1.00000       escoval       epcoval       0.00000       0.00000       0.95000       0.20000       0.50000       0.00000       0.00000       1.00000       0.01000  
hyd265                 lattime       0.00000       1.00000       escoval       epcoval       0.00000       0.00000       0.95000       0.20000       0.50000       0.00000       0.00000       1.00000       0.01000  
hyd266                 lattime       0.00000       1.00000       escoval       epcoval       0.00000       0.00000       0.95000       0.20000       0.50000       0.00000       0.00000       1.00000       0.01000  
hyd267                 lattime       0.00000       1.00000       escoval       epcoval       0.00000       0.00000       0.95000       0.20000       0.50000       0.00000       0.00000       1.00000       0.01000  
hyd268                 lattime       0.00000       1.00000       escoval       epcoval       0.00000       0.00000       0.95000       0.20000       0.50000       0.00000       0.00000       1.00000       0.01000  
hyd269                 lattime       0.00000       1.00000       escoval       epcoval       0.00000       0.00000       0.95000       0.20000       0.50000       0.00000       0.00000       1.00000       0.01000  
hyd270                 lattime       0.00000       1.00000       escoval       epcoval       0.00000       0.00000       0.95000       0.20000       0.50000       0.00000       0.00000       1.00000       0.01000  
hyd271                 lattime       0.00000       1.00000       escoval       epcoval       0.00000       0.00000       0.95000       0.20000       0.50000       0.00000       0.00000       1.00000       0.01000  
hyd272                 lattime       0.00000       1.00000       escoval       epcoval       0.00000       0.00000       0.95000       0.20000       0.50000       0.00000       0.00000       1.00000       0.01000  
hyd273                 lattime       0.00000       1.00000       escoval       epcoval       0.00000       0.00000       0.95000       0.20000       0.50000       0.00000       0.00000       1.00000       0.01000  
hyd274                 lattime       0.00000       1.00000       escoval       epcoval       0.00000       0.00000       0.95000       0.20000       0.50000       0.00000       0.00000       1.00000       0.01000  
hyd275                 lattime       0.00000       1.00000       escoval       epcoval       0.00000       0.00000       0.95000       0.20000       0.50000       0.00000       0.00000       1.00000       0.01000  
hyd276                 lattime       0.00000       1.00000       escoval       epcoval       0.00000       0.00000       0.95000       0.20000       0.50000       0.00000       0.00000       1.00000       0.01000  
hyd277                 lattime       0.00000       1.00000       escoval       epcoval       0.00000       0.00000       0.95000       0.20000       0.50000       0.00000       0.00000       1.00000       0.01000  
hyd278                 lattime       0.00000       1.00000       escoval       epcoval       0.00000       0.00000       0.95000       0.20000       0.50000       0.00000       0.00000       1.00000       0.01000  
hyd279                 lattime       0.00000       1.00000       escoval       epcoval       0.00000       0.00000       0.95000       0.20000       0.50000       0.00000       0.00000       1.00000       0.01000  
hyd280                 lattime       0.00000       1.00000       escoval       epcoval       0.00000       0.00000       0.95000       0.20000       0.50000       0.00000       0.00000       1.00000       0.01000  
hyd281                 lattime       0.00000       1.00000       escoval       epcoval       0.00000       0.00000       0.95000       0.20000       0.50000       0.00000       0.00000       1.00000       0.01000  
hyd282                 lattime       0.00000       1.00000       escoval       epcoval       0.00000       0.00000       0.95000       0.20000       0.50000       0.00000       0.00000       1.00000       0.01000  
hyd283                 lattime       0.00000       1.00000       escoval       epcoval       0.00000       0.00000       0.95000       0.20000       0.50000       0.00000       0.00000       1.00000       0.01000  
hyd284                 lattime       0.00000       1.00000       escoval       epcoval       0.00000       0.00000       0.95000       0.20000       0.50000       0.00000       0.00000       1.00000       0.01000  
hyd285                 lattime       0.00000       1.00000       escoval       epcoval       0.00000       0.00000       0.95000       0.20000       0.50000       0.00000       0.00000       1.00000       0.01000  
hyd286                 lattime       0.00000       1.00000       escoval       epcoval       0.00000       0.00000       0.95000       0.20000       0.50000       0.00000       0.00000       1.00000       0.01000  
hyd287                 lattime       0.00000       1.00000       escoval       epcoval       0.00000       0.00000       0.95000       0.20000       0.50000       0.00000       0.00000       1.00000       0.01000  
hyd288                 lattime       0.00000       1.00000       escoval       epcoval       0.00000       0.00000       0.95000       0.20000       0.50000       0.00000       0.00000       1.00000       0.01000  
hyd289                 lattime       0.00000       1.00000       escoval       epcoval       0.00000       0.00000       0.95000       0.20000       0.90000       0.00000       0.00000       1.00000       0.01000  
hyd290                 lattime       0.00000       1.00000       escoval       epcoval       0.00000       0.00000       0.95000       0.20000       0.90000       0.00000       0.00000       1.00000       0.01000  
hyd291                 lattime       0.00000       1.00000       escoval       epcoval       0.00000       0.00000       0.95000       0.20000       0.90000       0.00000       0.00000       1.00000       0.01000  
hyd292                 lattime       0.00000       1.00000       escoval       epcoval       0.00000       0.00000       0.95000       0.20000       0.90000       0.00000       0.00000       1.00000       0.01000  
hyd293                 lattime       0.00000       1.00000       escoval       epcoval       0.00000       0.00000       0.95000       0.20000       0.90000       0.00000       0.00000       1.00000       0.01000  
hyd294                 lattime       0.00000       1.00000       escoval       epcoval       0.00000       0.00000       0.95000       0.20000       0.90000       0.00000       0.00000       1.00000       0.01000  
hyd295                 lattime       0.00000       1.00000       escoval       epcoval       0.00000       0.00000       0.95000       0.20000       0.50000       0.00000       0.00000       1.00000       0.01000  
hyd296                 lattime       0.00000       1.00000       escoval       epcoval       0.00000       0.00000       0.95000       0.20000       0.50000       0.00000       0.00000       1.00000       0.01000  
hyd297                 lattime       0.00000       1.00000       escoval       epcoval       0.00000       0.00000       0.95000       0.20000       0.50000       0.00000       0.00000       1.00000       0.01000  
hyd298                 lattime       0.00000       1.00000       escoval       epcoval       0.00000       0.00000       0.95000       0.20000       0.50000       0.00000       0.00000       1.00000       0.01000  
hyd299                 lattime       0.00000       1.00000       escoval       epcoval       0.00000       0.00000       0.95000       0.20000       0.90000       0.00000       0.00000       1.00000       0.01000  
hyd300                 lattime       0.00000       1.00000       escoval       epcoval       0.00000       0.00000       0.95000       0.20000       0.50000       0.00000       0.00000       1.00000       0.01000  
hyd301                 lattime       0.00000       1.00000       escoval       epcoval       0.00000       0.00000       0.95000       0.20000       0.50000       0.00000       0.00000       1.00000       0.01000  
hyd302                 lattime       0.00000       1.00000       escoval       epcoval       0.00000       0.00000       0.95000       0.20000       0.90000       0.00000       0.00000       1.00000       0.01000  
hyd303                 lattime       0.00000       1.00000       escoval       epcoval       0.00000       0.00000       0.95000       0.20000       0.90000       0.00000       0.00000       1.00000       0.01000  
hyd304                 lattime       0.00000       1.00000       escoval       epcoval       0.00000       0.00000       0.95000       0.20000       0.90000       0.00000       0.00000       1.00000       0.01000  
hyd305                 lattime       0.00000       1.00000       escoval       epcoval       0.00000       0.00000       0.95000       0.20000       0.90000       0.00000       0.00000       1.00000       0.01000  
hyd306                 lattime       0.00000       1.00000       escoval       epcoval       0.00000       0.00000       0.95000       0.20000       0.50000       0.00000       0.00000       1.00000       0.01000  
hyd307                 lattime       0.00000       1.00000       escoval       epcoval       0.00000       0.00000       0.95000       0.20000       0.90000       0.00000       0.00000       1.00000       0.01000  
hyd308                 lattime       0.00000       1.00000       escoval       epcoval       0.00000       0.00000       0.95000       0.20000       0.50000       0.00000       0.00000       1.00000       0.01000  
hyd309                 lattime       0.00000       1.00000       escoval       epcoval       0.00000       0.00000       0.95000       0.20000       0.90000       0.00000       0.00000       1.00000       0.01000  
hyd310                 lattime       0.00000       1.00000       escoval       epcoval       0.00000       0.00000       0.95000       0.20000       0.50000       0.00000       0.00000       1.00000       0.01000  
hyd311                 lattime       0.00000       1.00000       escoval       epcoval       0.00000       0.00000       0.95000       0.20000       0.90000       0.00000       0.00000       1.00000       0.01000  
hyd312                 lattime       0.00000       1.00000       escoval       epcoval       0.00000       0.00000       0.95000       0.20000       0.50000       0.00000       0.00000       1.00000       0.01000  
hyd313                 lattime       0.00000       1.00000       escoval       epcoval       0.00000       0.00000       0.95000       0.20000       0.90000       0.00000       0.00000       1.00000       0.01000  
hyd314                 lattime       0.00000       1.00000       escoval       epcoval       0.00000       0.00000       0.95000       0.20000       0.50000       0.00000       0.00000       1.00000       0.01000  
hyd315                 lattime       0.00000       1.00000       escoval       epcoval       0.00000       0.00000       0.95000       0.20000       0.50000       0.00000       0.00000       1.00000       0.01000  
hyd316                 lattime       0.00000       1.00000       escoval       epcoval       0.00000       0.00000       0.95000       0.20000       0.50000       0.00000       0.00000       1.00000       0.01000  
hyd317                 lattime       0.00000       1.00000       escoval       epcoval       0.00000       0.00000       0.95000       0.20000       0.50000       0.00000       0.00000       1.00000       0.01000  
hyd318                 lattime       0.00000       1.00000       escoval       epcoval       0.00000       0.00000       0.95000       0.20000       0.50000       0.00000       0.00000       1.00000       0.01000  
hyd319                 lattime       0.00000       1.00000       escoval       epcoval       0.00000       0.00000       0.95000       0.20000       0.50000       0.00000       0.00000       1.00000       0.01000  
hyd320                 lattime       0.00000       1.00000       escoval       epcoval       0.00000       0.00000       0.95000       0.20000       0.50000       0.00000       0.00000       1.00000       0.01000  
hyd321                 lattime       0.00000       1.00000       escoval       epcoval       0.00000       0.00000       0.95000       0.20000       0.90000       0.00000       0.00000       1.00000       0.01000  
hyd322                 lattime       0.00000       1.00000       escoval       epcoval       0.00000       0.00000       0.95000       0.20000       0.90000       0.00000       0.00000       1.00000       0.01000  
hyd323                 lattime       0.00000       1.00000       escoval       epcoval       0.00000       0.00000       0.95000       0.20000       0.90000       0.00000       0.00000       1.00000       0.01000  
hyd324                 lattime       0.00000       1.00000       escoval       epcoval       0.00000       0.00000       0.95000       0.20000       0.90000       0.00000       0.00000       1.00000       0.01000  
hyd325                 lattime       0.00000       1.00000       escoval       epcoval       0.00000       0.00000       0.95000       0.20000       0.90000       0.00000       0.00000       1.00000       0.01000  
hyd326                 lattime       0.00000       1.00000       escoval       epcoval       0.00000       0.00000       0.95000       0.20000       0.50000       0.00000       0.00000       1.00000       0.01000  
hyd327                 lattime       0.00000       1.00000       escoval       epcoval       0.00000       0.00000       0.95000       0.20000       0.50000       0.00000       0.00000       1.00000       0.01000  
hyd328                 lattime       0.00000       1.00000       escoval       epcoval       0.00000       0.00000       0.95000       0.20000       0.90000       0.00000       0.00000       1.00000       0.01000  
hyd329                 lattime       0.00000       1.00000       escoval       epcoval       0.00000       0.00000       0.95000       0.20000       0.90000       0.00000       0.00000       1.00000       0.01000  
hyd330                 lattime       0.00000       1.00000       escoval       epcoval       0.00000       0.00000       0.95000       0.20000       0.90000       0.00000       0.00000       1.00000       0.01000  
hyd331                 lattime       0.00000       1.00000       escoval       epcoval       0.00000       0.00000       0.95000       0.20000       0.90000       0.00000       0.00000       1.00000       0.01000  
hyd332                 lattime       0.00000       1.00000       escoval       epcoval       0.00000       0.00000       0.95000       0.20000       0.90000       0.00000       0.00000       1.00000       0.01000  
hyd333                 lattime       0.00000       1.00000       escoval       epcoval       0.00000       0.00000       0.95000       0.20000       0.90000       0.00000       0.00000       1.00000       0.01000  
hyd334                 lattime       0.00000       1.00000       escoval       epcoval       0.00000       0.00000       0.95000       0.20000       0.90000       0.00000       0.00000       1.00000       0.01000  
hyd335                 lattime       0.00000       1.00000       escoval       epcoval       0.00000       0.00000       0.95000       0.20000       0.90000       0.00000       0.00000       1.00000       0.01000  
hyd336                 lattime       0.00000       1.00000       escoval       epcoval       0.00000       0.00000       0.95000       0.20000       0.90000       0.00000       0.00000       1.00000       0.01000  
hyd337                 lattime       0.00000       1.00000       escoval       epcoval       0.00000       0.00000       0.95000       0.20000       0.90000       0.00000       0.00000       1.00000       0.01000  
hyd338                 lattime       0.00000       1.00000       escoval       epcoval       0.00000       0.00000       0.95000       0.20000       0.90000       0.00000       0.00000       1.00000       0.01000  
hyd339                 lattime       0.00000       1.00000       escoval       epcoval       0.00000       0.00000       0.95000       0.20000       0.90000       0.00000       0.00000       1.00000       0.01000  
hyd340                 lattime       0.00000       1.00000       escoval       epcoval       0.00000       0.00000       0.95000       0.20000       0.90000       0.00000       0.00000       1.00000       0.01000  
hyd341                 lattime       0.00000       1.00000       escoval       epcoval       0.00000       0.00000       0.95000       0.20000       0.50000       0.00000       0.00000       1.00000       0.01000  
hyd342                 lattime       0.00000       1.00000       escoval       epcoval       0.00000       0.00000       0.95000       0.20000       0.90000       0.00000       0.00000       1.00000       0.01000  
hyd343                 lattime       0.00000       1.00000       escoval       epcoval       0.00000       0.00000       0.95000       0.20000       0.50000       0.00000       0.00000       1.00000       0.01000  
hyd344                 lattime       0.00000       1.00000       escoval       epcoval       0.00000       0.00000       0.95000       0.20000       0.50000       0.00000       0.00000       1.00000       0.01000  
hyd345                 lattime       0.00000       1.00000       escoval       epcoval       0.00000       0.00000       0.95000       0.20000       0.90000       0.00000       0.00000       1.00000       0.01000  
hyd346                 lattime       0.00000       1.00000       escoval       epcoval       0.00000       0.00000       0.95000       0.20000       0.50000       0.00000       0.00000       1.00000       0.01000  
hyd347                 lattime       0.00000       1.00000       escoval       epcoval       0.00000       0.00000       0.95000       0.20000       0.90000       0.00000       0.00000       1.00000       0.01000  
hyd348                 lattime       0.00000       1.00000       escoval       epcoval       0.00000       0.00000       0.95000       0.20000       0.50000       0.00000       0.00000       1.00000       0.01000  
hyd349                 lattime       0.00000       1.00000       escoval       epcoval       0.00000       0.00000       0.95000       0.20000       0.90000       0.00000       0.00000       1.00000       0.01000  
hyd350                 lattime       0.00000       1.00000       escoval       epcoval       0.00000       0.00000       0.95000       0.20000       0.90000       0.00000       0.00000       1.00000       0.01000  
hyd351                 lattime       0.00000       1.00000       escoval       epcoval       0.00000       0.00000       0.95000       0.20000       0.90000       0.00000       0.00000       1.00000       0.01000  
hyd352                 lattime       0.00000       1.00000       escoval       epcoval       0.00000       0.00000       0.95000       0.20000       0.90000       0.00000       0.00000       1.00000       0.01000  
hyd353                 lattime       0.00000       1.00000       escoval       epcoval       0.00000       0.00000       0.95000       0.20000       0.90000       0.00000       0.00000       1.00000       0.01000  
hyd354                 lattime       0.00000       1.00000       escoval       epcoval       0.00000       0.00000       0.95000       0.20000       0.90000       0.00000       0.00000       1.00000       0.01000  
hyd355                 lattime       0.00000       1.00000       escoval       epcoval       0.00000       0.00000       0.95000       0.20000       0.90000       0.00000       0.00000       1.00000       0.01000  
hyd356                 lattime       0.00000       1.00000       escoval       epcoval       0.00000       0.00000       0.95000       0.20000       0.90000       0.00000       0.00000       1.00000       0.01000  
hyd357                 lattime       0.00000       1.00000       escoval       epcoval       0.00000       0.00000       0.95000       0.20000       0.90000       0.00000       0.00000       1.00000       0.01000  
hyd358                 lattime       0.00000       1.00000       escoval       epcoval       0.00000       0.00000       0.95000       0.20000       0.90000       0.00000       0.00000       1.00000       0.01000  
hyd359                 lattime       0.00000       1.00000       escoval       epcoval       0.00000       0.00000       0.95000       0.20000       0.90000       0.00000       0.00000       1.00000       0.01000  
hyd360                 lattime       0.00000       1.00000       escoval       epcoval       0.00000       0.00000       0.95000       0.20000       0.90000       0.00000       0.00000       1.00000       0.01000  
hyd361                 lattime       0.00000       1.00000       escoval       epcoval       0.00000       0.00000       0.95000       0.20000       0.90000       0.00000       0.00000       1.00000       0.01000  
hyd362                 lattime       0.00000       1.00000       escoval       epcoval       0.00000       0.00000       0.95000       0.20000       0.90000       0.00000       0.00000       1.00000       0.01000  
hyd363                 lattime       0.00000       1.00000       escoval       epcoval       0.00000       0.00000       0.95000       0.20000       0.90000       0.00000       0.00000       1.00000       0.01000  
hyd364                 lattime       0.00000       1.00000       escoval       epcoval       0.00000       0.00000       0.95000       0.20000       0.90000       0.00000       0.00000       1.00000       0.01000  
hyd365                 lattime       0.00000       1.00000       escoval       epcoval       0.00000       0.00000       0.95000       0.20000       0.90000       0.00000       0.00000       1.00000       0.01000  
hyd366                 lattime       0.00000       1.00000       escoval       epcoval       0.00000       0.00000       0.95000       0.20000       0.90000       0.00000       0.00000       1.00000       0.01000  
hyd367                 lattime       0.00000       1.00000       escoval       epcoval       0.00000       0.00000       0.95000       0.20000       0.90000       0.00000       0.00000       1.00000       0.01000  
hyd368                 lattime       0.00000       1.00000       escoval       epcoval       0.00000       0.00000       0.95000       0.20000       0.90000       0.00000       0.00000       1.00000       0.01000  
hyd369                 lattime       0.00000       1.00000       escoval       epcoval       0.00000       0.00000       0.95000       0.20000       0.90000       0.00000       0.00000       1.00000       0.01000  
hyd370                 lattime       0.00000       1.00000       escoval       epcoval       0.00000       0.00000       0.95000       0.20000       0.90000       0.00000       0.00000       1.00000       0.01000  
hyd371                 lattime       0.00000       1.00000       escoval       epcoval       0.00000       0.00000       0.95000       0.20000       0.90000       0.00000       0.00000       1.00000       0.01000  
hyd372                 lattime       0.00000       1.00000       escoval       epcoval       0.00000       0.00000       0.95000       0.20000       0.90000       0.00000       0.00000       1.00000       0.01000  
hyd373                 lattime       0.00000       1.00000       escoval       epcoval       0.00000       0.00000       0.95000       0.20000       0.90000       0.00000       0.00000       1.00000       0.01000  
hyd374                 lattime       0.00000       1.00000       escoval       epcoval       0.00000       0.00000       0.95000       0.20000       0.90000       0.00000       0.00000       1.00000       0.01000  
hyd375                 lattime       0.00000       1.00000       escoval       epcoval       0.00000       0.00000       0.95000       0.20000       0.90000       0.00000       0.00000       1.00000       0.01000  
hyd376                 lattime       0.00000       1.00000       escoval       epcoval       0.00000       0.00000       0.95000       0.20000       0.90000       0.00000       0.00000       1.00000       0.01000  
hyd377                 lattime       0.00000       1.00000       escoval       epcoval       0.00000       0.00000       0.95000       0.20000       0.90000       0.00000       0.00000       1.00000       0.01000  
hyd378                 lattime       0.00000       1.00000       escoval       epcoval       0.00000       0.00000       0.95000       0.20000       0.90000       0.00000       0.00000       1.00000       0.01000  
hyd379                 lattime       0.00000       1.00000       escoval       epcoval       0.00000       0.00000       0.95000       0.20000       0.90000       0.00000       0.00000       1.00000       0.01000  
hyd380                 lattime       0.00000       1.00000       escoval       epcoval       0.00000       0.00000       0.95000       0.20000       0.90000       0.00000       0.00000       1.00000       0.01000  
hyd381                 lattime       0.00000       1.00000       escoval       epcoval       0.00000       0.00000       0.95000       0.20000       0.90000       0.00000       0.00000       1.00000       0.01000  
hyd382                 lattime       0.00000       1.00000       escoval       epcoval       0.00000       0.00000       0.95000       0.20000       0.90000       0.00000       0.00000       1.00000       0.01000  
hyd383                 lattime       0.00000       1.00000       escoval       epcoval       0.00000       0.00000       0.95000       0.20000       0.90000       0.00000       0.00000       1.00000       0.01000  
hyd384                 lattime       0.00000       1.00000       escoval       epcoval       0.00000       0.00000       0.95000       0.20000       0.90000       0.00000       0.00000       1.00000       0.01000  
hyd385                 lattime       0.00000       1.00000       escoval       epcoval       0.00000       0.00000       0.95000       0.20000       0.90000       0.00000       0.00000       1.00000       0.01000  
hyd386                 lattime       0.00000       1.00000       escoval       epcoval       0.00000       0.00000       0.95000       0.20000       0.90000       0.00000       0.00000       1.00000       0.01000  
hyd387                 lattime       0.00000       1.00000       escoval       epcoval       0.00000       0.00000       0.95000       0.20000       0.90000       0.00000       0.00000       1.00000       0.01000  
hyd388                 lattime       0.00000       1.00000       escoval       epcoval       0.00000       0.00000       0.95000       0.20000       0.90000       0.00000       0.00000       1.00000       0.01000  
hyd389                 lattime       0.00000       1.00000       escoval       epcoval       0.00000       0.00000       0.95000       0.20000       0.90000       0.00000       0.00000       1.00000       0.01000  
hyd390                 lattime       0.00000       1.00000       escoval       epcoval       0.00000       0.00000       0.95000       0.20000       0.90000       0.00000       0.00000       1.00000       0.01000  
hyd391                 lattime       0.00000       1.00000       escoval       epcoval       0.00000       0.00000       0.95000       0.20000       0.90000       0.00000       0.00000       1.00000       0.01000  
hyd392                 lattime       0.00000       1.00000       escoval       epcoval       0.00000       0.00000       0.95000       0.20000       0.90000       0.00000       0.00000       1.00000       0.01000  
hyd393                 lattime       0.00000       1.00000       escoval       epcoval       0.00000       0.00000       0.95000       0.20000       0.90000       0.00000       0.00000       1.00000       0.01000  
hyd394                 lattime       0.00000       1.00000       escoval       epcoval       0.00000       0.00000       0.95000       0.20000       0.90000       0.00000       0.00000       1.00000       0.01000  
hyd395                 lattime       0.00000       1.00000       escoval       epcoval       0.00000       0.00000       0.95000       0.20000       0.90000       0.00000       0.00000       1.00000       0.01000  
hyd396                 lattime       0.00000       1.00000       escoval       epcoval       0.00000       0.00000       0.95000       0.20000       0.50000       0.00000       0.00000       1.00000       0.01000  
hyd397                 lattime       0.00000       1.00000       escoval       epcoval       0.00000       0.00000       0.95000       0.20000       0.50000       0.00000       0.00000       1.00000       0.01000  
hyd398                 lattime       0.00000       1.00000       escoval       epcoval       0.00000       0.00000       0.95000       0.20000       0.50000       0.00000       0.00000       1.00000       0.01000  
hyd399                 lattime       0.00000       1.00000       escoval       epcoval       0.00000       0.00000       0.95000       0.20000       0.50000       0.00000       0.00000       1.00000       0.01000  
hyd400                 lattime       0.00000       1.00000       escoval       epcoval       0.00000       0.00000       0.95000       0.20000       0.50000       0.00000       0.00000       1.00000       0.01000  
hyd401                 lattime       0.00000       1.00000       escoval       epcoval       0.00000       0.00000       0.95000       0.20000       0.50000       0.00000       0.00000       1.00000       0.01000  
hyd402                 lattime       0.00000       1.00000       escoval       epcoval       0.00000       0.00000       0.95000       0.20000       0.50000       0.00000       0.00000       1.00000       0.01000  
hyd403                 lattime       0.00000       1.00000       escoval       epcoval       0.00000       0.00000       0.95000       0.20000       0.50000       0.00000       0.00000       1.00000       0.01000  
hyd404                 lattime       0.00000       1.00000       escoval       epcoval       0.00000       0.00000       0.95000       0.20000       0.50000       0.00000       0.00000       1.00000       0.01000  
hyd405                 lattime       0.00000       1.00000       escoval       epcoval       0.00000       0.00000       0.95000       0.20000       0.50000       0.00000       0.00000       1.00000       0.01000  
hyd406                 lattime       0.00000       1.00000       escoval       epcoval       0.00000       0.00000       0.95000       0.20000       0.50000       0.00000       0.00000       1.00000       0.01000  
hyd407                 lattime       0.00000       1.00000       escoval       epcoval       0.00000       0.00000       0.95000       0.20000       0.50000       0.00000       0.00000       1.00000       0.01000  
hyd408                 lattime       0.00000       1.00000       escoval       epcoval       0.00000       0.00000       0.95000       0.20000       0.50000       0.00000       0.00000       1.00000       0.01000  
hyd409                 lattime       0.00000       1.00000       escoval       epcoval       0.00000       0.00000       0.95000       0.20000       0.50000       0.00000       0.00000       1.00000       0.01000  
hyd410                 lattime       0.00000       1.00000       escoval       epcoval       0.00000       0.00000       0.95000       0.20000       0.50000       0.00000       0.00000       1.00000       0.01000  
hyd411                 lattime       0.00000       1.00000       escoval       epcoval       0.00000       0.00000       0.95000       0.20000       0.50000       0.00000       0.00000       1.00000       0.01000  
hyd412                 lattime       0.00000       1.00000       escoval       epcoval       0.00000       0.00000       0.95000       0.20000       0.50000       0.00000       0.00000       1.00000       0.01000  
hyd413                 lattime       0.00000       1.00000       escoval       epcoval       0.00000       0.00000       0.95000       0.20000       0.50000       0.00000       0.00000       1.00000       0.01000  
hyd414                 lattime       0.00000       1.00000       escoval       epcoval       0.00000       0.00000       0.95000       0.20000       0.50000       0.00000       0.00000       1.00000       0.01000  
hyd415                 lattime       0.00000       1.00000       escoval       epcoval       0.00000       0.00000       0.95000       0.20000       0.50000       0.00000       0.00000       1.00000       0.01000  
hyd416                 lattime       0.00000       1.00000       escoval       epcoval       0.00000       0.00000       0.95000       0.20000       0.50000       0.00000       0.00000       1.00000       0.01000  
hyd417                 lattime       0.00000       1.00000       escoval       epcoval       0.00000       0.00000       0.95000       0.20000       0.50000       0.00000       0.00000       1.00000       0.01000  
hyd418                 lattime       0.00000       1.00000       escoval       epcoval       0.00000       0.00000       0.95000       0.20000       0.50000       0.00000       0.00000       1.00000       0.01000  
hyd419                 lattime       0.00000       1.00000       escoval       epcoval       0.00000       0.00000       0.95000       0.20000       0.50000       0.00000       0.00000       1.00000       0.01000  
hyd420                 lattime       0.00000       1.00000       escoval       epcoval       0.00000       0.00000       0.95000       0.20000       0.50000       0.00000       0.00000       1.00000       0.01000  
hyd421                 lattime       0.00000       1.00000       escoval       epcoval       0.00000       0.00000       0.95000       0.20000       0.50000       0.00000       0.00000       1.00000       0.01000  
hyd422                 lattime       0.00000       1.00000       escoval       epcoval       0.00000       0.00000       0.95000       0.20000       0.50000       0.00000       0.00000       1.00000       0.01000  
hyd423                 lattime       0.00000       1.00000       escoval       epcoval       0.00000       0.00000       0.95000       0.20000       0.50000       0.00000       0.00000       1.00000       0.01000  
hyd424                 lattime       0.00000       1.00000       escoval       epcoval       0.00000       0.00000       0.95000       0.20000       0.50000       0.00000       0.00000       1.00000       0.01000  
hyd425                 lattime       0.00000       1.00000       escoval       epcoval       0.00000       0.00000       0.95000       0.20000       0.50000       0.00000       0.00000       1.00000       0.01000  
hyd426                 lattime       0.00000       1.00000       escoval       epcoval       0.00000       0.00000       0.95000       0.20000       0.50000       0.00000       0.00000       1.00000       0.01000  
hyd427                 lattime       0.00000       1.00000       escoval       epcoval       0.00000       0.00000       0.95000       0.20000       0.50000       0.00000       0.00000       1.00000       0.01000  
hyd428                 lattime       0.00000       1.00000       escoval       epcoval       0.00000       0.00000       0.95000       0.20000       0.50000       0.00000       0.00000       1.00000       0.01000  
hyd429                 lattime       0.00000       1.00000       escoval       epcoval       0.00000       0.00000       0.95000       0.20000       0.90000       0.00000       0.00000       1.00000       0.01000  
hyd430                 lattime       0.00000       1.00000       escoval       epcoval       0.00000       0.00000       0.95000       0.20000       0.90000       0.00000       0.00000       1.00000       0.01000  
hyd431                 lattime       0.00000       1.00000       escoval       epcoval       0.00000       0.00000       0.95000       0.20000       0.90000       0.00000       0.00000       1.00000       0.01000  
hyd432                 lattime       0.00000       1.00000       escoval       epcoval       0.00000       0.00000       0.95000       0.20000       0.90000       0.00000       0.00000       1.00000       0.01000  
hyd433                 lattime       0.00000       1.00000       escoval       epcoval       0.00000       0.00000       0.95000       0.20000       0.90000       0.00000       0.00000       1.00000       0.01000  
hyd434                 lattime       0.00000       1.00000       escoval       epcoval       0.00000       0.00000       0.95000       0.20000       0.90000       0.00000       0.00000       1.00000       0.01000  
hyd435                 lattime       0.00000       1.00000       escoval       epcoval       0.00000       0.00000       0.95000       0.20000       0.90000       0.00000       0.00000       1.00000       0.01000  
hyd436                 lattime       0.00000       1.00000       escoval       epcoval       0.00000       0.00000       0.95000       0.20000       0.90000       0.00000       0.00000       1.00000       0.01000  
hyd437                 lattime       0.00000       1.00000       escoval       epcoval       0.00000       0.00000       0.95000       0.20000       0.90000       0.00000       0.00000       1.00000       0.01000  
hyd438                 lattime       0.00000       1.00000       escoval       epcoval       0.00000       0.00000       0.95000       0.20000       0.90000       0.00000       0.00000       1.00000       0.01000  
hyd439                 lattime       0.00000       1.00000       escoval       epcoval       0.00000       0.00000       0.95000       0.20000       0.90000       0.00000       0.00000       1.00000       0.01000  
hyd440                 lattime       0.00000       1.00000       escoval       epcoval       0.00000       0.00000       0.95000       0.20000       0.90000       0.00000       0.00000       1.00000       0.01000  
hyd441                 lattime       0.00000       1.00000       escoval       epcoval       0.00000       0.00000       0.95000       0.20000       0.90000       0.00000       0.00000       1.00000       0.01000  
hyd442                 lattime       0.00000       1.00000       escoval       epcoval       0.00000       0.00000       0.95000       0.20000       0.90000       0.00000       0.00000       1.00000       0.01000  
hyd443                 lattime       0.00000       1.00000       escoval       epcoval       0.00000       0.00000       0.95000       0.20000       0.90000       0.00000       0.00000       1.00000       0.01000  
hyd444                 lattime       0.00000       1.00000       escoval       epcoval       0.00000       0.00000       0.95000       0.20000       0.90000       0.00000       0.00000       1.00000       0.01000  
hyd445                 lattime       0.00000       1.00000       escoval       epcoval       0.00000       0.00000       0.95000       0.20000       0.90000       0.00000       0.00000       1.00000       0.01000  
hyd446                 lattime       0.00000       1.00000       escoval       epcoval       0.00000       0.00000       0.95000       0.20000       0.90000       0.00000       0.00000       1.00000       0.01000  
hyd447                 lattime       0.00000       1.00000       escoval       epcoval       0.00000       0.00000       0.95000       0.20000       0.90000       0.00000       0.00000       1.00000       0.01000  
hyd448                 lattime       0.00000       1.00000       escoval       epcoval       0.00000       0.00000       0.95000       0.20000       0.90000       0.00000       0.00000       1.00000       0.01000  
hyd449                 lattime       0.00000       1.00000       escoval       epcoval       0.00000       0.00000       0.95000       0.20000       0.90000       0.00000       0.00000       1.00000       0.01000  
hyd450                 lattime       0.00000       1.00000       escoval       epcoval       0.00000       0.00000       0.95000       0.20000       0.90000       0.00000       0.00000       1.00000       0.01000  
hyd451                 lattime       0.00000       1.00000       escoval       epcoval       0.00000       0.00000       0.95000       0.20000       0.90000       0.00000       0.00000       1.00000       0.01000  
hyd452                 lattime       0.00000       1.00000       escoval       epcoval       0.00000       0.00000       0.95000       0.20000       0.90000       0.00000       0.00000       1.00000       0.01000  
hyd453                 lattime       0.00000       1.00000       escoval       epcoval       0.00000       0.00000       0.95000       0.20000       0.90000       0.00000       0.00000       1.00000       0.01000  
hyd454                 lattime       0.00000       1.00000       escoval       epcoval       0.00000       0.00000       0.95000       0.20000       0.90000       0.00000       0.00000       1.00000       0.01000  
hyd455                 lattime       0.00000       1.00000       escoval       epcoval       0.00000       0.00000       0.95000       0.20000       0.90000       0.00000       0.00000       1.00000       0.01000  
hyd456                 lattime       0.00000       1.00000       escoval       epcoval       0.00000       0.00000       0.95000       0.20000       0.90000       0.00000       0.00000       1.00000       0.01000  
hyd457                 lattime       0.00000       1.00000       escoval       epcoval       0.00000       0.00000       0.95000       0.20000       0.90000       0.00000       0.00000       1.00000       0.01000  
hyd458                 lattime       0.00000       1.00000       escoval       epcoval       0.00000       0.00000       0.95000       0.20000       0.90000       0.00000       0.00000       1.00000       0.01000  
hyd459                 lattime       0.00000       1.00000       escoval       epcoval       0.00000       0.00000       0.95000       0.20000       0.90000       0.00000       0.00000       1.00000       0.01000  
hyd460                 lattime       0.00000       1.00000       escoval       epcoval       0.00000       0.00000       0.95000       0.20000       0.90000       0.00000       0.00000       1.00000       0.01000  
hyd461                 lattime       0.00000       1.00000       escoval       epcoval       0.00000       0.00000       0.95000       0.20000       0.90000       0.00000       0.00000       1.00000       0.01000  
hyd462                 lattime       0.00000       1.00000       escoval       epcoval       0.00000       0.00000       0.95000       0.20000       0.90000       0.00000       0.00000       1.00000       0.01000  
hyd463                 lattime       0.00000       1.00000       escoval       epcoval       0.00000       0.00000       0.95000       0.20000       0.90000       0.00000       0.00000       1.00000       0.01000  
hyd464                 lattime       0.00000       1.00000       escoval       epcoval       0.00000       0.00000       0.95000       0.20000       0.90000       0.00000       0.00000       1.00000       0.01000  
hyd465                 lattime       0.00000       1.00000       escoval       epcoval       0.00000       0.00000       0.95000       0.20000       0.90000       0.00000       0.00000       1.00000       0.01000  
hyd466                 lattime       0.00000       1.00000       escoval       epcoval       0.00000       0.00000       0.95000       0.20000       0.90000       0.00000       0.00000       1.00000       0.01000  
hyd467                 lattime       0.00000       1.00000       escoval       epcoval       0.00000       0.00000       0.95000       0.20000       0.90000       0.00000       0.00000       1.00000       0.01000  
hyd468                 lattime       0.00000       1.00000       escoval       epcoval       0.00000       0.00000       0.95000       0.20000       0.90000       0.00000       0.00000       1.00000       0.01000  
hyd469                 lattime       0.00000       1.00000       escoval       epcoval       0.00000       0.00000       0.95000       0.20000       0.90000       0.00000       0.00000       1.00000       0.01000  
hyd470                 lattime       0.00000       1.00000       escoval       epcoval       0.00000       0.00000       0.95000       0.20000       0.90000       0.00000       0.00000       1.00000       0.01000  
hyd471                 lattime       0.00000       1.00000       escoval       epcoval       0.00000       0.00000       0.95000       0.20000       0.50000       0.00000       0.00000       1.00000       0.01000  
hyd472                 lattime       0.00000       1.00000       escoval       epcoval       0.00000       0.00000       0.95000       0.20000       0.50000       0.00000       0.00000       1.00000       0.01000  
hyd473                 lattime       0.00000       1.00000       escoval       epcoval       0.00000       0.00000       0.95000       0.20000       0.50000       0.00000       0.00000       1.00000       0.01000  
hyd474                 lattime       0.00000       1.00000       escoval       epcoval       0.00000       0.00000       0.95000       0.20000       0.50000       0.00000       0.00000       1.00000       0.01000  
hyd475                 lattime       0.00000       1.00000       escoval       epcoval       0.00000       0.00000       0.95000       0.20000       0.50000       0.00000       0.00000       1.00000       0.01000  
hyd476                 lattime       0.00000       1.00000       escoval       epcoval       0.00000       0.00000       0.95000       0.20000       0.50000       0.00000       0.00000       1.00000       0.01000  
hyd477                 lattime       0.00000       1.00000       escoval       epcoval       0.00000       0.00000       0.95000       0.20000       0.50000       0.00000       0.00000       1.00000       0.01000  
hyd478                 lattime       0.00000       1.00000       escoval       epcoval       0.00000       0.00000       0.95000       0.20000       0.50000       0.00000       0.00000       1.00000       0.01000  
hyd479                 lattime       0.00000       1.00000       escoval       epcoval       0.00000       0.00000       0.95000       0.20000       0.50000       0.00000       0.00000       1.00000       0.01000  
hyd480                 lattime       0.00000       1.00000       escoval       epcoval       0.00000       0.00000       0.95000       0.20000       0.50000       0.00000       0.00000       1.00000       0.01000  
hyd481                 lattime       0.00000       1.00000       escoval       epcoval       0.00000       0.00000       0.95000       0.20000       0.50000       0.00000       0.00000       1.00000       0.01000  
hyd482                 lattime       0.00000       1.00000       escoval       epcoval       0.00000       0.00000       0.95000       0.20000       0.50000       0.00000       0.00000       1.00000       0.01000  
hyd483                 lattime       0.00000       1.00000       escoval       epcoval       0.00000       0.00000       0.95000       0.20000       0.50000       0.00000       0.00000       1.00000       0.01000  
hyd484                 lattime       0.00000       1.00000       escoval       epcoval       0.00000       0.00000       0.95000       0.20000       0.50000       0.00000       0.00000       1.00000       0.01000  
hyd485                 lattime       0.00000       1.00000       escoval       epcoval       0.00000       0.00000       0.95000       0.20000       0.50000       0.00000       0.00000       1.00000       0.01000  
hyd486                 lattime       0.00000       1.00000       escoval       epcoval       0.00000       0.00000       0.95000       0.20000       0.50000       0.00000       0.00000       1.00000       0.01000  
hyd487                 lattime       0.00000       1.00000       escoval       epcoval       0.00000       0.00000       0.95000       0.20000       0.50000       0.00000       0.00000       1.00000       0.01000  
hyd488                 lattime       0.00000       1.00000       escoval       epcoval       0.00000       0.00000       0.95000       0.20000       0.50000       0.00000       0.00000       1.00000       0.01000  
hyd489                 lattime       0.00000       1.00000       escoval       epcoval       0.00000       0.00000       0.95000       0.20000       0.50000       0.00000       0.00000       1.00000       0.01000  
hyd490                 lattime       0.00000       1.00000       escoval       epcoval       0.00000       0.00000       0.95000       0.20000       0.50000       0.00000       0.00000       1.00000       0.01000  
hyd491                 lattime       0.00000       1.00000       escoval       epcoval       0.00000       0.00000       0.95000       0.20000       0.50000       0.00000       0.00000       1.00000       0.01000  
hyd492                 lattime       0.00000       1.00000       escoval       epcoval       0.00000       0.00000       0.95000       0.20000       0.50000       0.00000       0.00000       1.00000       0.01000  
hyd493                 lattime       0.00000       1.00000       escoval       epcoval       0.00000       0.00000       0.95000       0.20000       0.50000       0.00000       0.00000       1.00000       0.01000  
hyd494                 lattime       0.00000       1.00000       escoval       epcoval       0.00000       0.00000       0.95000       0.20000       0.50000       0.00000       0.00000       1.00000       0.01000  
hyd495                 lattime       0.00000       1.00000       escoval       epcoval       0.00000       0.00000       0.95000       0.20000       0.50000       0.00000       0.00000       1.00000       0.01000  
hyd496                 lattime       0.00000       1.00000       escoval       epcoval       0.00000       0.00000       0.95000       0.20000       0.50000       0.00000       0.00000       1.00000       0.01000  
hyd497                 lattime       0.00000       1.00000       escoval       epcoval       0.00000       0.00000       0.95000       0.20000       0.50000       0.00000       0.00000       1.00000       0.01000  
hyd498                 lattime       0.00000       1.00000       escoval       epcoval       0.00000       0.00000       0.95000       0.20000       0.50000       0.00000       0.00000       1.00000       0.01000  
hyd499                 lattime       0.00000       1.00000       escoval       epcoval       0.00000       0.00000       0.95000       0.20000       0.50000       0.00000       0.00000       1.00000       0.01000  
hyd500                 lattime       0.00000       1.00000       escoval       epcoval       0.00000       0.00000       0.95000       0.20000       0.50000       0.00000       0.00000       1.00000       0.01000  
hyd501                 lattime       0.00000       1.00000       escoval       epcoval       0.00000       0.00000       0.95000       0.20000       0.50000       0.00000       0.00000       1.00000       0.01000  
hyd502                 lattime       0.00000       1.00000       escoval       epcoval       0.00000       0.00000       0.95000       0.20000       0.50000       0.00000       0.00000       1.00000       0.01000  
hyd503                 lattime       0.00000       1.00000       escoval       epcoval       0.00000       0.00000       0.95000       0.20000       0.90000       0.00000       0.00000       1.00000       0.01000  
hyd504                 lattime       0.00000       1.00000       escoval       epcoval       0.00000       0.00000       0.95000       0.20000       0.90000       0.00000       0.00000       1.00000       0.01000  
hyd505                 lattime       0.00000       1.00000       escoval       epcoval       0.00000       0.00000       0.95000       0.20000       0.90000       0.00000       0.00000       1.00000       0.01000  
hyd506                 lattime       0.00000       1.00000       escoval       epcoval       0.00000       0.00000       0.95000       0.20000       0.90000       0.00000       0.00000       1.00000       0.01000  
hyd507                 lattime       0.00000       1.00000       escoval       epcoval       0.00000       0.00000       0.95000       0.20000       0.90000       0.00000       0.00000       1.00000       0.01000  
hyd508                 lattime       0.00000       1.00000       escoval       epcoval       0.00000       0.00000       0.95000       0.20000       0.90000       0.00000       0.00000       1.00000       0.01000  
hyd509                 lattime       0.00000       1.00000       escoval       epcoval       0.00000       0.00000       0.95000       0.20000       0.90000       0.00000       0.00000       1.00000       0.01000  
hyd510                 lattime       0.00000       1.00000       escoval       epcoval       0.00000       0.00000       0.95000       0.20000       0.90000       0.00000       0.00000       1.00000       0.01000  
hyd511                 lattime       0.00000       1.00000       escoval       epcoval       0.00000       0.00000       0.95000       0.20000       0.90000       0.00000       0.00000       1.00000       0.01000  
hyd512                 lattime       0.00000       1.00000       escoval       epcoval       0.00000       0.00000       0.95000       0.20000       0.90000       0.00000       0.00000       1.00000       0.01000  
hyd513                 lattime       0.00000       1.00000       escoval       epcoval       0.00000       0.00000       0.95000       0.20000       0.90000       0.00000       0.00000       1.00000       0.01000  
hyd514                 lattime       0.00000       1.00000       escoval       epcoval       0.00000       0.00000       0.95000       0.20000       0.90000       0.00000       0.00000       1.00000       0.01000  
hyd515                 lattime       0.00000       1.00000       escoval       epcoval       0.00000       0.00000       0.95000       0.20000       0.90000       0.00000       0.00000       1.00000       0.01000  
hyd516                 lattime       0.00000       1.00000       escoval       epcoval       0.00000       0.00000       0.95000       0.20000       0.90000       0.00000       0.00000       1.00000       0.01000  
hyd517                 lattime       0.00000       1.00000       escoval       epcoval       0.00000       0.00000       0.95000       0.20000       0.90000       0.00000       0.00000       1.00000       0.01000  
hyd518                 lattime       0.00000       1.00000       escoval       epcoval       0.00000       0.00000       0.95000       0.20000       0.90000       0.00000       0.00000       1.00000       0.01000  
hyd519                 lattime       0.00000       1.00000       escoval       epcoval       0.00000       0.00000       0.95000       0.20000       0.90000       0.00000       0.00000       1.00000       0.01000  
hyd520                 lattime       0.00000       1.00000       escoval       epcoval       0.00000       0.00000       0.95000       0.20000       0.90000       0.00000       0.00000       1.00000       0.01000  
hyd521                 lattime       0.00000       1.00000       escoval       epcoval       0.00000       0.00000       0.95000       0.20000       0.90000       0.00000       0.00000       1.00000       0.01000  
hyd522                 lattime       0.00000       1.00000       escoval       epcoval       0.00000       0.00000       0.95000       0.20000       0.90000       0.00000       0.00000       1.00000       0.01000  
hyd523                 lattime       0.00000       1.00000       escoval       epcoval       0.00000       0.00000       0.95000       0.20000       0.90000       0.00000       0.00000       1.00000       0.01000  
hyd524                 lattime       0.00000       1.00000       escoval       epcoval       0.00000       0.00000       0.95000       0.20000       0.90000       0.00000       0.00000       1.00000       0.01000  
hyd525                 lattime       0.00000       1.00000       escoval       epcoval       0.00000       0.00000       0.95000       0.20000       0.90000       0.00000       0.00000       1.00000       0.01000  
hyd526                 lattime       0.00000       1.00000       escoval       epcoval       0.00000       0.00000       0.95000       0.20000       0.90000       0.00000       0.00000       1.00000       0.01000  
hyd527                 lattime       0.00000       1.00000       escoval       epcoval       0.00000       0.00000       0.95000       0.20000       0.90000       0.00000       0.00000       1.00000       0.01000  
hyd528                 lattime       0.00000       1.00000       escoval       epcoval       0.00000       0.00000       0.95000       0.20000       0.90000       0.00000       0.00000       1.00000       0.01000  
hyd529                 lattime       0.00000       1.00000       escoval       epcoval       0.00000       0.00000       0.95000       0.20000       0.90000       0.00000       0.00000       1.00000       0.01000  
hyd530                 lattime       0.00000       1.00000       escoval       epcoval       0.00000       0.00000       0.95000       0.20000       0.90000       0.00000       0.00000       1.00000       0.01000  
hyd531                 lattime       0.00000       1.00000       escoval       epcoval       0.00000       0.00000       0.95000       0.20000       0.90000       0.00000       0.00000       1.00000       0.01000  
hyd532                 lattime       0.00000       1.00000       escoval       epcoval       0.00000       0.00000       0.95000       0.20000       0.90000       0.00000       0.00000       1.00000       0.01000  
hyd533                 lattime       0.00000       1.00000       escoval       epcoval       0.00000       0.00000       0.95000       0.20000       0.90000       0.00000       0.00000       1.00000       0.01000  
hyd534                 lattime       0.00000       1.00000       escoval       epcoval       0.00000       0.00000       0.95000       0.20000       0.90000       0.00000       0.00000       1.00000       0.01000  
hyd535                 lattime       0.00000       1.00000       escoval       epcoval       0.00000       0.00000       0.95000       0.20000       0.90000       0.00000       0.00000       1.00000       0.01000  
hyd536                 lattime       0.00000       1.00000       escoval       epcoval       0.00000       0.00000       0.95000       0.20000       0.90000       0.00000       0.00000       1.00000       0.01000  
hyd537                 lattime       0.00000       1.00000       escoval       epcoval       0.00000       0.00000       0.95000       0.20000       0.90000       0.00000       0.00000       1.00000       0.01000  
hyd538                 lattime       0.00000       1.00000       escoval       epcoval       0.00000       0.00000       0.95000       0.20000       0.90000       0.00000       0.00000       1.00000       0.01000  
hyd539                 lattime       0.00000       1.00000       escoval       epcoval       0.00000       0.00000       0.95000       0.20000       0.90000       0.00000       0.00000       1.00000       0.01000  
hyd540                 lattime       0.00000       1.00000       escoval       epcoval       0.00000       0.00000       0.95000       0.20000       0.90000       0.00000       0.00000       1.00000       0.01000  
hyd541                 lattime       0.00000       1.00000       escoval       epcoval       0.00000       0.00000       0.95000       0.20000       0.90000       0.00000       0.00000       1.00000       0.01000  
hyd542                 lattime       0.00000       1.00000       escoval       epcoval       0.00000       0.00000       0.95000       0.20000       0.90000       0.00000       0.00000       1.00000       0.01000  
hyd543                 lattime       0.00000       1.00000       escoval       epcoval       0.00000       0.00000       0.95000       0.20000       0.90000       0.00000       0.00000       1.00000       0.01000  
hyd544                 lattime       0.00000       1.00000       escoval       epcoval       0.00000       0.00000       0.95000       0.20000       0.90000       0.00000       0.00000       1.00000       0.01000  
hyd545                 lattime       0.00000       1.00000       escoval       epcoval       0.00000       0.00000       0.95000       0.20000       0.90000       0.00000       0.00000       1.00000       0.01000  
hyd546                 lattime       0.00000       1.00000       escoval       epcoval       0.00000       0.00000       0.95000       0.20000       0.90000       0.00000       0.00000       1.00000       0.01000  
hyd547                 lattime       0.00000       1.00000       escoval       epcoval       0.00000       0.00000       0.95000       0.20000       0.90000       0.00000       0.00000       1.00000       0.01000  
hyd548                 lattime       0.00000       1.00000       escoval       epcoval       0.00000       0.00000       0.95000       0.20000       0.90000       0.00000       0.00000       1.00000       0.01000  
hyd549                 lattime       0.00000       1.00000       escoval       epcoval       0.00000       0.00000       0.95000       0.20000       0.90000       0.00000       0.00000       1.00000       0.01000  
hyd550                 lattime       0.00000       1.00000       escoval       epcoval       0.00000       0.00000       0.95000       0.20000       0.90000       0.00000       0.00000       1.00000       0.01000  
hyd551                 lattime       0.00000       1.00000       escoval       epcoval       0.00000       0.00000       0.95000       0.20000       0.90000       0.00000       0.00000       1.00000       0.01000  
hyd552                 lattime       0.00000       1.00000       escoval       epcoval       0.00000       0.00000       0.95000       0.20000       0.90000       0.00000       0.00000       1.00000       0.01000  
hyd553                 lattime       0.00000       1.00000       escoval       epcoval       0.00000       0.00000       0.95000       0.20000       0.90000       0.00000       0.00000       1.00000       0.01000  
hyd554                 lattime       0.00000       1.00000       escoval       epcoval       0.00000       0.00000       0.95000       0.20000       0.90000       0.00000       0.00000       1.00000       0.01000  
hyd555                 lattime       0.00000       1.00000       escoval       epcoval       0.00000       0.00000       0.95000       0.20000       0.90000       0.00000       0.00000       1.00000       0.01000  
hyd556                 lattime       0.00000       1.00000       escoval       epcoval       0.00000       0.00000       0.95000       0.20000       0.90000       0.00000       0.00000       1.00000       0.01000  
hyd557                 lattime       0.00000       1.00000       escoval       epcoval       0.00000       0.00000       0.95000       0.20000       0.90000       0.00000       0.00000       1.00000       0.01000  
hyd558                 lattime       0.00000       1.00000       escoval       epcoval       0.00000       0.00000       0.95000       0.20000       0.90000       0.00000       0.00000       1.00000       0.01000  
hyd559                 lattime       0.00000       1.00000       escoval       epcoval       0.00000       0.00000       0.95000       0.20000       0.90000       0.00000       0.00000       1.00000       0.01000  
hyd560                 lattime       0.00000       1.00000       escoval       epcoval       0.00000       0.00000       0.95000       0.20000       0.90000       0.00000       0.00000       1.00000       0.01000  
hyd561                 lattime       0.00000       1.00000       escoval       epcoval       0.00000       0.00000       0.95000       0.20000       0.90000       0.00000       0.00000       1.00000       0.01000  
hyd562                 lattime       0.00000       1.00000       escoval       epcoval       0.00000       0.00000       0.95000       0.20000       0.90000       0.00000       0.00000       1.00000       0.01000  
hyd563                 lattime       0.00000       1.00000       escoval       epcoval       0.00000       0.00000       0.95000       0.20000       0.90000       0.00000       0.00000       1.00000       0.01000  
hyd564                 lattime       0.00000       1.00000       escoval       epcoval       0.00000       0.00000       0.95000       0.20000       0.90000       0.00000       0.00000       1.00000       0.01000  
hyd565                 lattime       0.00000       1.00000       escoval       epcoval       0.00000       0.00000       0.95000       0.20000       0.90000       0.00000       0.00000       1.00000       0.01000  
hyd566                 lattime       0.00000       1.00000       escoval       epcoval       0.00000       0.00000       0.95000       0.20000       0.90000       0.00000       0.00000       1.00000       0.01000  
hyd567                 lattime       0.00000       1.00000       escoval       epcoval       0.00000       0.00000       0.95000       0.20000       0.90000       0.00000       0.00000       1.00000       0.01000  
hyd568                 lattime       0.00000       1.00000       escoval       epcoval       0.00000       0.00000       0.95000       0.20000       0.90000       0.00000       0.00000       1.00000       0.01000  
hyd569                 lattime       0.00000       1.00000       escoval       epcoval       0.00000       0.00000       0.95000       0.20000       0.90000       0.00000       0.00000       1.00000       0.01000  
hyd570                 lattime       0.00000       1.00000       escoval       epcoval       0.00000       0.00000       0.95000       0.20000       0.90000       0.00000       0.00000       1.00000       0.01000  
hyd571                 lattime       0.00000       1.00000       escoval       epcoval       0.00000       0.00000       0.95000       0.20000       0.90000       0.00000       0.00000       1.00000       0.01000  
hyd572                 lattime       0.00000       1.00000       escoval       epcoval       0.00000       0.00000       0.95000       0.20000       0.90000       0.00000       0.00000       1.00000       0.01000  
hyd573                 lattime       0.00000       1.00000       escoval       epcoval       0.00000       0.00000       0.95000       0.20000       0.90000       0.00000       0.00000       1.00000       0.01000  
hyd574                 lattime       0.00000       1.00000       escoval       epcoval       0.00000       0.00000       0.95000       0.20000       0.90000       0.00000       0.00000       1.00000       0.01000  
hyd575                 lattime       0.00000       1.00000       escoval       epcoval       0.00000       0.00000       0.95000       0.20000       0.90000       0.00000       0.00000       1.00000       0.01000  
hyd576                 lattime       0.00000       1.00000       escoval       epcoval       0.00000       0.00000       0.95000       0.20000       0.90000       0.00000       0.00000       1.00000       0.01000  
hyd577                 lattime       0.00000       1.00000       escoval       epcoval       0.00000       0.00000       0.95000       0.20000       0.90000       0.00000       0.00000       1.00000       0.01000  
hyd578                 lattime       0.00000       1.00000       escoval       epcoval       0.00000       0.00000       0.95000       0.20000       0.90000       0.00000       0.00000       1.00000       0.01000  
hyd579                 lattime       0.00000       1.00000       escoval       epcoval       0.00000       0.00000       0.95000       0.20000       0.90000       0.00000       0.00000       1.00000       0.01000  
hyd580                 lattime       0.00000       1.00000       escoval       epcoval       0.00000       0.00000       0.95000       0.20000       0.90000       0.00000       0.00000       1.00000       0.01000  
hyd581                 lattime       0.00000       1.00000       escoval       epcoval       0.00000       0.00000       0.95000       0.20000       0.90000       0.00000       0.00000       1.00000       0.01000  
hyd582                 lattime       0.00000       1.00000       escoval       epcoval       0.00000       0.00000       0.95000       0.20000       0.90000       0.00000       0.00000       1.00000       0.01000  
hyd583                 lattime       0.00000       1.00000       escoval       epcoval       0.00000       0.00000       0.95000       0.20000       0.90000       0.00000       0.00000       1.00000       0.01000  
hyd584                 lattime       0.00000       1.00000       escoval       epcoval       0.00000       0.00000       0.95000       0.20000       0.90000       0.00000       0.00000       1.00000       0.01000  
hyd585                 lattime       0.00000       1.00000       escoval       epcoval       0.00000       0.00000       0.95000       0.20000       0.90000       0.00000       0.00000       1.00000       0.01000  
hyd586                 lattime       0.00000       1.00000       escoval       epcoval       0.00000       0.00000       0.95000       0.20000       0.90000       0.00000       0.00000       1.00000       0.01000  
hyd587                 lattime       0.00000       1.00000       escoval       epcoval       0.00000       0.00000       0.95000       0.20000       0.90000       0.00000       0.00000       1.00000       0.01000  
hyd588                 lattime       0.00000       1.00000       escoval       epcoval       0.00000       0.00000       0.95000       0.20000       0.90000       0.00000       0.00000       1.00000       0.01000  
hyd589                 lattime       0.00000       1.00000       escoval       epcoval       0.00000       0.00000       0.95000       0.20000       0.90000       0.00000       0.00000       1.00000       0.01000  
hyd590                 lattime       0.00000       1.00000       escoval       epcoval       0.00000       0.00000       0.95000       0.20000       0.90000       0.00000       0.00000       1.00000       0.01000  
hyd591                 lattime       0.00000       1.00000       escoval       epcoval       0.00000       0.00000       0.95000       0.20000       0.90000       0.00000       0.00000       1.00000       0.01000  
hyd592                 lattime       0.00000       1.00000       escoval       epcoval       0.00000       0.00000       0.95000       0.20000       0.90000       0.00000       0.00000       1.00000       0.01000  
hyd593                 lattime       0.00000       1.00000       escoval       epcoval       0.00000       0.00000       0.95000       0.20000       0.90000       0.00000       0.00000       1.00000       0.01000  
hyd594                 lattime       0.00000       1.00000       escoval       epcoval       0.00000       0.00000       0.95000       0.20000       0.90000       0.00000       0.00000       1.00000       0.01000  
hyd595                 lattime       0.00000       1.00000       escoval       epcoval       0.00000       0.00000       0.95000       0.20000       0.90000       0.00000       0.00000       1.00000       0.01000  
hyd596                 lattime       0.00000       1.00000       escoval       epcoval       0.00000       0.00000       0.95000       0.20000       0.90000       0.00000       0.00000       1.00000       0.01000  
hyd597                 lattime       0.00000       1.00000       escoval       epcoval       0.00000       0.00000       0.95000       0.20000       0.90000       0.00000       0.00000       1.00000       0.01000  
hyd598                 lattime       0.00000       1.00000       escoval       epcoval       0.00000       0.00000       0.95000       0.20000       0.90000       0.00000       0.00000       1.00000       0.01000  
hyd599                 lattime       0.00000       1.00000       escoval       epcoval       0.00000       0.00000       0.95000       0.20000       0.90000       0.00000       0.00000       1.00000       0.01000  
hyd600                 lattime       0.00000       1.00000       escoval       epcoval       0.00000       0.00000       0.95000       0.20000       0.90000       0.00000       0.00000       1.00000       0.01000  
hyd601                 lattime       0.00000       1.00000       escoval       epcoval       0.00000       0.00000       0.95000       0.20000       0.90000       0.00000       0.00000       1.00000       0.01000  
hyd602                 lattime       0.00000       1.00000       escoval       epcoval       0.00000       0.00000       0.95000       0.20000       0.90000       0.00000       0.00000       1.00000       0.01000  
hyd603                 lattime       0.00000       1.00000       escoval       epcoval       0.00000       0.00000       0.95000       0.20000       0.90000       0.00000       0.00000       1.00000       0.01000  
hyd604                 lattime       0.00000       1.00000       escoval       epcoval       0.00000       0.00000       0.95000       0.20000       0.90000       0.00000       0.00000       1.00000       0.01000  
hyd605                 lattime       0.00000       1.00000       escoval       epcoval       0.00000       0.00000       0.95000       0.20000       0.90000       0.00000       0.00000       1.00000       0.01000  
hyd606                 lattime       0.00000       1.00000       escoval       epcoval       0.00000       0.00000       0.95000       0.20000       0.90000       0.00000       0.00000       1.00000       0.01000  
hyd607                 lattime       0.00000       1.00000       escoval       epcoval       0.00000       0.00000       0.95000       0.20000       0.90000       0.00000       0.00000       1.00000       0.01000  
hyd608                 lattime       0.00000       1.00000       escoval       epcoval       0.00000       0.00000       0.95000       0.20000       0.90000       0.00000       0.00000       1.00000       0.01000  
hyd609                 lattime       0.00000       1.00000       escoval       epcoval       0.00000       0.00000       0.95000       0.20000       0.90000       0.00000       0.00000       1.00000       0.01000  
hyd610                 lattime       0.00000       1.00000       escoval       epcoval       0.00000       0.00000       0.95000       0.20000       0.90000       0.00000       0.00000       1.00000       0.01000  
hyd611                 lattime       0.00000       1.00000       escoval       epcoval       0.00000       0.00000       0.95000       0.20000       0.90000       0.00000       0.00000       1.00000       0.01000  
hyd612                 lattime       0.00000       1.00000       escoval       epcoval       0.00000       0.00000       0.95000       0.20000       0.90000       0.00000       0.00000       1.00000       0.01000  
hyd613                 lattime       0.00000       1.00000       escoval       epcoval       0.00000       0.00000       0.95000       0.20000       0.90000       0.00000       0.00000       1.00000       0.01000  
hyd614                 lattime       0.00000       1.00000       escoval       epcoval       0.00000       0.00000       0.95000       0.20000       0.90000       0.00000       0.00000       1.00000       0.01000  
hyd615                 lattime       0.00000       1.00000       escoval       epcoval       0.00000       0.00000       0.95000       0.20000       0.90000       0.00000       0.00000       1.00000       0.01000  
hyd616                 lattime       0.00000       1.00000       escoval       epcoval       0.00000       0.00000       0.95000       0.20000       0.90000       0.00000       0.00000       1.00000       0.01000  
hyd617                 lattime       0.00000       1.00000       escoval       epcoval       0.00000       0.00000       0.95000       0.20000       0.90000       0.00000       0.00000       1.00000       0.01000  
hyd618                 lattime       0.00000       1.00000       escoval       epcoval       0.00000       0.00000       0.95000       0.20000       0.90000       0.00000       0.00000       1.00000       0.01000  
hyd619                 lattime       0.00000       1.00000       escoval       epcoval       0.00000       0.00000       0.95000       0.20000       0.90000       0.00000       0.00000       1.00000       0.01000  
hyd620                 lattime       0.00000       1.00000       escoval       epcoval       0.00000       0.00000       0.95000       0.20000       0.90000       0.00000       0.00000       1.00000       0.01000  
hyd621                 lattime       0.00000       1.00000       escoval       epcoval       0.00000       0.00000       0.95000       0.20000       0.90000       0.00000       0.00000       1.00000       0.01000  
hyd622                 lattime       0.00000       1.00000       escoval       epcoval       0.00000       0.00000       0.95000       0.20000       0.90000       0.00000       0.00000       1.00000       0.01000  
hyd623                 lattime       0.00000       1.00000       escoval       epcoval       0.00000       0.00000       0.95000       0.20000       0.90000       0.00000       0.00000       1.00000       0.01000  
hyd624                 lattime       0.00000       1.00000       escoval       epcoval       0.00000       0.00000       0.95000       0.20000       0.90000       0.00000       0.00000       1.00000       0.01000  
hyd625                 lattime       0.00000       1.00000       escoval       epcoval       0.00000       0.00000       0.95000       0.20000       0.90000       0.00000       0.00000       1.00000       0.01000  
hyd626                 lattime       0.00000       1.00000       escoval       epcoval       0.00000       0.00000       0.95000       0.20000       0.90000       0.00000       0.00000       1.00000       0.01000  
hyd627                 lattime       0.00000       1.00000       escoval       epcoval       0.00000       0.00000       0.95000       0.20000       0.90000       0.00000       0.00000       1.00000       0.01000  
hyd628                 lattime       0.00000       1.00000       escoval       epcoval       0.00000       0.00000       0.95000       0.20000       0.90000       0.00000       0.00000       1.00000       0.01000  
hyd629                 lattime       0.00000       1.00000       escoval       epcoval       0.00000       0.00000       0.95000       0.20000       0.90000       0.00000       0.00000       1.00000       0.01000  
hyd630                 lattime       0.00000       1.00000       escoval       epcoval       0.00000       0.00000       0.95000       0.20000       0.90000       0.00000       0.00000       1.00000       0.01000  
hyd631                 lattime       0.00000       1.00000       escoval       epcoval       0.00000       0.00000       0.95000       0.20000       0.90000       0.00000       0.00000       1.00000       0.01000  
hyd632                 lattime       0.00000       1.00000       escoval       epcoval       0.00000       0.00000       0.95000       0.20000       0.90000       0.00000       0.00000       1.00000       0.01000  
hyd633                 lattime       0.00000       1.00000       escoval       epcoval       0.00000       0.00000       0.95000       0.20000       0.90000       0.00000       0.00000       1.00000       0.01000  
hyd634                 lattime       0.00000       1.00000       escoval       epcoval       0.00000       0.00000       0.95000       0.20000       0.90000       0.00000       0.00000       1.00000       0.01000  
hyd635                 lattime       0.00000       1.00000       escoval       epcoval       0.00000       0.00000       0.95000       0.20000       0.90000       0.00000       0.00000       1.00000       0.01000  
hyd636                 lattime       0.00000       1.00000       escoval       epcoval       0.00000       0.00000       0.95000       0.20000       0.50000       0.00000       0.00000       1.00000       0.01000  
hyd637                 lattime       0.00000       1.00000       escoval       epcoval       0.00000       0.00000       0.95000       0.20000       0.50000       0.00000       0.00000       1.00000       0.01000  
hyd638                 lattime       0.00000       1.00000       escoval       epcoval       0.00000       0.00000       0.95000       0.20000       0.50000       0.00000       0.00000       1.00000       0.01000  
hyd639                 lattime       0.00000       1.00000       escoval       epcoval       0.00000       0.00000       0.95000       0.20000       0.50000       0.00000       0.00000       1.00000       0.01000  
hyd640                 lattime       0.00000       1.00000       escoval       epcoval       0.00000       0.00000       0.95000       0.20000       0.50000       0.00000       0.00000       1.00000       0.01000  
hyd641                 lattime       0.00000       1.00000       escoval       epcoval       0.00000       0.00000       0.95000       0.20000       0.50000       0.00000       0.00000       1.00000       0.01000  
hyd642                 lattime       0.00000       1.00000       escoval       epcoval       0.00000       0.00000       0.95000       0.20000       0.50000       0.00000       0.00000       1.00000       0.01000  
hyd643                 lattime       0.00000       1.00000       escoval       epcoval       0.00000       0.00000       0.95000       0.20000       0.50000       0.00000       0.00000       1.00000       0.01000  
hyd644                 lattime       0.00000       1.00000       escoval       epcoval       0.00000       0.00000       0.95000       0.20000       0.90000       0.00000       0.00000       1.00000       0.01000  
hyd645                 lattime       0.00000       1.00000       escoval       epcoval       0.00000       0.00000       0.95000       0.20000       0.50000       0.00000       0.00000       1.00000       0.01000  
hyd646                 lattime       0.00000       1.00000       escoval       epcoval       0.00000       0.00000       0.95000       0.20000       0.50000       0.00000       0.00000       1.00000       0.01000  
hyd647                 lattime       0.00000       1.00000       escoval       epcoval       0.00000       0.00000       0.95000       0.20000       0.50000       0.00000       0.00000       1.00000       0.01000  
hyd648                 lattime       0.00000       1.00000       escoval       epcoval       0.00000       0.00000       0.95000       0.20000       0.50000       0.00000       0.00000       1.00000       0.01000  
hyd649                 lattime       0.00000       1.00000       escoval       epcoval       0.00000       0.00000       0.95000       0.20000       0.50000       0.00000       0.00000       1.00000       0.01000  
hyd650                 lattime       0.00000       1.00000       escoval       epcoval       0.00000       0.00000       0.95000       0.20000       0.50000       0.00000       0.00000       1.00000       0.01000  
hyd651                 lattime       0.00000       1.00000       escoval       epcoval       0.00000       0.00000       0.95000       0.20000       0.50000       0.00000       0.00000       1.00000       0.01000  
hyd652                 lattime       0.00000       1.00000       escoval       epcoval       0.00000       0.00000       0.95000       0.20000       0.50000       0.00000       0.00000       1.00000       0.01000  
hyd653                 lattime       0.00000       1.00000       escoval       epcoval       0.00000       0.00000       0.95000       0.20000       0.50000       0.00000       0.00000       1.00000       0.01000  
hyd654                 lattime       0.00000       1.00000       escoval       epcoval       0.00000       0.00000       0.95000       0.20000       0.50000       0.00000       0.00000       1.00000       0.01000  
hyd655                 lattime       0.00000       1.00000       escoval       epcoval       0.00000       0.00000       0.95000       0.20000       0.50000       0.00000       0.00000       1.00000       0.01000  
hyd656                 lattime       0.00000       1.00000       escoval       epcoval       0.00000       0.00000       0.95000       0.20000       0.50000       0.00000       0.00000       1.00000       0.01000  
hyd657                 lattime       0.00000       1.00000       escoval       epcoval       0.00000       0.00000       0.95000       0.20000       0.50000       0.00000       0.00000       1.00000       0.01000  
hyd658                 lattime       0.00000       1.00000       escoval       epcoval       0.00000       0.00000       0.95000       0.20000       0.50000       0.00000       0.00000       1.00000       0.01000  
hyd659                 lattime       0.00000       1.00000       escoval       epcoval       0.00000       0.00000       0.95000       0.20000       0.50000       0.00000       0.00000       1.00000       0.01000  
hyd660                 lattime       0.00000       1.00000       escoval       epcoval       0.00000       0.00000       0.95000       0.20000       0.50000       0.00000       0.00000       1.00000       0.01000  
hyd661                 lattime       0.00000       1.00000       escoval       epcoval       0.00000       0.00000       0.95000       0.20000       0.50000       0.00000       0.00000       1.00000       0.01000  
hyd662                 lattime       0.00000       1.00000       escoval       epcoval       0.00000       0.00000       0.95000       0.20000       0.50000       0.00000       0.00000       1.00000       0.01000  
hyd663                 lattime       0.00000       1.00000       escoval       epcoval       0.00000       0.00000       0.95000       0.20000       0.50000       0.00000       0.00000       1.00000       0.01000  
hyd664                 lattime       0.00000       1.00000       escoval       epcoval       0.00000       0.00000       0.95000       0.20000       0.50000       0.00000       0.00000       1.00000       0.01000  
hyd665                 lattime       0.00000       1.00000       escoval       epcoval       0.00000       0.00000       0.95000       0.20000       0.50000       0.00000       0.00000       1.00000       0.01000  
hyd666                 lattime       0.00000       1.00000       escoval       epcoval       0.00000       0.00000       0.95000       0.20000       0.50000       0.00000       0.00000       1.00000       0.01000  
hyd667                 lattime       0.00000       1.00000       escoval       epcoval       0.00000       0.00000       0.95000       0.20000       0.50000       0.00000       0.00000       1.00000       0.01000  
hyd668                 lattime       0.00000       1.00000       escoval       epcoval       0.00000       0.00000       0.95000       0.20000       0.50000       0.00000       0.00000       1.00000       0.01000  
hyd669                 lattime       0.00000       1.00000       escoval       epcoval       0.00000       0.00000       0.95000       0.20000       0.50000       0.00000       0.00000       1.00000       0.01000  
hyd670                 lattime       0.00000       1.00000       escoval       epcoval       0.00000       0.00000       0.95000       0.20000       0.50000       0.00000       0.00000       1.00000       0.01000  
hyd671                 lattime       0.00000       1.00000       escoval       epcoval       0.00000       0.00000       0.95000       0.20000       0.50000       0.00000       0.00000       1.00000       0.01000  
hyd672                 lattime       0.00000       1.00000       escoval       epcoval       0.00000       0.00000       0.95000       0.20000       0.50000       0.00000       0.00000       1.00000       0.01000  
hyd673                 lattime       0.00000       1.00000       escoval       epcoval       0.00000       0.00000       0.95000       0.20000       0.50000       0.00000       0.00000       1.00000       0.01000  
hyd674                 lattime       0.00000       1.00000       escoval       epcoval       0.00000       0.00000       0.95000       0.20000       0.50000       0.00000       0.00000       1.00000       0.01000  
hyd675                 lattime       0.00000       1.00000       escoval       epcoval       0.00000       0.00000       0.95000       0.20000       0.50000       0.00000       0.00000       1.00000       0.01000  
hyd676                 lattime       0.00000       1.00000       escoval       epcoval       0.00000       0.00000       0.95000       0.20000       0.50000       0.00000       0.00000       1.00000       0.01000  
hyd677                 lattime       0.00000       1.00000       escoval       epcoval       0.00000       0.00000       0.95000       0.20000       0.50000       0.00000       0.00000       1.00000       0.01000  
hyd678                 lattime       0.00000       1.00000       escoval       epcoval       0.00000       0.00000       0.95000       0.20000       0.50000       0.00000       0.00000       1.00000       0.01000  
hyd679                 lattime       0.00000       1.00000       escoval       epcoval       0.00000       0.00000       0.95000       0.20000       0.50000       0.00000       0.00000       1.00000       0.01000  
hyd680                 lattime       0.00000       1.00000       escoval       epcoval       0.00000       0.00000       0.95000       0.20000       0.50000       0.00000       0.00000       1.00000       0.01000  
hyd681                 lattime       0.00000       1.00000       escoval       epcoval       0.00000       0.00000       0.95000       0.20000       0.50000       0.00000       0.00000       1.00000       0.01000  
hyd682                 lattime       0.00000       1.00000       escoval       epcoval       0.00000       0.00000       0.95000       0.20000       0.50000       0.00000       0.00000       1.00000       0.01000  
hyd683                 lattime       0.00000       1.00000       escoval       epcoval       0.00000       0.00000       0.95000       0.20000       0.50000       0.00000       0.00000       1.00000       0.01000  
hyd684                 lattime       0.00000       1.00000       escoval       epcoval       0.00000       0.00000       0.95000       0.20000       0.50000       0.00000       0.00000       1.00000       0.01000  
hyd685                 lattime       0.00000       1.00000       escoval       epcoval       0.00000       0.00000       0.95000       0.20000       0.50000       0.00000       0.00000       1.00000       0.01000  
hyd686                 lattime       0.00000       1.00000       escoval       epcoval       0.00000       0.00000       0.95000       0.20000       0.50000       0.00000       0.00000       1.00000       0.01000  
hyd687                 lattime       0.00000       1.00000       escoval       epcoval       0.00000       0.00000       0.95000       0.20000       0.50000       0.00000       0.00000       1.00000       0.01000  
hyd688                 lattime       0.00000       1.00000       escoval       epcoval       0.00000       0.00000       0.95000       0.20000       0.90000       0.00000       0.00000       1.00000       0.01000  
hyd689                 lattime       0.00000       1.00000       escoval       epcoval       0.00000       0.00000       0.95000       0.20000       0.90000       0.00000       0.00000       1.00000       0.01000  
hyd690                 lattime       0.00000       1.00000       escoval       epcoval       0.00000       0.00000       0.95000       0.20000       0.90000       0.00000       0.00000       1.00000       0.01000  
hyd691                 lattime       0.00000       1.00000       escoval       epcoval       0.00000       0.00000       0.95000       0.20000       0.90000       0.00000       0.00000       1.00000       0.01000  
hyd692                 lattime       0.00000       1.00000       escoval       epcoval       0.00000       0.00000       0.95000       0.20000       0.90000       0.00000       0.00000       1.00000       0.01000  
hyd693                 lattime       0.00000       1.00000       escoval       epcoval       0.00000       0.00000       0.95000       0.20000       0.90000       0.00000       0.00000       1.00000       0.01000  
hyd694                 lattime       0.00000       1.00000       escoval       epcoval       0.00000       0.00000       0.95000       0.20000       0.90000       0.00000       0.00000       1.00000       0.01000  
hyd695                 lattime       0.00000       1.00000       escoval       epcoval       0.00000       0.00000       0.95000       0.20000       0.90000       0.00000       0.00000       1.00000       0.01000  
hyd696                 lattime       0.00000       1.00000       escoval       epcoval       0.00000       0.00000       0.95000       0.20000       0.90000       0.00000       0.00000       1.00000       0.01000  
hyd697                 lattime       0.00000       1.00000       escoval       epcoval       0.00000       0.00000       0.95000       0.20000       0.90000       0.00000       0.00000       1.00000       0.01000  
hyd698                 lattime       0.00000       1.00000       escoval       epcoval       0.00000       0.00000       0.95000       0.20000       0.90000       0.00000       0.00000       1.00000       0.01000  
hyd699                 lattime       0.00000       1.00000       escoval       epcoval       0.00000       0.00000       0.95000       0.20000       0.90000       0.00000       0.00000       1.00000       0.01000  
hyd700                 lattime       0.00000       1.00000       escoval       epcoval       0.00000       0.00000       0.95000       0.20000       0.50000       0.00000       0.00000       1.00000       0.01000  
hyd701                 lattime       0.00000       1.00000       escoval       epcoval       0.00000       0.00000       0.95000       0.20000       0.50000       0.00000       0.00000       1.00000       0.01000  
hyd702                 lattime       0.00000       1.00000       escoval       epcoval       0.00000       0.00000       0.95000       0.20000       0.50000       0.00000       0.00000       1.00000       0.01000  
hyd703                 lattime       0.00000       1.00000       escoval       epcoval       0.00000       0.00000       0.95000       0.20000       0.50000       0.00000       0.00000       1.00000       0.01000  
hyd704                 lattime       0.00000       1.00000       escoval       epcoval       0.00000       0.00000       0.95000       0.20000       0.50000       0.00000       0.00000       1.00000       0.01000  
hyd705                 lattime       0.00000       1.00000       escoval       epcoval       0.00000       0.00000       0.95000       0.20000       0.50000       0.00000       0.00000       1.00000       0.01000  
hyd706                 lattime       0.00000       1.00000       escoval       epcoval       0.00000       0.00000       0.95000       0.20000       0.50000       0.00000       0.00000       1.00000       0.01000  
hyd707                 lattime       0.00000       1.00000       escoval       epcoval       0.00000       0.00000       0.95000       0.20000       0.50000       0.00000       0.00000       1.00000       0.01000  
hyd708                 lattime       0.00000       1.00000       escoval       epcoval       0.00000       0.00000       0.95000       0.20000       0.50000       0.00000       0.00000       1.00000       0.01000  
hyd709                 lattime       0.00000       1.00000       escoval       epcoval       0.00000       0.00000       0.95000       0.20000       0.50000       0.00000       0.00000       1.00000       0.01000  
hyd710                 lattime       0.00000       1.00000       escoval       epcoval       0.00000       0.00000       0.95000       0.20000       0.50000       0.00000       0.00000       1.00000       0.01000  
hyd711                 lattime       0.00000       1.00000       escoval       epcoval       0.00000       0.00000       0.95000       0.20000       0.50000       0.00000       0.00000       1.00000       0.01000  
hyd712                 lattime       0.00000       1.00000       escoval       epcoval       0.00000       0.00000       0.95000       0.20000       0.50000       0.00000       0.00000       1.00000       0.01000  
hyd713                 lattime       0.00000       1.00000       escoval       epcoval       0.00000       0.00000       0.95000       0.20000       0.50000       0.00000       0.00000       1.00000       0.01000  
hyd714                 lattime       0.00000       1.00000       escoval       epcoval       0.00000       0.00000       0.95000       0.20000       0.50000       0.00000       0.00000       1.00000       0.01000  
